Year,Country,Pollution Rank,Pollution Index,Exp Pollution Index
2012.01,Sudan,1,149.17,216.1
2012.01,Sri Lanka,2,135.83,194.46
2012.01,Iran,3,131.85,188.55
2012.01,Morocco,4,125.83,185.35
2012.01,Egypt,5,125.71,177.41
2012.01,Zimbabwe,6,124.17,184.33
2012.01,China,7,122.8,170.96
2012.01,Philippines,8,116.65,160.94
2012.01,Bangladesh,9,116.25,163.04
2012.01,Saudi Arabia,10,112.5,156.7
2012.01,Bosnia And Herzegovina,11,112.42,159.48
2012.01,Venezuela,12,110,160.77
2012.01,Russia,13,104.67,142.88
2012.01,Chile,14,103.75,150.33
2012.01,India,15,102.91,139
2012.01,Thailand,16,101.61,141.15
2012.01,Pakistan,17,101.33,138.35
2012.01,Ukraine,18,100.24,136.83
2012.01,Puerto Rico,19,99.17,133.11
2012.01,Bulgaria,20,98.48,134.38
2012.01,Mexico,21,93.5,127.79
2012.01,Romania,22,91.92,123.63
2012.01,Colombia,23,91.46,124.25
2012.01,Malaysia,24,91.25,125.35
2012.01,Hungary,25,90.25,129.33
2012.01,Argentina,26,90,128.36
2012.01,Hong Kong,27,89.58,146.8
2012.01,Turkey,28,89.23,118.7
2012.01,South Africa,29,88.96,119.13
2012.01,Belgium,30,88.33,120.99
2012.01,Greece,31,87.77,118.5
2012.01,Spain,32,85.62,113.05
2012.01,Italy,33,85.48,117.19
2012.01,Poland,34,83.75,114.15
2012.01,Brazil,35,82.92,112.38
2012.01,Serbia,36,80.97,110.68
2012.01,Singapore,37,70.83,93.89
2012.01,United Arab Emirates,38,69.17,91.05
2012.01,Czech Republic,39,65.99,92.24
2012.01,United Kingdom,40,64.43,86.41
2012.01,France,41,61.82,84.68
2012.01,United States,42,61.27,77.7
2012.01,Tunisia,43,59.58,77.41
2012.01,Jordan,44,58,90.2
2012.01,Japan,45,52.5,74.37
2012.01,Portugal,46,51.91,68.32
2012.01,Croatia,47,49.94,69.35
2012.01,Israel,48,48.75,69.37
2012.01,Ireland,49,45.17,63.99
2012.01,Germany,50,45.14,58.08
2012.01,Indonesia,51,43.84,58.02
2012.01,Austria,52,42.84,59.78
2012.01,Netherlands,53,41.67,60.3
2012.01,Canada,54,41.59,52.33
2012.01,Australia,55,37.25,45.01
2012.01,Switzerland,56,35.49,54.8
2012.01,Slovenia,57,35,48.02
2012.01,Denmark,58,34.17,50.18
2012.01,Sweden,59,32.5,43.85
2012.01,Costa Rica,60,25,59.04
2012.01,Finland,61,24.38,35.51
2012.01,Norway,62,19.22,23.23
2012.01,New Zealand,63,17.08,27.49
2012.01,Iceland,64,7.08,12.69
2013.01,Ghana,1,113.79,212.16
2013.01,Peru,2,97.18,177.2
2013.01,Bangladesh,3,96.93,175.61
2013.01,Jamaica,4,96.84,176.66
2013.01,Nigeria,5,94.83,182.44
2013.01,El Salvador,6,93.1,172.48
2013.01,Iran,7,90.23,168.81
2013.01,Egypt,8,89.86,160.84
2013.01,Myanmar,9,89.52,166.97
2013.01,China,10,89.35,164.12
2013.01,Mongolia,11,88.97,171.09
2013.01,Sri Lanka,12,88.18,160.78
2013.01,Lebanon,13,88.05,158.24
2013.01,Albania,14,87.36,162.61
2013.01,Pakistan,15,86.96,157.42
2013.01,Trinidad And Tobago,16,86.78,156.83
2013.01,Indonesia,17,85.14,151.24
2013.01,Bahamas,18,85.06,152.21
2013.01,Nepal,19,83.37,149.53
2013.01,Qatar,20,82.76,157.18
2013.01,Turkey,21,82,146.13
2013.01,Venezuela,22,81.89,146.91
2013.01,Saudi Arabia,23,80.55,148.47
2013.01,Morocco,24,80.25,145.87
2013.01,Kazakhstan,25,79.6,150.42
2013.01,Bulgaria,26,78.86,143.47
2013.01,Guyana,27,78.74,149.18
2013.01,Russia,28,78.29,138.6
2013.01,India,29,77.48,136.91
2013.01,Armenia,30,77.3,141.07
2013.01,Laos,31,76.29,140.56
2013.01,South Korea,32,75.57,140.38
2013.01,Philippines,33,74.84,131.79
2013.01,North Macedonia,34,74.43,150.71
2013.01,Chile,35,74.2,135.75
2013.01,Bolivia,36,73.79,159.45
2013.01,Thailand,37,72.12,127.24
2013.01,Azerbaijan,38,71.55,128.03
2013.01,Taiwan,39,71.48,129.41
2013.01,Malta,40,71.19,126.09
2013.01,Colombia,41,68.26,127.61
2013.01,Bosnia And Herzegovina,42,67.63,119.84
2013.01,Malaysia,43,67.35,116.96
2013.01,Ukraine,44,67.28,119.79
2013.01,Cambodia,45,66.38,118.46
2013.01,Mexico,46,66.08,115.12
2013.01,Tunisia,47,65.93,118.78
2013.01,Algeria,48,65.8,115.18
2013.01,Hong Kong,49,64.95,122.21
2013.01,Georgia,50,64.83,114.81
2013.01,Romania,51,63.34,108.86
2013.01,Zimbabwe,52,63.05,117.44
2013.01,Greece,53,62.69,109.83
2013.01,Tanzania,54,61.78,106.87
2013.01,Ethiopia,55,60.06,106.41
2013.01,Israel,56,59.54,110.25
2013.01,South Africa,57,58.99,101.03
2013.01,Italy,58,58.86,101.76
2013.01,Ecuador,59,58.55,100.52
2013.01,United Arab Emirates,60,58.37,103.16
2013.01,Libya,61,56.98,97.55
2013.01,Brazil,62,56.5,96.87
2013.01,Cyprus,63,56.44,97.15
2013.01,Argentina,64,55.56,97.17
2013.01,Fiji,65,55.26,99.1
2013.01,Jordan,66,54.6,98.21
2013.01,Kyrgyzstan,67,54.6,95.43
2013.01,Puerto Rico,68,54.02,94.17
2013.01,Sudan,69,53.91,96.29
2013.01,Kenya,70,53.45,90.61
2013.01,Hungary,71,53.27,92.29
2013.01,Serbia,72,52.79,91.22
2013.01,Paraguay,73,51.55,92.41
2013.01,Poland,74,50.02,83.98
2013.01,Costa Rica,75,49.82,91.29
2013.01,Belgium,76,49.63,83.83
2013.01,Singapore,77,49.5,84.77
2013.01,Panama,78,48.08,91.43
2013.01,Belize,79,46.55,82.78
2013.01,Spain,80,46.52,76.93
2013.01,Vietnam,81,46.38,77.24
2013.01,Montenegro,82,44.58,76.6
2013.01,Croatia,83,42,73.35
2013.01,Uganda,84,41.95,77.77
2013.01,France,85,41.3,68.6
2013.01,Czech Republic,86,40.1,70.46
2013.01,Latvia,87,38.79,66.37
2013.01,Mauritius,88,38.36,73.02
2013.01,Belarus,89,36.23,65.02
2013.01,United Kingdom,90,36.02,60.07
2013.01,Brunei,91,35.06,70.84
2013.01,Portugal,92,35,59.56
2013.01,Slovakia,93,34.4,60.06
2013.01,Denmark,94,34.29,59.04
2013.01,Japan,95,33.68,59.15
2013.01,United States,96,32.53,57.83
2013.01,Uruguay,97,30.46,65.58
2013.01,Ireland,98,29.76,53.01
2013.01,Austria,99,28.81,49.5
2013.01,Germany,100,28.43,45.69
2013.01,Slovenia,101,28.17,50.69
2013.01,Netherlands,102,28.08,50.94
2013.01,Canada,103,26.52,43.51
2013.01,Lithuania,104,25.17,46.83
2013.01,Norway,105,23.35,37.24
2013.01,Switzerland,106,22.97,42.07
2013.01,New Zealand,107,21.8,38.08
2013.01,Australia,108,20.89,33.03
2013.01,Sweden,109,18.79,31.13
2013.01,Finland,110,18.53,28.91
2013.01,Estonia,111,16.38,41.4
2013.01,Iceland,112,9.85,18.03
2014.01,Ghana,1,111.18,204.26
2014.01,Bangladesh,2,95.87,173.32
2014.01,Mongolia,3,94.98,178.36
2014.01,Egypt,4,91.23,164.41
2014.01,Peru,5,88.65,160.95
2014.01,Myanmar,6,86.93,159.17
2014.01,Lebanon,7,86.72,155.13
2014.01,El Salvador,8,86.28,158.06
2014.01,Iran,9,86.07,158.56
2014.01,Trinidad And Tobago,10,85.71,153.94
2014.01,Nepal,11,85.43,152.22
2014.01,North Macedonia,12,85.35,161.5
2014.01,China,13,84.72,154.49
2014.01,Azerbaijan,14,82.02,146.73
2014.01,Jordan,15,81.84,145.45
2014.01,Qatar,16,81.03,144.69
2014.01,Jamaica,17,80.86,143.81
2014.01,Pakistan,18,80.25,142.77
2014.01,Laos,19,78.91,143.06
2014.01,Albania,20,77.3,140.48
2014.01,Turkey,21,77.11,135.42
2014.01,Russia,22,76.45,135.43
2014.01,Guatemala,23,75.92,134.33
2014.01,Philippines,24,74.88,131.61
2014.01,Cambodia,25,74.71,135.79
2014.01,Tunisia,26,74.55,132.18
2014.01,Kazakhstan,27,74.36,136.03
2014.01,India,28,74.34,130.21
2014.01,Sri Lanka,29,74.26,132.11
2014.01,South Korea,30,74.24,136.21
2014.01,Venezuela,31,73.96,130.6
2014.01,Bolivia,32,73.79,159.45
2014.01,Indonesia,33,73.78,129.13
2014.01,Ukraine,34,73.32,131.25
2014.01,Vietnam,35,72.62,126.49
2014.01,Armenia,36,71.57,131.76
2014.01,Saudi Arabia,37,71.54,127.93
2014.01,Mexico,38,71.17,124.38
2014.01,Thailand,39,71.13,123.48
2014.01,Chile,40,70.98,129.51
2014.01,Taiwan,41,70.81,127.01
2014.01,Moldova,42,70.34,125.24
2014.01,Morocco,43,70.1,122.73
2014.01,Malta,44,68.92,121.88
2014.01,Dominican Republic,45,68.76,120.36
2014.01,Guyana,46,67.67,121.07
2014.01,Bulgaria,47,66.72,119.35
2014.01,Colombia,48,65.67,120.14
2014.01,Georgia,49,65.28,115.72
2014.01,Ethiopia,50,64.89,115.97
2014.01,Tanzania,51,64.47,111.41
2014.01,Hong Kong,52,63.79,118.3
2014.01,Israel,53,63.75,113.21
2014.01,Libya,54,63.54,109.6
2014.01,Algeria,55,62.59,107.55
2014.01,Romania,56,62.55,107.89
2014.01,Malaysia,57,61.12,104.78
2014.01,Kyrgyzstan,58,61.03,111.94
2014.01,Sudan,59,61.01,107.64
2014.01,Kenya,60,60.71,104.25
2014.01,Italy,61,60.42,105.32
2014.01,Kuwait,62,59.99,106.34
2014.01,Costa Rica,63,59.57,105.92
2014.01,Zimbabwe,64,58.36,109.68
2014.01,Bosnia And Herzegovina,65,58.22,100.68
2014.01,South Africa,66,57.93,99.35
2014.01,Brazil,67,57.58,98.75
2014.01,Paraguay,68,57.47,104.26
2014.01,Argentina,69,57.45,99.66
2014.01,Belgium,70,56.16,96.62
2014.01,Mauritius,71,53.86,99.12
2014.01,United Arab Emirates,72,53.84,93.28
2014.01,Ecuador,73,53.66,91.71
2014.01,Fiji,74,52.06,90.32
2014.01,Poland,75,50.54,85.42
2014.01,Panama,76,49.85,91.93
2014.01,Spain,77,49.76,82.97
2014.01,Serbia,78,49.56,84.36
2014.01,Hungary,79,48.33,83.12
2014.01,Belize,80,47.59,84.93
2014.01,Puerto Rico,81,47.41,81.09
2014.01,France,82,46.92,78.33
2014.01,Cyprus,83,46.14,77.41
2014.01,Greece,84,45.28,75.41
2014.01,Luxembourg,85,45.17,77.12
2014.01,Montenegro,86,44.58,76.6
2014.01,Latvia,87,43.61,71.74
2014.01,Belarus,88,42.72,72.43
2014.01,Singapore,89,41.93,71.02
2014.01,Slovakia,90,40.81,71.38
2014.01,Japan,91,40.78,68.58
2014.01,Brunei,92,38.45,67.73
2014.01,Czech Republic,93,38.34,66.41
2014.01,Syria,94,35.92,57.78
2014.01,United States,95,35.13,59.81
2014.01,Denmark,96,34.76,56.09
2014.01,United Kingdom,97,33.81,55.76
2014.01,Slovenia,98,32.97,59.64
2014.01,Netherlands,99,32.4,53.81
2014.01,Austria,100,31.68,54.85
2014.01,Portugal,101,30.9,51.44
2014.01,Germany,102,30.2,48.24
2014.01,Ireland,103,29.32,52.47
2014.01,Croatia,104,28.69,46.9
2014.01,Canada,105,27.7,44.87
2014.01,Switzerland,106,26.8,46.12
2014.01,Norway,107,22.57,37.16
2014.01,Uruguay,108,21.33,37.63
2014.01,Lithuania,109,21.13,38.65
2014.01,New Zealand,110,21.02,33.59
2014.01,Australia,111,19.38,29.78
2014.01,Iceland,112,18.04,29.33
2014.01,Sweden,113,17.51,28.5
2014.01,Finland,114,16.68,27.36
2014.01,Estonia,115,13.43,27.02
2014.06,Ghana,1,107.9,197.78
2014.06,Iraq,2,105.86,196.6
2014.06,Mongolia,3,95.75,179.71
2014.06,Egypt,4,92.55,167.15
2014.06,Lebanon,5,89.79,161.45
2014.06,Maldives,6,89.66,160.54
2014.06,Bangladesh,7,89.21,159.5
2014.06,Yemen,8,88.53,162.14
2014.06,Myanmar,9,86.65,158.77
2014.06,Trinidad And Tobago,10,86.55,156.14
2014.06,Qatar,11,86.54,155.71
2014.06,El Salvador,12,86.28,158.06
2014.06,China,13,86.24,157.04
2014.06,Iran,14,86.08,158.7
2014.06,Jordan,15,85.65,152.72
2014.06,Nepal,16,85.42,152.3
2014.06,Botswana,17,85.06,153.78
2014.06,North Macedonia,18,84.89,159.62
2014.06,Peru,19,84.78,151.84
2014.06,Jamaica,20,84.49,151.34
2014.06,Bolivia,21,83.34,151.3
2014.06,Azerbaijan,22,82.02,146.73
2014.06,Vietnam,23,81.4,144.03
2014.06,Pakistan,24,81.08,143.91
2014.06,Cambodia,25,78.26,141.25
2014.06,Venezuela,26,76.6,135.96
2014.06,Tunisia,27,76.23,135.25
2014.06,Nigeria,28,75.68,133.04
2014.06,India,29,75.04,131.51
2014.06,South Korea,30,74.85,135.91
2014.06,Kazakhstan,31,73.95,134.26
2014.06,Turkey,32,73.52,128.22
2014.06,Russia,33,73.46,129.62
2014.06,Indonesia,34,72.45,126.6
2014.06,Armenia,35,72.44,133.65
2014.06,Chile,36,72.24,131.47
2014.06,Guatemala,37,72.11,125.96
2014.06,Thailand,38,71.76,124.71
2014.06,Philippines,39,71.5,125.04
2014.06,Albania,40,71.43,126.79
2014.06,Ukraine,41,71.03,125.63
2014.06,Saudi Arabia,42,70.57,125.08
2014.06,Laos,43,69.89,124.03
2014.06,Mexico,44,69.19,120.46
2014.06,Malta,45,68.92,121.88
2014.06,Bahrain,46,68.62,123.56
2014.06,Honduras,47,68.45,123.98
2014.06,Ethiopia,48,67.81,123.06
2014.06,Guyana,49,67.67,121.07
2014.06,Tanzania,50,67,115.94
2014.06,Bahamas,51,65.69,117
2014.06,Moldova,52,65.52,114.6
2014.06,Sri Lanka,53,65.36,113.62
2014.06,Israel,54,64.99,115.52
2014.06,Malaysia,55,64.49,111.11
2014.06,Taiwan,56,64.07,113.51
2014.06,Georgia,57,64.05,113.11
2014.06,Zimbabwe,58,63.88,117.44
2014.06,Bulgaria,59,63.63,113
2014.06,Dominican Republic,60,63.59,109.64
2014.06,Morocco,61,62.75,108.09
2014.06,Colombia,62,62.42,114.62
2014.06,Kenya,63,62.2,108.02
2014.06,Hong Kong,64,61.47,110.32
2014.06,Kyrgyzstan,65,61.03,111.94
2014.06,Sudan,66,61.01,107.64
2014.06,Italy,67,60.37,104.9
2014.06,Algeria,68,60.13,105.2
2014.06,Kuwait,69,59.63,105.21
2014.06,Romania,70,59.18,101.31
2014.06,South Africa,71,59.16,101.74
2014.06,Bosnia And Herzegovina,72,59.02,102.4
2014.06,Argentina,73,58.62,102.27
2014.06,Paraguay,74,57.47,104.26
2014.06,Libya,75,57.38,97.58
2014.06,Ecuador,76,56.53,96.32
2014.06,Costa Rica,77,56.1,98.78
2014.06,Oman,78,54.91,96.19
2014.06,United Arab Emirates,79,54.62,94.5
2014.06,Belgium,80,54.61,93.56
2014.06,Fiji,81,53.18,92.28
2014.06,Brazil,82,53.13,90.15
2014.06,Serbia,83,50.95,87.3
2014.06,Puerto Rico,84,50.53,86.71
2014.06,Spain,85,50.22,83.97
2014.06,Poland,86,50.05,84.49
2014.06,Panama,87,49.36,93.36
2014.06,Brunei,88,48.75,85.19
2014.06,Mauritius,89,48.56,89.73
2014.06,France,90,48.51,80.89
2014.06,Latvia,91,47.31,78.98
2014.06,Belarus,92,46.37,78.94
2014.06,Hungary,93,45.63,77.96
2014.06,Greece,94,45.18,75.26
2014.06,Montenegro,95,44.58,76.6
2014.06,Japan,96,44.03,73.41
2014.06,Belize,97,43.97,78.6
2014.06,Singapore,98,43.01,73.26
2014.06,Czech Republic,99,42.35,72.14
2014.06,Slovakia,100,40.81,71.38
2014.06,Denmark,101,37.61,60.36
2014.06,Netherlands,102,37.33,61.91
2014.06,United States,103,35.97,60.29
2014.06,United Kingdom,104,35.96,58.99
2014.06,Syria,105,35.92,57.78
2014.06,Austria,106,35.77,61.54
2014.06,Cyprus,107,33.62,54.44
2014.06,Slovenia,108,32.66,59.39
2014.06,Luxembourg,109,32.46,53.13
2014.06,Portugal,110,30.87,51.24
2014.06,Croatia,111,30.46,49.72
2014.06,Germany,112,30.33,48.36
2014.06,Canada,113,28.8,46.79
2014.06,Ireland,114,27.36,48.72
2014.06,Lithuania,115,26.87,46.48
2014.06,Switzerland,116,26.02,44.16
2014.06,Norway,117,24.93,40.5
2014.06,Australia,118,22.24,34.04
2014.06,Uruguay,119,21.33,37.63
2014.06,New Zealand,120,19.24,30.69
2014.06,Estonia,121,17.27,30.95
2014.06,Sweden,122,17.17,27.86
2014.06,Iceland,123,16.34,26.96
2014.06,Finland,124,16.04,26.95
2015.01,Senegal,1,110.34,206.09
2015.01,Ghana,2,109.27,200.44
2015.01,Afghanistan,3,100.34,184.06
2015.01,Iraq,4,96.72,177.24
2015.01,Egypt,5,96.62,175.65
2015.01,Liberia,6,95.29,179.52
2015.01,Mongolia,7,94.55,175.75
2015.01,Bolivia,8,94.05,170.03
2015.01,Bangladesh,9,93.59,169.25
2015.01,China,10,89.36,164.03
2015.01,Lebanon,11,89.11,159.76
2015.01,Yemen,12,88.53,162.14
2015.01,Myanmar,13,87.89,161.66
2015.01,Qatar,14,87.73,158.95
2015.01,El Salvador,15,87.52,158.8
2015.01,Bahrain,16,87.36,159.86
2015.01,Peru,17,86.5,155.45
2015.01,Jordan,18,85.64,152.71
2015.01,Botswana,19,85.06,153.78
2015.01,Vietnam,20,84.34,149.78
2015.01,Pakistan,21,83.73,149.37
2015.01,Nepal,22,83.39,148.44
2015.01,North Macedonia,23,82.31,155.23
2015.01,Iran,24,82.28,150.9
2015.01,Azerbaijan,25,81.3,146.01
2015.01,Trinidad And Tobago,26,80.15,142.73
2015.01,Cambodia,27,80.06,143.96
2015.01,Venezuela,28,79.19,141.24
2015.01,India,29,77.72,137.41
2015.01,Jamaica,30,77.2,136.84
2015.01,South Korea,31,77.11,140.95
2015.01,Nigeria,32,76.29,134.27
2015.01,Albania,33,76.21,134.11
2015.01,Zambia,34,76.12,149.07
2015.01,Honduras,35,75.2,135.16
2015.01,Indonesia,36,74.41,130.4
2015.01,Turkey,37,74.31,131.19
2015.01,Philippines,38,74.17,130.17
2015.01,Kazakhstan,39,73.69,134.68
2015.01,Tunisia,40,73.54,130.02
2015.01,Armenia,41,73.03,134.85
2015.01,Thailand,42,72.81,126.72
2015.01,Russia,43,72.77,128.2
2015.01,Chile,44,72.4,132.62
2015.01,Maldives,45,71.89,125.23
2015.01,Guatemala,46,71.14,124.03
2015.01,Saudi Arabia,47,71.02,125.44
2015.01,Ukraine,48,69.85,122.71
2015.01,Monaco,49,68.89,125.29
2015.01,Mexico,50,68.83,119.56
2015.01,Laos,51,68.56,120.32
2015.01,Algeria,52,68.37,119.61
2015.01,Taiwan,53,67.65,119.94
2015.01,Tanzania,54,66.78,115.55
2015.01,Ethiopia,55,66.74,119.68
2015.01,Zimbabwe,56,65.86,118.73
2015.01,Sri Lanka,57,65.72,114.62
2015.01,Greenland,58,65.52,118.58
2015.01,Dominican Republic,59,65.32,113
2015.01,Israel,60,65.21,116.35
2015.01,South Africa,61,65.19,113.17
2015.01,Malaysia,62,64.73,111.12
2015.01,Bulgaria,63,63.96,115
2015.01,Malta,64,63.17,109.69
2015.01,Morocco,65,62.73,107.91
2015.01,Kenya,66,62.2,108.02
2015.01,Colombia,67,61.41,111.85
2015.01,United Arab Emirates,68,61.34,106.31
2015.01,Sudan,69,61.01,107.64
2015.01,Fiji,70,60.79,105.82
2015.01,Kuwait,71,59.63,105.21
2015.01,Hong Kong,72,59.5,106.24
2015.01,Paraguay,73,59.13,105.75
2015.01,Guyana,74,59.09,104.86
2015.01,Georgia,75,58.79,102.9
2015.01,Bosnia And Herzegovina,76,58.54,101.95
2015.01,Brazil,77,58.03,98.78
2015.01,Italy,78,57.75,99.09
2015.01,Oman,79,57.43,99.01
2015.01,Moldova,80,57.24,98.51
2015.01,Serbia,81,56.6,98.51
2015.01,Argentina,82,55.88,97.37
2015.01,Kyrgyzstan,83,55.46,100.02
2015.01,Costa Rica,84,55.32,96.86
2015.01,Libya,85,54.07,91.14
2015.01,Belgium,86,53.84,91.41
2015.01,Namibia,87,53.28,93.79
2015.01,Ecuador,88,53.2,89.18
2015.01,Belize,89,51.6,91
2015.01,Panama,90,50.91,94.97
2015.01,Poland,91,50.55,86
2015.01,Romania,92,50.55,84.29
2015.01,Montenegro,93,48.99,85.87
2015.01,Puerto Rico,94,48.03,82.39
2015.01,Slovakia,95,47.94,82.63
2015.01,Syria,96,47.42,81.05
2015.01,Mauritius,97,47.32,85.23
2015.01,Spain,98,46.3,76.79
2015.01,Hungary,99,46.25,79.39
2015.01,France,100,45.94,77.19
2015.01,Belarus,101,45.12,77.21
2015.01,Greece,102,44.87,74.52
2015.01,Latvia,103,43.43,73
2015.01,Czech Republic,104,42.87,73.78
2015.01,Brunei,105,40.79,73.85
2015.01,Singapore,106,40.4,68.36
2015.01,Japan,107,38.22,63.67
2015.01,Netherlands,108,34.97,57.32
2015.01,Bahamas,109,34.65,57.89
2015.01,Austria,110,33.96,58.19
2015.01,United Kingdom,111,33.95,55.48
2015.01,Luxembourg,112,33.5,55.45
2015.01,Cyprus,113,32.88,53.01
2015.01,Croatia,114,32.76,53.81
2015.01,Portugal,115,32.61,53.88
2015.01,Denmark,116,31.79,49.92
2015.01,Uruguay,117,31.72,54.16
2015.01,United States,118,31.45,55.74
2015.01,Slovenia,119,31.45,56.66
2015.01,Lithuania,120,29.6,49.36
2015.01,Turkmenistan,121,28.45,47.59
2015.01,Germany,122,28.32,44.98
2015.01,Ireland,123,27.97,49.69
2015.01,Canada,124,27.3,44.58
2015.01,Switzerland,125,24.07,40.42
2015.01,Uzbekistan,126,23.79,39.66
2015.01,Norway,127,23.7,38.39
2015.01,Australia,128,21.63,33.67
2015.01,New Zealand,129,17.61,29.85
2015.01,Estonia,130,15.53,30.2
2015.01,Sweden,131,15.14,24.81
2015.01,Finland,132,14.91,26.06
2015.01,Iceland,133,13.78,24.49
2015.01,Reunion,134,11.03,34.34
2015.01,Bermuda,135,3.24,8.38
2015.06,Ghana,1,100.01,181.14
2015.06,Mongolia,2,94.55,175.75
2015.06,Egypt,3,94.28,170.87
2015.06,Bangladesh,4,88.56,159.37
2015.06,China,5,87.89,160.87
2015.06,North Macedonia,6,87.7,162.03
2015.06,Vietnam,7,87.58,156.28
2015.06,Peru,8,87.33,157.04
2015.06,Monaco,9,85.87,155.91
2015.06,Bolivia,10,85.49,152.73
2015.06,Lebanon,11,85.41,152.77
2015.06,Bahrain,12,84.64,155.72
2015.06,Myanmar,13,84.63,155.22
2015.06,Qatar,14,84.45,151.27
2015.06,Cambodia,15,83.54,149.75
2015.06,Iran,16,83.46,152.74
2015.06,Jordan,17,83.44,148.15
2015.06,Nepal,18,82.56,146.7
2015.06,Venezuela,19,80.27,143.06
2015.06,Pakistan,20,79.35,140.41
2015.06,Albania,21,77.71,137.22
2015.06,Trinidad And Tobago,22,76.95,136.22
2015.06,India,23,76.9,135.54
2015.06,Jamaica,24,75.11,131.96
2015.06,Indonesia,25,74.93,131.46
2015.06,Algeria,26,74.5,131.68
2015.06,Tunisia,27,73.76,130.37
2015.06,Saudi Arabia,28,72.93,129.21
2015.06,Thailand,29,72.11,125.27
2015.06,Philippines,30,71.92,125.65
2015.06,Dominican Republic,31,71.69,125.41
2015.06,Kazakhstan,32,71.48,130.65
2015.06,Georgia,33,70.81,126.22
2015.06,Russia,34,70.37,123.41
2015.06,Ukraine,35,70.31,123.65
2015.06,Malta,36,70.27,123.75
2015.06,Turkey,37,69.17,121.69
2015.06,Kenya,38,68.18,119.24
2015.06,Chile,39,67.91,125.38
2015.06,Zimbabwe,40,67.84,123.09
2015.06,Hong Kong,41,67.49,121.88
2015.06,Malaysia,42,67.37,116.37
2015.06,Morocco,43,66.8,116.39
2015.06,Sri Lanka,44,66.63,116
2015.06,Tanzania,45,65.24,112.04
2015.06,Armenia,46,65.2,120.3
2015.06,South Africa,47,64.96,112.78
2015.06,Mexico,48,64.93,111.91
2015.06,Israel,49,64.81,115.62
2015.06,Fiji,50,64.07,112.12
2015.06,Colombia,51,63.47,114.73
2015.06,Taiwan,52,62.57,109.99
2015.06,Bulgaria,53,60.95,108.99
2015.06,Argentina,54,59.6,103.86
2015.06,United Arab Emirates,55,59.38,102.72
2015.06,Brazil,56,59.36,101.08
2015.06,Serbia,57,57.53,99.81
2015.06,Italy,58,57.43,98.64
2015.06,Libya,59,56.69,96.07
2015.06,Costa Rica,60,56.68,98.88
2015.06,Ecuador,61,56.13,94.7
2015.06,Belgium,62,56.11,96.26
2015.06,Bosnia And Herzegovina,63,55.17,95.56
2015.06,Panama,64,53.38,98.72
2015.06,South Korea,65,51.63,93.85
2015.06,Oman,66,50.38,84.72
2015.06,Romania,67,50.1,83.32
2015.06,Poland,68,49.43,84.4
2015.06,Puerto Rico,69,48.28,84.3
2015.06,Greece,70,47.62,80.03
2015.06,Mauritius,71,47.12,83.85
2015.06,Spain,72,46.15,76.5
2015.06,Hungary,73,45.7,78.27
2015.06,France,74,45.24,75.68
2015.06,Slovakia,75,44.54,76.61
2015.06,Czech Republic,76,42.66,72.75
2015.06,Belarus,77,41.99,70.56
2015.06,Latvia,78,38.24,63.28
2015.06,Singapore,79,37.97,64.46
2015.06,Brunei,80,35.63,60.94
2015.06,Uruguay,81,35.24,61
2015.06,Japan,82,34.99,56.75
2015.06,Netherlands,83,34.67,56.37
2015.06,United Kingdom,84,33.81,55.09
2015.06,United States,85,33.34,58.29
2015.06,Lithuania,86,32.84,54.48
2015.06,Portugal,87,32.69,53.54
2015.06,Austria,88,32.45,55.2
2015.06,Cyprus,89,32.07,52.26
2015.06,Croatia,90,31.26,51.8
2015.06,Denmark,91,31.15,48.58
2015.06,Slovenia,92,29.87,54.11
2015.06,Canada,93,29.26,48.21
2015.06,Germany,94,29.22,46.58
2015.06,Ireland,95,28.88,50.1
2015.06,Switzerland,96,24.34,40.51
2015.06,Australia,97,23.09,35.78
2015.06,Norway,98,22.41,36.15
2015.06,New Zealand,99,19.79,32.93
2015.06,Sweden,100,18.63,29.37
2015.06,Finland,101,17.44,29.58
2015.06,Estonia,102,14.98,30.5
2015.06,Iceland,103,13.78,24.49
2016.01,Egypt,1,96.05,174.17
2016.01,Lebanon,2,91.88,165.17
2016.01,Mongolia,3,90.96,167.98
2016.01,Monaco,4,90.11,163.54
2016.01,Bangladesh,5,88.27,158.56
2016.01,Peru,6,87.91,158.18
2016.01,Azerbaijan,7,87.04,155.51
2016.01,Vietnam,8,86.09,153.2
2016.01,Myanmar,9,85.62,156.9
2016.01,China,10,85.54,155.89
2016.01,North Macedonia,11,85.29,156.32
2016.01,Iran,12,84.21,154.11
2016.01,Bolivia,13,83.14,147.86
2016.01,Jordan,14,82.72,146.82
2016.01,Cambodia,15,82.57,147.82
2016.01,Bahrain,16,81.73,149.2
2016.01,Nepal,17,81.19,143.85
2016.01,Qatar,18,80.96,144.26
2016.01,Venezuela,19,77.68,138.57
2016.01,Trinidad And Tobago,20,77.22,136.4
2016.01,India,21,77.02,135.55
2016.01,Pakistan,22,76.64,134.73
2016.01,Algeria,23,76.17,135.2
2016.01,Dominican Republic,24,75.33,132.42
2016.01,Malta,25,75.18,132.63
2016.01,Indonesia,26,75.14,131.84
2016.01,Tunisia,27,75.12,132.33
2016.01,Albania,28,75.08,131.72
2016.01,Philippines,29,73.12,127.73
2016.01,Saudi Arabia,30,72.2,128.09
2016.01,Jamaica,31,72.16,126.27
2016.01,Kazakhstan,32,72,131.53
2016.01,Thailand,33,71.51,124.15
2016.01,Zimbabwe,34,71.2,127.72
2016.01,Georgia,35,69.9,124.96
2016.01,Ukraine,36,67.84,118.78
2016.01,Malaysia,37,67.53,116.58
2016.01,Chile,38,67.21,123.27
2016.01,Hong Kong,39,67.17,121.08
2016.01,Morocco,40,66.87,116.83
2016.01,Turkey,41,65.75,115.18
2016.01,Sri Lanka,42,65.21,113.27
2016.01,Mexico,43,64.64,111.24
2016.01,Russia,44,64.49,111.34
2016.01,Colombia,45,64.44,117.34
2016.01,Taiwan,46,63.37,110.74
2016.01,South Africa,47,63.29,109.49
2016.01,Tanzania,48,62.59,108.13
2016.01,Israel,49,61.46,109.21
2016.01,Brazil,50,61.18,104.63
2016.01,Bulgaria,51,60.35,107.77
2016.01,United Arab Emirates,52,59.54,102.71
2016.01,Ecuador,53,59.32,100.99
2016.01,Bahamas,54,58.6,100.19
2016.01,Argentina,55,58.46,101.72
2016.01,Bosnia And Herzegovina,56,57.95,101.63
2016.01,Belgium,57,56.61,97.91
2016.01,Italy,58,56.56,97.11
2016.01,Panama,59,56.02,100.48
2016.01,Serbia,60,55.14,94.33
2016.01,Costa Rica,61,53.09,92.88
2016.01,Puerto Rico,62,50.67,87.04
2016.01,Romania,63,50.5,84.14
2016.01,Poland,64,49.87,85.34
2016.01,South Korea,65,49.65,89.02
2016.01,Slovakia,66,48.43,82.59
2016.01,Mauritius,67,47.38,84.65
2016.01,Greece,68,47.22,79.54
2016.01,Hungary,69,46.7,80.4
2016.01,Spain,70,46.58,77.23
2016.01,France,71,46.31,77.49
2016.01,Libya,72,45.42,75.02
2016.01,Uruguay,73,42.93,73.48
2016.01,Czech Republic,74,42.49,72.23
2016.01,Singapore,75,38.83,66.81
2016.01,Latvia,76,37.14,61.99
2016.01,United Kingdom,77,35.02,56.99
2016.01,United States,78,34.94,60.23
2016.01,Japan,79,34.04,54.9
2016.01,Belarus,80,33.7,53.71
2016.01,Cyprus,81,33.37,54.75
2016.01,Netherlands,82,32.79,53.29
2016.01,Portugal,83,31.85,51.56
2016.01,Lithuania,84,30.94,51.13
2016.01,Ireland,85,30.85,53.16
2016.01,Austria,86,30.77,52.14
2016.01,Croatia,87,30.42,49.92
2016.01,Denmark,88,29.93,46.55
2016.01,Germany,89,29.91,47.8
2016.01,Canada,90,29.48,48.07
2016.01,Slovenia,91,28.2,50.94
2016.01,Switzerland,92,23.02,37.46
2016.01,Australia,93,22.88,35.59
2016.01,New Zealand,94,19.04,31.62
2016.01,Sweden,95,18.3,29
2016.01,Norway,96,18.21,30.05
2016.01,Finland,97,17.84,30.68
2016.01,Estonia,98,16.45,29.81
2016.01,Iceland,99,13.1,22.98
2016.06,Afghanistan,1,101.27,187.2
2016.06,Ghana,2,97.85,177.4
2016.06,Lebanon,3,94.88,170.92
2016.06,Bangladesh,4,93.06,168.43
2016.06,Egypt,5,92.84,167.32
2016.06,Mongolia,6,92.67,171.08
2016.06,Myanmar,7,89.74,166.01
2016.06,Vietnam,8,88.41,158.09
2016.06,China,9,88.08,161.07
2016.06,Peru,10,87.12,156.83
2016.06,Bolivia,11,86.06,153.55
2016.06,Monaco,12,85.6,155.72
2016.06,Nigeria,13,85.03,152.94
2016.06,North Macedonia,14,85,155.66
2016.06,Cambodia,15,83.85,150.24
2016.06,Iran,16,83.65,152.89
2016.06,Jordan,17,83.27,147.94
2016.06,Azerbaijan,18,82.72,146.97
2016.06,Nepal,19,81.73,144.79
2016.06,Iraq,20,81.56,145.49
2016.06,Ethiopia,21,80.36,141.97
2016.06,Qatar,22,80.34,144.04
2016.06,Dominican Republic,23,79.4,139.96
2016.06,Pakistan,24,77.85,137.07
2016.06,Trinidad And Tobago,25,77.75,137.33
2016.06,Bahrain,26,76.71,141.64
2016.06,India,27,76.65,134.89
2016.06,Albania,28,76.42,134.18
2016.06,Indonesia,29,76.25,134.07
2016.06,Algeria,30,75.79,134.34
2016.06,Venezuela,31,75.47,133.77
2016.06,Thailand,32,72.84,127.23
2016.06,Saudi Arabia,33,72.12,127.73
2016.06,Armenia,34,72.03,132.11
2016.06,Zimbabwe,35,71.95,128.71
2016.06,Kazakhstan,36,71.83,131.03
2016.06,Philippines,37,71.58,124.96
2016.06,Kenya,38,70.51,123.74
2016.06,Jamaica,39,70.07,122.27
2016.06,Turkey,40,69.22,122.33
2016.06,Malta,41,69.13,120.41
2016.06,Georgia,42,68.72,122.78
2016.06,Ukraine,43,68.58,120.15
2016.06,Morocco,44,68.33,119.49
2016.06,Malaysia,45,67.61,116.78
2016.06,Hong Kong,46,67.53,121.68
2016.06,Chile,47,66.81,122.13
2016.06,Mexico,48,66.8,115.51
2016.06,Tanzania,49,65.74,114.39
2016.06,Colombia,50,64.62,115.93
2016.06,South Africa,51,64.46,111.61
2016.06,Russia,52,64.45,111.22
2016.06,Taiwan,53,64.3,112.54
2016.06,Sri Lanka,54,62.89,108.76
2016.06,Israel,55,61.91,109.44
2016.06,Bulgaria,56,61.69,110.56
2016.06,Tunisia,57,61.41,106.02
2016.06,Brazil,58,61.03,104.68
2016.06,United Arab Emirates,59,59.62,102.71
2016.06,Panama,60,59.23,106.55
2016.06,Ecuador,61,58.88,100.53
2016.06,Bosnia And Herzegovina,62,57.27,100.67
2016.06,Argentina,63,56.11,97.02
2016.06,Puerto Rico,64,55.92,96.3
2016.06,Serbia,65,55.88,95.69
2016.06,Bahamas,66,54.63,93.5
2016.06,Italy,67,52.96,89.17
2016.06,Costa Rica,68,51.76,91.04
2016.06,Mauritius,69,51.1,89.42
2016.06,Poland,70,50.79,87.41
2016.06,Belgium,71,50.46,85.23
2016.06,South Korea,72,50.28,90.01
2016.06,Greece,73,49.1,83.45
2016.06,Romania,74,48.72,80.5
2016.06,Montenegro,75,48.44,82.63
2016.06,Hungary,76,45.46,77.79
2016.06,Libya,77,45.3,76
2016.06,Uruguay,78,44.9,77.88
2016.06,Slovakia,79,44.28,74.86
2016.06,Oman,80,44.2,73.4
2016.06,Cyprus,81,43.06,71.32
2016.06,Czech Republic,82,42.17,70.95
2016.06,France,83,42.04,71.39
2016.06,Japan,84,40.9,66.7
2016.06,Belarus,85,40.67,67.25
2016.06,Spain,86,40.37,67.38
2016.06,Singapore,87,37.69,64.94
2016.06,United Kingdom,88,34.24,55.68
2016.06,Lithuania,89,33.16,54.43
2016.06,United States,90,32.73,56.8
2016.06,Latvia,91,32.51,52.57
2016.06,Croatia,92,30.69,50.53
2016.06,Portugal,93,29.87,48.16
2016.06,Netherlands,94,29.08,46.91
2016.06,Canada,95,28.17,46.83
2016.06,Germany,96,27.68,44.16
2016.06,Ireland,97,27.47,47.47
2016.06,Denmark,98,26.84,41.28
2016.06,Slovenia,99,25.44,45.64
2016.06,Austria,100,25.43,41.39
2016.06,Australia,101,24.09,37.99
2016.06,Switzerland,102,21.73,34.86
2016.06,New Zealand,103,19.43,32.6
2016.06,Norway,104,19.28,31.75
2016.06,Estonia,105,19.19,33.6
2016.06,Sweden,106,16.59,26.42
2016.06,Finland,107,14.57,26.64
2016.06,Iceland,108,10.44,19
2017.01,Ghana,1,98.83,179.32
2017.01,Afghanistan,2,95.6,174.9
2017.01,Mongolia,3,93.8,173.11
2017.01,Bangladesh,4,92.3,167.39
2017.01,Myanmar,5,91.37,169.54
2017.01,China,6,88.96,163.22
2017.01,Egypt,7,88.88,159.13
2017.01,Vietnam,8,88.1,157.69
2017.01,Peru,9,87.86,158.55
2017.01,Jordan,10,85.73,153.06
2017.01,Nigeria,11,85.48,154.16
2017.01,Cameroon,12,85.13,154.1
2017.01,Lebanon,13,85.11,151.14
2017.01,Bolivia,14,85.07,151.67
2017.01,Monaco,15,84.47,154.52
2017.01,North Macedonia,16,83.38,152.32
2017.01,Ethiopia,17,83.16,147.58
2017.01,Azerbaijan,18,83.1,147.78
2017.01,Iran,19,82.51,150.91
2017.01,Nepal,20,82.5,146.34
2017.01,Dominican Republic,21,80.21,141.57
2017.01,Pakistan,22,80.08,141.58
2017.01,Iraq,23,80,142.26
2017.01,Cambodia,24,79.3,141.16
2017.01,Albania,25,76.72,134.46
2017.01,India,26,76.53,134.77
2017.01,Indonesia,27,76.41,134.41
2017.01,Bahrain,28,76.27,140.8
2017.01,Saudi Arabia,29,74.18,132.12
2017.01,Qatar,30,73.29,130.41
2017.01,Thailand,31,73.23,128.16
2017.01,Venezuela,32,72.9,129.11
2017.01,Kazakhstan,33,72.82,132.56
2017.01,Georgia,34,72.72,130.05
2017.01,Zimbabwe,35,71.89,127.89
2017.01,Trinidad And Tobago,36,71.82,125.09
2017.01,Jamaica,37,70.71,123.75
2017.01,Turkey,38,70.46,125.26
2017.01,Philippines,39,70.25,122.46
2017.01,Kenya,40,70,122.86
2017.01,Hong Kong,41,69.9,125.84
2017.01,Malta,42,69.56,121.35
2017.01,Morocco,43,68.17,119.24
2017.01,Chile,44,67.67,123.14
2017.01,Kuwait,45,67.3,120.25
2017.01,Ukraine,46,67.26,117.4
2017.01,Malaysia,47,67.08,115.69
2017.01,Mexico,48,66.74,115.44
2017.01,Algeria,49,66.49,116.59
2017.01,Tunisia,50,66.34,115.3
2017.01,Moldova,51,66.16,115.03
2017.01,Armenia,52,65.68,120.16
2017.01,Panama,53,65.49,116.98
2017.01,Fiji,54,65.34,114.18
2017.01,Tanzania,55,64.66,112.88
2017.01,Colombia,56,63.9,114.39
2017.01,South Africa,57,63.56,109.84
2017.01,Bulgaria,58,63.12,112.81
2017.01,Russia,59,63.04,108.39
2017.01,Taiwan,60,62.91,109.49
2017.01,Sri Lanka,61,61.9,106.76
2017.01,Israel,62,61.71,110.46
2017.01,Syria,63,61.17,106.81
2017.01,Brazil,64,61.17,104.95
2017.01,Bosnia And Herzegovina,65,60.69,107.27
2017.01,United Arab Emirates,66,58.52,101
2017.01,Bahamas,67,58.04,99.65
2017.01,Ecuador,68,57.27,97.53
2017.01,Puerto Rico,69,55.78,96.27
2017.01,Serbia,70,55.29,94.82
2017.01,Cyprus,71,54.77,93.58
2017.01,Argentina,72,53.33,92.15
2017.01,South Korea,73,52.73,94.83
2017.01,Greece,74,52.05,89.41
2017.01,Italy,75,51.57,86.42
2017.01,Romania,76,50.9,84.63
2017.01,Mauritius,77,50.83,87.89
2017.01,Poland,78,50.33,86.52
2017.01,Costa Rica,79,50.05,87.33
2017.01,Oman,80,49.59,83.82
2017.01,Montenegro,81,49.18,83.62
2017.01,Belgium,82,48.92,82.66
2017.01,Uruguay,83,46.86,81.96
2017.01,Libya,84,45.3,76
2017.01,Hungary,85,43.99,74.67
2017.01,Slovakia,86,43.51,73.79
2017.01,Czech Republic,87,41.04,69.22
2017.01,Japan,88,41.01,66.83
2017.01,France,89,40.15,68.66
2017.01,Belarus,90,39.64,65.29
2017.01,Spain,91,37.46,62.93
2017.01,Singapore,92,37.04,64.14
2017.01,United Kingdom,93,34.88,57
2017.01,Lithuania,94,34.27,57.21
2017.01,Brunei,95,34.01,56.85
2017.01,Croatia,96,33.34,55.35
2017.01,United States,97,31.19,54.44
2017.01,Luxembourg,98,29.23,45.36
2017.01,Latvia,99,29.15,47.1
2017.01,Portugal,100,28.91,47.01
2017.01,Netherlands,101,27.62,44.9
2017.01,Ireland,102,27.18,47.33
2017.01,Germany,103,27.05,42.98
2017.01,Canada,104,26.54,44.96
2017.01,Slovenia,105,26.37,46.46
2017.01,Denmark,106,25.97,40.05
2017.01,Australia,107,24.58,39.54
2017.01,Austria,108,21.9,35.28
2017.01,Switzerland,109,20.77,33.18
2017.01,New Zealand,110,20.03,33.77
2017.01,Norway,111,19.45,31.64
2017.01,Sweden,112,17.87,28.76
2017.01,Estonia,113,17.71,30.98
2017.01,Finland,114,13.38,25.98
2017.01,Iceland,115,10.02,20.25
2017.06,Mongolia,1,94.01,173.69
2017.06,Myanmar,2,93.93,172.81
2017.06,Bangladesh,3,90.07,162.63
2017.06,Egypt,4,89.05,159.47
2017.06,Vietnam,5,86.96,155.46
2017.06,China,6,86.82,158.78
2017.06,Peru,7,85.81,154.21
2017.06,Nigeria,8,85.54,153.33
2017.06,Lebanon,9,85.5,152.11
2017.06,Nepal,10,85.06,151.58
2017.06,Monaco,11,83.91,153.71
2017.06,Jordan,12,82.63,146.85
2017.06,North Macedonia,13,82.38,150.05
2017.06,Iran,14,80.79,147.73
2017.06,Dominican Republic,15,78.81,139.04
2017.06,Pakistan,16,77.88,137.16
2017.06,India,17,76.63,134.82
2017.06,Bahrain,18,76.27,140.8
2017.06,Kazakhstan,19,74.39,134.58
2017.06,Saudi Arabia,20,73.13,129.82
2017.06,Georgia,21,73.08,131.52
2017.06,Venezuela,22,72.84,128.92
2017.06,Thailand,23,72.83,127.31
2017.06,Jamaica,24,72.71,127.44
2017.06,Kenya,25,72.04,127.08
2017.06,Qatar,26,72.02,127.88
2017.06,Albania,27,71.65,124.67
2017.06,Philippines,28,71.32,124.63
2017.06,Malta,29,70.26,122.58
2017.06,Turkey,30,70.15,124.16
2017.06,Morocco,31,68.54,119.84
2017.06,Hong Kong,32,68.46,123.02
2017.06,Ukraine,33,67.55,117.73
2017.06,Chile,34,67.16,122.3
2017.06,Mexico,35,66.51,115.15
2017.06,Algeria,36,66.17,116.38
2017.06,Tunisia,37,65.46,113.8
2017.06,Malaysia,38,65.19,111.98
2017.06,Colombia,39,64.6,116.1
2017.06,Russia,40,63.83,109.98
2017.06,Taiwan,41,62.86,109.66
2017.06,Bulgaria,42,62.65,112.2
2017.06,South Africa,43,62.49,107.83
2017.06,Bosnia And Herzegovina,44,61.72,109.82
2017.06,Israel,45,61.05,108.73
2017.06,Sri Lanka,46,60.43,103.8
2017.06,Brazil,47,60.13,103.04
2017.06,Indonesia,48,58.02,98.31
2017.06,Ecuador,49,57.49,98.25
2017.06,Cyprus,50,56.66,96.71
2017.06,United Arab Emirates,51,56.36,96.73
2017.06,Serbia,52,55.68,95.25
2017.06,Argentina,53,55.1,94.8
2017.06,Mauritius,54,54.85,94.27
2017.06,South Korea,55,52.48,94.26
2017.06,Greece,56,52.36,90.19
2017.06,Italy,57,52.33,87.89
2017.06,Romania,58,51.21,85.33
2017.06,Poland,59,51.09,88.79
2017.06,Uruguay,60,50.61,89.23
2017.06,Costa Rica,61,50.31,87.59
2017.06,Belgium,62,49.79,84.65
2017.06,Hungary,63,45.22,77.47
2017.06,Slovakia,64,42.01,71.24
2017.06,Czech Republic,65,41.42,69.54
2017.06,Japan,66,41.02,66.83
2017.06,France,67,41,69.61
2017.06,Spain,68,38.35,63.96
2017.06,Belarus,69,37.06,60.37
2017.06,United Kingdom,70,36.92,60.45
2017.06,Singapore,71,34.82,59.74
2017.06,Lithuania,72,33.92,56.67
2017.06,Latvia,73,31.88,51.56
2017.06,Croatia,74,31.67,51.95
2017.06,United States,75,31.44,53.92
2017.06,Portugal,76,29.79,48.35
2017.06,Ireland,77,28.31,47.68
2017.06,Canada,78,27.72,46.31
2017.06,Netherlands,79,27.33,44.75
2017.06,Germany,80,27.18,43.28
2017.06,Slovenia,81,26.04,45.8
2017.06,Australia,82,24.87,39.94
2017.06,Denmark,83,24.25,37.01
2017.06,Austria,84,23.46,37.51
2017.06,Switzerland,85,22.43,35.97
2017.06,New Zealand,86,19.78,33.89
2017.06,Norway,87,19.54,32.15
2017.06,Sweden,88,19.16,31.24
2017.06,Estonia,89,16.91,29.93
2017.06,Finland,90,12.65,24.06
2017.06,Iceland,91,11.96,22.8
2018.01,Myanmar,1,93.03,170.73
2018.01,Mongolia,2,92.65,170.25
2018.01,Afghanistan,3,92.65,167.49
2018.01,Bangladesh,4,88.93,160.2
2018.01,Vietnam,5,88.1,157.79
2018.01,Egypt,6,87.64,156.56
2018.01,China,7,85.89,156.84
2018.01,Lebanon,8,85.68,152.45
2018.01,Nigeria,9,85.54,153.33
2018.01,Nepal,10,84.01,149.43
2018.01,Monaco,11,83.71,153.55
2018.01,Peru,12,83.35,148.96
2018.01,Jordan,13,82.26,146.15
2018.01,North Macedonia,14,82.04,149.19
2018.01,Iran,15,81.21,148.73
2018.01,Cambodia,16,79.41,140.74
2018.01,Iraq,17,79.35,140.82
2018.01,Ethiopia,18,77.96,137.09
2018.01,Pakistan,19,77.5,136.34
2018.01,Dominican Republic,20,76.8,134.9
2018.01,Bahrain,21,76.41,140.96
2018.01,India,22,75.89,133.27
2018.01,Albania,23,75.21,131.62
2018.01,Kazakhstan,24,73.71,133.61
2018.01,Venezuela,25,73.66,130.46
2018.01,Georgia,26,73.43,132.16
2018.01,Thailand,27,72.86,127.41
2018.01,Philippines,28,72.55,126.99
2018.01,Kenya,29,72.26,127.44
2018.01,Malta,30,71.93,125.85
2018.01,Jamaica,31,71.89,126.27
2018.01,Saudi Arabia,32,71.72,126.71
2018.01,Qatar,33,70.24,124.31
2018.01,Turkey,34,69.44,122.51
2018.01,Hong Kong,35,69.35,124.4
2018.01,Morocco,36,67.66,118.25
2018.01,Ukraine,37,67.24,117.07
2018.01,Chile,38,66.79,122.16
2018.01,Malaysia,39,66.52,114.64
2018.01,Tunisia,40,66.16,114.81
2018.01,Mexico,41,66.13,114.39
2018.01,Panama,42,65.91,117.08
2018.01,Algeria,43,64.16,112.14
2018.01,Armenia,44,63.55,116.29
2018.01,Russia,45,63.26,109
2018.01,Taiwan,46,63.25,110.35
2018.01,Bulgaria,47,63.03,113.65
2018.01,Colombia,48,62.47,112.16
2018.01,South Africa,49,62.15,107.22
2018.01,Bosnia And Herzegovina,50,61.56,109.96
2018.01,Indonesia,51,60.66,103.35
2018.01,Sri Lanka,52,60.64,104.15
2018.01,Israel,53,60.27,106.78
2018.01,Brazil,54,59.48,101.92
2018.01,Ecuador,55,59.19,101.27
2018.01,Mauritius,56,57.56,98.25
2018.01,Serbia,57,56.58,97.06
2018.01,United Arab Emirates,58,55.78,95.78
2018.01,Cyprus,59,55.76,94.79
2018.01,Argentina,60,53.64,91.84
2018.01,Italy,61,53.11,89.45
2018.01,Romania,62,53.04,88.86
2018.01,South Korea,63,52.87,94.95
2018.01,Greece,64,52.85,91.59
2018.01,Poland,65,51.12,89.59
2018.01,Costa Rica,66,49.87,87.09
2018.01,Uruguay,67,49.37,86.85
2018.01,Belgium,68,48.92,82.92
2018.01,Hungary,69,46.57,80.02
2018.01,Oman,70,42.78,70.42
2018.01,Japan,71,41.66,68.02
2018.01,Czech Republic,72,41.02,68.84
2018.01,Slovakia,73,40.67,68.56
2018.01,France,74,40.41,67.8
2018.01,Spain,75,38.11,63.21
2018.01,United Kingdom,76,37.71,61.78
2018.01,Belarus,77,36,58.48
2018.01,Singapore,78,33.94,58.17
2018.01,Lithuania,79,33.14,54.55
2018.01,Croatia,80,32.73,53.46
2018.01,Latvia,81,31.81,51.48
2018.01,United States,82,31.7,53.76
2018.01,Portugal,83,30.53,49.6
2018.01,Ireland,84,28.66,48.1
2018.01,Canada,85,27.7,45.91
2018.01,Germany,86,27.32,43.59
2018.01,Netherlands,87,27.16,44.77
2018.01,Slovenia,88,26.25,46.22
2018.01,Australia,89,24.76,39.81
2018.01,Denmark,90,23.6,36.12
2018.01,Switzerland,91,23.01,36.74
2018.01,Austria,92,22.87,36.85
2018.01,New Zealand,93,21.77,36.93
2018.01,Norway,94,20.22,33.08
2018.01,Sweden,95,19.1,30.57
2018.01,Estonia,96,17.17,29.21
2018.01,Iceland,97,13.73,24.9
2018.01,Finland,98,12.07,22.87
2018.06,Mongolia,1,92.86,170.67
2018.06,Afghanistan,2,92.28,166.39
2018.06,Myanmar,3,92.27,168.74
2018.06,Bangladesh,4,90.09,162.49
2018.06,Nigeria,5,87.88,157.45
2018.06,Egypt,6,87.61,156.61
2018.06,Vietnam,7,87.53,156.89
2018.06,Lebanon,8,86.7,154.53
2018.06,Nepal,9,84.6,150.62
2018.06,Monaco,10,84.31,155.14
2018.06,Peru,11,83.63,149.3
2018.06,China,12,83.08,151.33
2018.06,North Macedonia,13,81.49,148.42
2018.06,Iran,14,80.63,147.72
2018.06,Jordan,15,80.56,142.78
2018.06,Cambodia,16,80.22,142.36
2018.06,Ethiopia,17,79.23,139.64
2018.06,Iraq,18,78.95,139.65
2018.06,Azerbaijan,19,78.15,137.58
2018.06,Dominican Republic,20,77.98,137.22
2018.06,Bahrain,21,76.56,140.44
2018.06,Pakistan,22,75.53,132.41
2018.06,India,23,75.17,131.85
2018.06,Albania,24,75.08,131.29
2018.06,Venezuela,25,74.88,132.64
2018.06,Kazakhstan,26,74.42,135.24
2018.06,Georgia,27,74.34,134.56
2018.06,Philippines,28,74.13,130.18
2018.06,Kuwait,29,72.85,129.51
2018.06,Thailand,30,72.56,126.78
2018.06,Malta,31,72.22,126.42
2018.06,Jamaica,32,71.22,125.04
2018.06,Kenya,33,71.2,125.97
2018.06,Turkey,34,69.03,121.38
2018.06,Trinidad And Tobago,35,68.7,119.32
2018.06,Saudi Arabia,36,68.41,120.38
2018.06,Qatar,37,68.17,120.84
2018.06,Hong Kong,38,67.87,121.14
2018.06,Tunisia,39,66.87,116.28
2018.06,Morocco,40,66.54,115.53
2018.06,Mexico,41,66.19,114.41
2018.06,Ukraine,42,66.18,114.94
2018.06,Chile,43,65.21,119.71
2018.06,Algeria,44,64.79,113.17
2018.06,Malaysia,45,64.46,110.64
2018.06,Bulgaria,46,64.23,116.15
2018.06,Taiwan,47,63.91,111.36
2018.06,Russia,48,63.37,109.21
2018.06,Colombia,49,63.08,112.95
2018.06,Armenia,50,62.91,114.47
2018.06,Bosnia And Herzegovina,51,62.87,112.12
2018.06,Panama,52,62.52,110.29
2018.06,Indonesia,53,62.27,106.42
2018.06,Israel,54,59.39,105.24
2018.06,South Africa,55,59.19,101.37
2018.06,Brazil,56,59.14,101.34
2018.06,Sri Lanka,57,58.53,100.02
2018.06,Ecuador,58,57.92,99.02
2018.06,Serbia,59,57.92,99.81
2018.06,Mauritius,60,56.66,96.76
2018.06,Cyprus,61,56.23,95.32
2018.06,Argentina,62,54.5,93.17
2018.06,Romania,63,54.36,91.48
2018.06,United Arab Emirates,64,53.91,92.44
2018.06,Italy,65,53.8,90.83
2018.06,South Korea,66,53.4,96.46
2018.06,Greece,67,52.4,91.29
2018.06,Poland,68,52.15,92.24
2018.06,Belgium,69,49.4,83.75
2018.06,Costa Rica,70,49.37,85.6
2018.06,Puerto Rico,71,48.58,83.6
2018.06,Hungary,72,46.33,79.72
2018.06,Uruguay,73,45.58,80.34
2018.06,Slovakia,74,41.33,69.53
2018.06,France,75,41.04,68.6
2018.06,Oman,76,40.96,66.66
2018.06,Belarus,77,40.69,66.98
2018.06,Czech Republic,78,40.61,68.16
2018.06,Spain,79,38.59,63.4
2018.06,United Kingdom,80,38.45,63.13
2018.06,Japan,81,35.96,57.46
2018.06,Latvia,82,34.36,55.72
2018.06,Croatia,83,33.1,54.17
2018.06,Singapore,84,33.09,56.4
2018.06,United States,85,32.26,54.08
2018.06,Lithuania,86,32.01,52.51
2018.06,Portugal,87,31.31,50.72
2018.06,Ireland,88,30.41,51.26
2018.06,Germany,89,28.15,45.01
2018.06,Netherlands,90,28.1,46.19
2018.06,Canada,91,27.71,45.69
2018.06,Slovenia,92,25.49,44.84
2018.06,Australia,93,24.32,39.21
2018.06,Austria,94,23.06,37.52
2018.06,Switzerland,95,22.9,36.8
2018.06,Denmark,96,22.48,34.25
2018.06,New Zealand,97,21.87,37.39
2018.06,Norway,98,20.11,32.84
2018.06,Sweden,99,18.48,29.4
2018.06,Estonia,100,18.05,30.42
2018.06,Iceland,101,15.55,27.26
2018.06,Finland,102,12.19,22.35
2019.01,Mongolia,1,93.06,170.75
2019.01,Myanmar,2,92.25,168.03
2019.01,Afghanistan,3,91.91,165.57
2019.01,Bangladesh,4,88.3,158.96
2019.01,Lebanon,5,87.39,155.98
2019.01,Nigeria,6,87.37,156.5
2019.01,Vietnam,7,87.13,156.2
2019.01,Egypt,8,86.48,154.43
2019.01,Nepal,9,84.98,151.46
2019.01,Monaco,10,84.74,156.08
2019.01,Peru,11,83.8,149.76
2019.01,China,12,81.91,148.92
2019.01,North Macedonia,13,80.85,147.31
2019.01,Ethiopia,14,80.44,142.03
2019.01,Jordan,15,80.39,142.27
2019.01,Cambodia,16,80.03,141.86
2019.01,Iran,17,79.35,145.47
2019.01,Iraq,18,79.32,140.01
2019.01,Azerbaijan,19,78.32,137.95
2019.01,Dominican Republic,20,77.43,136.22
2019.01,Albania,21,77.07,135.22
2019.01,Pakistan,22,75.89,133.09
2019.01,India,23,75.81,133.15
2019.01,Philippines,24,74.47,130.9
2019.01,Kazakhstan,25,74.25,135.31
2019.01,Venezuela,26,73.88,130.79
2019.01,Malta,27,73.75,129.25
2019.01,Bahrain,28,73.33,132.98
2019.01,Kenya,29,72.96,129.16
2019.01,Georgia,30,72.46,131
2019.01,Thailand,31,72.21,126.13
2019.01,Kuwait,32,71.6,126.94
2019.01,Jamaica,33,71.13,124.87
2019.01,Zimbabwe,34,70.99,125.59
2019.01,Turkey,35,69.15,121.22
2019.01,Tunisia,36,68.16,118.74
2019.01,Saudi Arabia,37,67.26,118.24
2019.01,Trinidad And Tobago,38,66.96,115.79
2019.01,Ukraine,39,66.63,115.57
2019.01,Qatar,40,66.48,117.57
2019.01,Hong Kong,41,66.39,118.19
2019.01,Mexico,42,66.02,113.99
2019.01,Morocco,43,65.71,113.93
2019.01,Chile,44,65.54,120.58
2019.01,Algeria,45,64.69,113.12
2019.01,Tanzania,46,64.5,113.22
2019.01,Bulgaria,47,63.98,115.84
2019.01,Malaysia,48,63.74,109.25
2019.01,Taiwan,49,63.47,110.59
2019.01,Bosnia And Herzegovina,50,63.47,113.34
2019.01,Russia,51,62.8,108.07
2019.01,Indonesia,52,62.78,107.43
2019.01,Panama,53,62,109.33
2019.01,Colombia,54,61.74,110.82
2019.01,Armenia,55,61.55,111.54
2019.01,Serbia,56,58.86,101.4
2019.01,Mauritius,57,58.48,100.39
2019.01,Brazil,58,57.72,98.82
2019.01,Sri Lanka,59,57.69,98.43
2019.01,Israel,60,57.25,101.22
2019.01,South Africa,61,56.95,97.14
2019.01,Ecuador,62,56.89,96.96
2019.01,Romania,63,55.39,93.6
2019.01,South Korea,64,54.19,98.1
2019.01,Cyprus,65,53.75,90.85
2019.01,Italy,66,53.75,90.89
2019.01,United Arab Emirates,67,53.11,90.82
2019.01,Poland,68,52.38,92.97
2019.01,Argentina,69,52.35,89.18
2019.01,Greece,70,51.86,90.5
2019.01,Costa Rica,71,50.21,87.05
2019.01,Belgium,72,49.89,84.6
2019.01,Puerto Rico,73,49.18,84.6
2019.01,Uruguay,74,46.63,82.54
2019.01,Hungary,75,46.47,79.89
2019.01,Montenegro,76,45.23,76.9
2019.01,France,77,42.7,71.32
2019.01,Slovakia,78,41.89,70.72
2019.01,Belarus,79,40.97,67.62
2019.01,Czech Republic,80,40.96,69.06
2019.01,Oman,81,39.51,64.12
2019.01,United Kingdom,82,39.43,64.81
2019.01,Spain,83,39.36,64.68
2019.01,Japan,84,37.08,59.41
2019.01,Latvia,85,34.96,56.68
2019.01,United States,86,33.95,56.49
2019.01,Singapore,87,32.29,54.68
2019.01,Portugal,88,31.58,51.43
2019.01,Ireland,89,31.12,52
2019.01,Croatia,90,31.03,50.66
2019.01,Lithuania,91,30.84,50.41
2019.01,Germany,92,28.01,44.75
2019.01,Canada,93,27.85,45.65
2019.01,Netherlands,94,27.45,45.05
2019.01,Slovenia,95,24.33,43.03
2019.01,Australia,96,23.97,38.67
2019.01,New Zealand,97,22.74,38.73
2019.01,Luxembourg,98,22.61,33.95
2019.01,Denmark,99,22.14,33.98
2019.01,Switzerland,100,22.03,35.61
2019.01,Austria,101,21.97,36.01
2019.01,Norway,102,19.86,32.5
2019.01,Estonia,103,18.15,30.43
2019.01,Sweden,104,18.01,28.74
2019.01,Iceland,105,15.24,26.81
2019.01,Finland,106,11.93,21
2019.06,Mongolia,1,93.2,171.28
2019.06,Myanmar,2,93.08,169.12
2019.06,Afghanistan,3,91.94,165.72
2019.06,Ghana,4,89.95,161.37
2019.06,Bangladesh,5,88.81,159.75
2019.06,Lebanon,6,87.65,156.44
2019.06,Nigeria,7,87.16,155.82
2019.06,Egypt,8,86.31,154.05
2019.06,Vietnam,9,86.29,154.57
2019.06,Monaco,10,86.04,158.17
2019.06,Nepal,11,85,151.48
2019.06,Peru,12,84.6,151.35
2019.06,China,13,81.24,147.5
2019.06,Cambodia,14,80.51,142.86
2019.06,North Macedonia,15,80.12,146.08
2019.06,Iraq,16,80.09,141.54
2019.06,Ethiopia,17,79.4,140
2019.06,Azerbaijan,18,79.36,139.93
2019.06,Jordan,19,78.95,139.48
2019.06,Iran,20,78.03,143.18
2019.06,Dominican Republic,21,77.87,137.18
2019.06,Malta,22,76.12,133.49
2019.06,Albania,23,75.75,132.56
2019.06,India,24,75.55,132.69
2019.06,Kazakhstan,25,75.42,137.68
2019.06,Venezuela,26,75.02,132.87
2019.06,Pakistan,27,74.78,130.9
2019.06,Philippines,28,74.55,131.11
2019.06,Guatemala,29,74.53,130.73
2019.06,Thailand,30,74.04,129.89
2019.06,Kenya,31,74.01,131.08
2019.06,Zimbabwe,32,72.67,128.83
2019.06,Georgia,33,71.55,129.52
2019.06,Syria,34,70.73,122.79
2019.06,Bahrain,35,70.61,127.7
2019.06,Kuwait,36,70.2,124.29
2019.06,Tunisia,37,69.82,121.83
2019.06,Jamaica,38,69.75,122.17
2019.06,Turkey,39,68.63,119.93
2019.06,Morocco,40,68.14,118.62
2019.06,Hong Kong,41,67.34,119.91
2019.06,Trinidad And Tobago,42,67.18,116.36
2019.06,Mexico,43,66.88,115.67
2019.06,Saudi Arabia,44,66.07,115.94
2019.06,Algeria,45,65.65,114.98
2019.06,Ukraine,46,65.55,113.5
2019.06,Chile,47,65.1,119.73
2019.06,Tanzania,48,64.5,113.22
2019.06,Indonesia,49,64.39,110.56
2019.06,Taiwan,50,64.2,112.06
2019.06,Panama,51,63.97,113
2019.06,Bulgaria,52,63.57,115.3
2019.06,Bosnia And Herzegovina,53,63.53,112.96
2019.06,Russia,54,63.49,109.38
2019.06,Malaysia,55,62.92,107.68
2019.06,Colombia,56,62.57,112.54
2019.06,Qatar,57,61.62,107.81
2019.06,Armenia,58,60.94,110.41
2019.06,Serbia,59,58.6,101.38
2019.06,Sri Lanka,60,58.38,99.64
2019.06,Israel,61,56.93,100.6
2019.06,Ecuador,62,56.57,96.33
2019.06,Romania,63,56.55,96.04
2019.06,South Africa,64,56.2,95.76
2019.06,Brazil,65,56.1,95.94
2019.06,Mauritius,66,55.67,94.86
2019.06,Italy,67,54.97,93.21
2019.06,South Korea,68,54.8,99.47
2019.06,Cyprus,69,54.17,91.54
2019.06,United Arab Emirates,70,52.99,90.43
2019.06,Poland,71,52.88,94.04
2019.06,Greece,72,52.48,91.6
2019.06,Argentina,73,51.89,88.34
2019.06,Belgium,74,50.48,85.78
2019.06,Puerto Rico,75,50.12,85.76
2019.06,Costa Rica,76,49.23,85.36
2019.06,Hungary,77,47.57,82
2019.06,Montenegro,78,46.08,78.47
2019.06,Uruguay,79,45.56,80.92
2019.06,Belarus,80,43.75,72.46
2019.06,France,81,42.91,71.53
2019.06,Slovakia,82,40.64,68.32
2019.06,United Kingdom,83,40.63,67.1
2019.06,Czech Republic,84,40.09,67.72
2019.06,Spain,85,39.16,64.12
2019.06,Oman,86,37.8,61.02
2019.06,Japan,87,36.78,58.82
2019.06,United States,88,35.74,59.2
2019.06,Ireland,89,33.02,55.11
2019.06,Latvia,90,32.87,53.23
2019.06,Singapore,91,32.06,54.51
2019.06,Portugal,92,30.65,49.83
2019.06,Lithuania,93,29.84,48.66
2019.06,Croatia,94,29.06,47.32
2019.06,Germany,95,28.42,45.55
2019.06,Canada,96,27.66,45.15
2019.06,Netherlands,97,27.34,44.71
2019.06,Luxembourg,98,23.53,35.28
2019.06,New Zealand,99,23.49,40.3
2019.06,Slovenia,100,23.21,40.95
2019.06,Australia,101,23.15,37.23
2019.06,Austria,102,21.78,36.11
2019.06,Switzerland,103,21.31,34.6
2019.06,Denmark,104,20.79,32.04
2019.06,Norway,105,20.29,32.81
2019.06,Estonia,106,19.88,33.25
2019.06,Sweden,107,17.45,27.46
2019.06,Iceland,108,15.65,27.37
2019.06,Finland,109,11.57,20.14
2020.01,Afghanistan,1,93.45,168.83
2020.01,Myanmar,2,92.54,168.16
2020.01,Mongolia,3,92.45,170.05
2020.01,Ghana,4,89.2,160
2020.01,Lebanon,5,88.37,157.8
2020.01,Nigeria,6,87.63,156.63
2020.01,Vietnam,7,86.47,154.89
2020.01,Monaco,8,86.33,157.83
2020.01,Bangladesh,9,86.21,154.51
2020.01,Egypt,10,85.65,152.79
2020.01,Nepal,11,84.77,150.98
2020.01,Peru,12,84.13,150.32
2020.01,China,13,80.77,146.39
2020.01,North Macedonia,14,80.23,146.17
2020.01,Cambodia,15,79.5,140.79
2020.01,Ethiopia,16,79.19,139.57
2020.01,India,17,78.87,139.31
2020.01,Iraq,18,78.83,139.07
2020.01,Azerbaijan,19,78.12,137.71
2020.01,Dominican Republic,20,77.9,137.15
2020.01,Jordan,21,77.78,137.15
2020.01,Albania,22,77.77,136.72
2020.01,Iran,23,77.45,142.02
2020.01,Malta,24,77.07,135.35
2020.01,Kenya,25,76.6,135.91
2020.01,Kazakhstan,26,75.15,137
2020.01,Thailand,27,75.07,131.92
2020.01,Zimbabwe,28,74.61,132.35
2020.01,Bolivia,29,74.6,130.8
2020.01,Philippines,30,74.28,130.61
2020.01,Pakistan,31,74.25,129.91
2020.01,Venezuela,32,73.76,130.51
2020.01,Bahrain,33,71.43,128.76
2020.01,Georgia,34,71.09,128.31
2020.01,Guatemala,35,70.65,122.99
2020.01,Morocco,36,70.64,123.38
2020.01,Tunisia,37,69.53,121.21
2020.01,Jamaica,38,68.92,120.35
2020.01,Kuwait,39,68.69,121.61
2020.01,Syria,40,68.42,118.23
2020.01,Trinidad And Tobago,41,68.31,118.43
2020.01,Hong Kong,42,67.69,120.55
2020.01,Turkey,43,67.35,117.28
2020.01,Indonesia,44,66.56,114.81
2020.01,Mexico,45,66.1,114.14
2020.01,Chile,46,65.78,121.09
2020.01,Algeria,47,65.75,115.2
2020.01,Bulgaria,48,65.33,118.68
2020.01,Saudi Arabia,49,65.09,114.09
2020.01,Ukraine,50,65.08,112.71
2020.01,Taiwan,51,63.35,110.37
2020.01,Malaysia,52,63.18,108.21
2020.01,Panama,53,63.09,111.37
2020.01,Tanzania,54,62.93,110.7
2020.01,Colombia,55,62.83,113.45
2020.01,Russia,56,62.79,108.08
2020.01,South Korea,57,62.48,114.41
2020.01,Bosnia And Herzegovina,58,62.33,110.57
2020.01,Qatar,59,61.06,106.93
2020.01,Serbia,60,60.32,104.77
2020.01,Armenia,61,60.23,108.79
2020.01,Sri Lanka,62,59.14,101.17
2020.01,Romania,63,58.42,99.69
2020.01,South Africa,64,57.3,97.9
2020.01,Israel,65,57.25,100.95
2020.01,Ecuador,66,57,97.19
2020.01,Mauritius,67,55.88,95.58
2020.01,Italy,68,55.63,94.51
2020.01,Brazil,69,54.98,93.96
2020.01,Poland,70,54.46,97.05
2020.01,Cyprus,71,53.55,90.51
2020.01,Belgium,72,52.94,90.05
2020.01,Greece,73,52.55,91.8
2020.01,United Arab Emirates,74,51.15,86.98
2020.01,Argentina,75,50.67,86.36
2020.01,Puerto Rico,76,49.93,85.74
2020.01,Hungary,77,48.29,83.58
2020.01,Costa Rica,78,46.97,81.09
2020.01,Montenegro,79,45.14,76.62
2020.01,Uruguay,80,44.84,79.76
2020.01,Belarus,81,43.63,72.24
2020.01,France,82,43.56,72.66
2020.01,United Kingdom,83,40.56,67.05
2020.01,Czech Republic,84,40.23,68.29
2020.01,Spain,85,39.99,65.48
2020.01,Slovakia,86,39.66,66.56
2020.01,Japan,87,39.59,64.06
2020.01,Oman,88,37.74,60.8
2020.01,United States,89,36.88,60.96
2020.01,Ireland,90,33.99,56.48
2020.01,Latvia,91,33.73,54.92
2020.01,Singapore,92,33.48,56.91
2020.01,Portugal,93,30.89,49.68
2020.01,Croatia,94,30.46,50.22
2020.01,Germany,95,29.03,46.68
2020.01,Lithuania,96,28.8,46.76
2020.01,Canada,97,27.83,45.33
2020.01,Netherlands,98,27.41,44.83
2020.01,Luxembourg,99,24.28,36.6
2020.01,Slovenia,100,24.06,42.51
2020.01,Australia,101,23.46,37.5
2020.01,New Zealand,102,23.4,39.9
2020.01,Switzerland,103,22.39,36.03
2020.01,Austria,104,22.19,36.63
2020.01,Denmark,105,21.33,32.87
2020.01,Norway,106,20.35,32.66
2020.01,Estonia,107,19.81,33.12
2020.01,Sweden,108,18.09,28.34
2020.01,Iceland,109,16.21,28.12
2020.01,Finland,110,11.55,19.66
2020.06,Afghanistan,1,93.47,168.8
2020.06,Mongolia,2,92.03,169.01
2020.06,Myanmar,3,91.58,166.27
2020.06,Lebanon,4,88.91,158.88
2020.06,Ghana,5,88.51,158.71
2020.06,Nigeria,6,86.89,155.16
2020.06,Monaco,7,86.53,158.01
2020.06,Vietnam,8,86.05,154.05
2020.06,Bangladesh,9,85.83,153.72
2020.06,Nepal,10,84.8,151
2020.06,Egypt,11,84.69,150.92
2020.06,Peru,12,83.34,148.66
2020.06,North Macedonia,13,80.23,146.1
2020.06,China,14,79.88,144.47
2020.06,Ethiopia,15,79.87,140.93
2020.06,Chile,16,79.74,143.52
2020.06,India,17,79.56,140.66
2020.06,Albania,18,78.24,137.57
2020.06,Cambodia,19,78.19,138.02
2020.06,Laos,20,78,138.82
2020.06,Malta,21,77.62,136.35
2020.06,Jordan,22,76.81,135.25
2020.06,Iran,23,76.69,140.44
2020.06,Kenya,24,76.56,135.93
2020.06,Azerbaijan,25,76.3,134.05
2020.06,Dominican Republic,26,75.72,132.72
2020.06,Thailand,27,75.26,132.3
2020.06,Bolivia,28,74.96,131.6
2020.06,Philippines,29,74.24,130.48
2020.06,Venezuela,30,73.87,130.87
2020.06,Pakistan,31,73.48,128.31
2020.06,Guatemala,32,73.04,127.62
2020.06,Zimbabwe,33,73.03,129.42
2020.06,Iraq,34,72.83,127.13
2020.06,Kazakhstan,35,72.1,130.17
2020.06,Syria,36,70.75,122.73
2020.06,Georgia,37,70.6,127.16
2020.06,Bahrain,38,70.58,127.21
2020.06,Tunisia,39,70.49,123.12
2020.06,Morocco,40,70.1,122.29
2020.06,Jamaica,41,68.25,119.03
2020.06,Trinidad And Tobago,42,67.99,117.76
2020.06,Hong Kong,43,67.6,120.47
2020.06,Indonesia,44,66.9,115.47
2020.06,Kuwait,45,66.37,117.02
2020.06,Turkey,46,66.22,115.02
2020.06,Bulgaria,47,65.43,118.9
2020.06,Algeria,48,65.32,114.14
2020.06,Ukraine,49,65.14,112.82
2020.06,Saudi Arabia,50,64.34,112.61
2020.06,Tanzania,51,63.98,112.24
2020.06,Mexico,52,63.29,108.53
2020.06,Poland,53,63.09,112.22
2020.06,Taiwan,54,63.08,109.98
2020.06,Malaysia,55,62.81,107.54
2020.06,Russia,56,62.58,107.78
2020.06,Colombia,57,62.44,112.07
2020.06,South Korea,58,62.25,114.07
2020.06,Bosnia And Herzegovina,59,61.72,109.97
2020.06,Serbia,60,61.21,106.57
2020.06,Qatar,61,60.41,105.97
2020.06,Sri Lanka,62,60.03,102.95
2020.06,Armenia,63,59.74,107.4
2020.06,Panama,64,59.03,103.08
2020.06,Romania,65,58.79,100.43
2020.06,Israel,66,57.48,101.33
2020.06,South Africa,67,57.12,97.52
2020.06,Ecuador,68,56.86,97.03
2020.06,Mauritius,69,56.19,96
2020.06,Italy,70,55.65,94.64
2020.06,Cyprus,71,55.11,93.34
2020.06,Brazil,72,54.67,93.32
2020.06,Belgium,73,53.66,91.3
2020.06,Greece,74,52.33,91.27
2020.06,United Arab Emirates,75,50.66,86.09
2020.06,Argentina,76,50.61,86.28
2020.06,Puerto Rico,77,50.06,85.85
2020.06,Hungary,78,48.66,84.45
2020.06,Montenegro,79,46.22,78.57
2020.06,Costa Rica,80,46.08,79.41
2020.06,Uruguay,81,45.8,80.87
2020.06,France,82,43.64,72.66
2020.06,Belarus,83,43.58,72.24
2020.06,United Kingdom,84,40.62,67.25
2020.06,Spain,85,40.37,66.08
2020.06,Slovakia,86,39.99,67.21
2020.06,Czech Republic,87,39.46,67.12
2020.06,Japan,88,39.34,63.64
2020.06,United States,89,38.17,63.1
2020.06,Oman,90,37.51,60.64
2020.06,Ireland,91,34.29,56.88
2020.06,Latvia,92,34.07,55.59
2020.06,Singapore,93,33.3,56.58
2020.06,Portugal,94,30.38,48.63
2020.06,Croatia,95,30.07,49.67
2020.06,Germany,96,29.28,47.13
2020.06,Canada,97,27.97,45.53
2020.06,Lithuania,98,27.91,45.21
2020.06,Netherlands,99,26.11,42.53
2020.06,Luxembourg,100,24.47,37.06
2020.06,Slovenia,101,23.53,41.29
2020.06,New Zealand,102,23.52,40.04
2020.06,Australia,103,23.22,36.91
2020.06,Switzerland,104,21.89,35.26
2020.06,Austria,105,21.65,35.58
2020.06,Denmark,106,21.52,33.28
2020.06,Norway,107,20.14,32.38
2020.06,Sweden,108,19.05,29.57
2020.06,Estonia,109,19.02,31.38
2020.06,Iceland,110,16.2,27.95
2020.06,Finland,111,11.79,20
2021.01,Afghanistan,1,92.2,166.06
2021.01,Mongolia,2,91.84,168.56
2021.01,Myanmar,3,89.77,162.09
2021.01,Lebanon,4,89.35,159.74
2021.01,Ghana,5,88.98,159.57
2021.01,Nigeria,6,87.35,156.08
2021.01,Monaco,7,86.76,158.44
2021.01,Vietnam,8,85.92,153.86
2021.01,Bangladesh,9,84.91,151.78
2021.01,Egypt,10,84.35,150.23
2021.01,Nepal,11,84.26,149.91
2021.01,Peru,12,82.69,147.24
2021.01,China,13,81.47,148.51
2021.01,North Macedonia,14,80.03,145.67
2021.01,India,15,79.62,140.77
2021.01,Chile,16,78.96,141.8
2021.01,Laos,17,78.76,140.15
2021.01,Albania,18,78.59,138.19
2021.01,Cambodia,19,78.21,138.04
2021.01,Malta,20,77.76,136.51
2021.01,Ethiopia,21,77.74,136.71
2021.01,Iran,22,76.13,139.26
2021.01,Jordan,23,76.09,133.83
2021.01,Kenya,24,75.88,134.54
2021.01,Azerbaijan,25,75.44,132.3
2021.01,Thailand,26,75.39,132.55
2021.01,Venezuela,27,75.12,133.22
2021.01,Dominican Republic,28,75.08,131.43
2021.01,Zimbabwe,29,74.44,132.06
2021.01,Philippines,30,74.06,130.16
2021.01,Iraq,31,73.57,128.56
2021.01,Pakistan,32,73.36,128.07
2021.01,Bolivia,33,73.25,128.22
2021.01,Syria,34,72.62,126.27
2021.01,Kazakhstan,35,72.62,131.26
2021.01,Guatemala,36,72.49,126.52
2021.01,Bahrain,37,71.57,129.59
2021.01,Tunisia,38,70.85,123.78
2021.01,Morocco,39,70.38,122.72
2021.01,Georgia,40,69.7,125.1
2021.01,Trinidad And Tobago,41,67.44,116.7
2021.01,Hong Kong,42,67.3,119.74
2021.01,Indonesia,43,67.08,115.84
2021.01,Kuwait,44,66.72,117.62
2021.01,Jamaica,45,66.27,115.38
2021.01,Turkey,46,66.15,114.95
2021.01,Algeria,47,65.32,114.14
2021.01,Bulgaria,48,64.48,116.44
2021.01,Tanzania,49,64.38,112.88
2021.01,Ukraine,50,64.31,111.16
2021.01,Saudi Arabia,51,64.13,112.34
2021.01,Taiwan,52,62.92,109.55
2021.01,Colombia,53,62.88,112.28
2021.01,Malaysia,54,62.58,107.06
2021.01,Russia,55,62.32,107.22
2021.01,South Korea,56,61.85,113.14
2021.01,Mexico,57,61.24,104.53
2021.01,Serbia,58,61.2,106.61
2021.01,Bosnia And Herzegovina,59,60.71,107.5
2021.01,Armenia,60,60.23,108.35
2021.01,Qatar,61,60.18,105.59
2021.01,Sri Lanka,62,59.92,102.78
2021.01,Panama,63,59.77,104.48
2021.01,Israel,64,58.42,103.85
2021.01,Romania,65,58.42,99.76
2021.01,Ecuador,66,58.34,99.85
2021.01,Libya,67,57.78,99.92
2021.01,South Africa,68,56.96,97.23
2021.01,Cyprus,69,56.77,96.28
2021.01,Mauritius,70,56.19,96
2021.01,Brazil,71,54.53,93.05
2021.01,Poland,72,54.33,96.05
2021.01,Italy,73,53.93,90.98
2021.01,Greece,74,51.95,90.54
2021.01,Argentina,75,50.73,86.57
2021.01,Puerto Rico,76,50.45,86.49
2021.01,United Arab Emirates,77,50.44,85.68
2021.01,Belgium,78,50.27,84.68
2021.01,Hungary,79,47.81,82.73
2021.01,Montenegro,80,46.91,79.52
2021.01,Uruguay,81,45.67,80.91
2021.01,Belarus,82,44.47,74.02
2021.01,Costa Rica,83,44.07,75.74
2021.01,France,84,41.79,69.72
2021.01,United Kingdom,85,40.25,66.54
2021.01,Spain,86,39.62,64.93
2021.01,Japan,87,39.4,63.75
2021.01,Slovakia,88,39.08,65.71
2021.01,United States,89,38.89,64.28
2021.01,Oman,90,37.59,60.48
2021.01,Czech Republic,91,36.3,60.53
2021.01,Latvia,92,33.91,55.28
2021.01,Ireland,93,33.59,56.08
2021.01,Singapore,94,33.16,56.27
2021.01,Croatia,95,30.58,50.49
2021.01,Portugal,96,29.57,47.53
2021.01,Canada,97,28.13,45.93
2021.01,Germany,98,27.48,44.33
2021.01,Lithuania,99,27.01,43.6
2021.01,Netherlands,100,25.28,41.11
2021.01,New Zealand,101,23.81,40.63
2021.01,Australia,102,23.48,37.32
2021.01,Luxembourg,103,23.27,35.02
2021.01,Slovenia,104,22.65,39.63
2021.01,Denmark,105,20.4,31.58
2021.01,Switzerland,106,20.09,32.19
2021.01,Austria,107,19.2,31.28
2021.01,Estonia,108,19.01,31.21
2021.01,Sweden,109,18.44,28.69
2021.01,Norway,110,18.14,29.19
2021.01,Iceland,111,16.24,27.97
2021.01,Finland,112,11.86,20.22
2021.06,Mongolia,1,91.84,168.56
2021.06,Cameroon,2,90.12,162.4
2021.06,Myanmar,3,89.77,162.09
2021.06,Afghanistan,4,89.62,160.84
2021.06,Lebanon,5,89.08,159.22
2021.06,Ghana,6,88.98,159.57
2021.06,Nigeria,7,87.7,156.76
2021.06,Monaco,8,86.47,157.58
2021.06,Vietnam,9,85.54,153.11
2021.06,Bangladesh,10,84.94,151.81
2021.06,Nepal,11,84.12,149.64
2021.06,Egypt,12,83.92,149.39
2021.06,Peru,13,82.31,146.52
2021.06,China,14,81.17,147.94
2021.06,Malta,15,80.29,141.45
2021.06,India,16,79.89,141.28
2021.06,North Macedonia,17,79.75,145.22
2021.06,Albania,18,78.87,138.76
2021.06,Laos,19,78.76,140.15
2021.06,Chile,20,78.63,141.14
2021.06,Cambodia,21,78.27,138.16
2021.06,Ethiopia,22,77.74,136.71
2021.06,Jordan,23,76.38,134.38
2021.06,Zimbabwe,24,76.01,135.05
2021.06,Kenya,25,75.92,134.59
2021.06,Iran,26,75.7,138.44
2021.06,Dominican Republic,27,75.64,132.48
2021.06,Thailand,28,75.35,132.48
2021.06,Venezuela,29,75.26,133.53
2021.06,Azerbaijan,30,74.3,130.06
2021.06,Iraq,31,73.72,128.78
2021.06,Philippines,32,73.69,129.45
2021.06,Syria,33,73.58,128.16
2021.06,Pakistan,34,73.41,128.13
2021.06,Bolivia,35,73.21,128.04
2021.06,Kazakhstan,36,73.17,132.34
2021.06,Guatemala,37,72.74,126.92
2021.06,Bahrain,38,71.5,129.52
2021.06,Tunisia,39,71.31,124.61
2021.06,Georgia,40,70.02,125.75
2021.06,Morocco,41,69.42,120.88
2021.06,Hong Kong,42,67.38,119.94
2021.06,Indonesia,43,67.15,115.97
2021.06,Trinidad And Tobago,44,66.66,115.15
2021.06,Kuwait,45,66.15,116.32
2021.06,Turkey,46,65.79,114.2
2021.06,Jamaica,47,65.77,114.45
2021.06,Algeria,48,65.26,114.2
2021.06,Bulgaria,49,64.54,116.58
2021.06,Moldova,50,64.44,112.5
2021.06,Tanzania,51,64.38,112.88
2021.06,Saudi Arabia,52,63.91,112.06
2021.06,Ukraine,53,63.59,109.77
2021.06,Taiwan,54,62.98,109.6
2021.06,Colombia,55,62.89,112.33
2021.06,Malaysia,56,62.63,107.17
2021.06,Russia,57,62.63,107.84
2021.06,South Korea,58,62.42,114.2
2021.06,Serbia,59,61.66,107.58
2021.06,Bosnia And Herzegovina,60,61.04,108.15
2021.06,Armenia,61,60.51,108.95
2021.06,Qatar,62,60.19,105.78
2021.06,Sri Lanka,63,59.97,102.93
2021.06,Mexico,64,59.9,101.92
2021.06,Panama,65,59.36,103.76
2021.06,Romania,66,58.65,100.22
2021.06,Ecuador,67,58.36,99.85
2021.06,Israel,68,58.13,103.28
2021.06,Libya,69,57.5,99.7
2021.06,Poland,70,57.34,101.22
2021.06,South Africa,71,56.45,96.26
2021.06,Cyprus,72,55.06,92.94
2021.06,Mauritius,73,54.47,92.65
2021.06,Brazil,74,54.4,92.78
2021.06,Italy,75,54.06,91.3
2021.06,Fiji,76,52.42,90.24
2021.06,Greece,77,52.1,90.87
2021.06,Argentina,78,51.01,87.1
2021.06,Puerto Rico,79,50.24,85.7
2021.06,Belgium,80,50.09,84.3
2021.06,United Arab Emirates,81,49.93,84.72
2021.06,Hungary,82,48.12,83.31
2021.06,Montenegro,83,46.91,79.52
2021.06,Uruguay,84,45.39,80.81
2021.06,Belarus,85,44.79,74.45
2021.06,Costa Rica,86,44.07,75.74
2021.06,France,87,42.17,70.36
2021.06,United Kingdom,88,40.1,66.29
2021.06,Spain,89,39.73,65.14
2021.06,Slovakia,90,39.5,66.39
2021.06,United States,91,39.26,64.89
2021.06,Japan,92,39.1,63.23
2021.06,Oman,93,37.21,59.77
2021.06,Czech Republic,94,36.31,60.39
2021.06,Ireland,95,33.86,56.46
2021.06,Latvia,96,33.23,54.04
2021.06,Singapore,97,33.14,56.31
2021.06,Croatia,98,30.84,50.99
2021.06,Portugal,99,30.19,48.54
2021.06,Canada,100,28.54,46.57
2021.06,Germany,101,27.81,44.93
2021.06,Lithuania,102,26.67,42.99
2021.06,Netherlands,103,25.39,41.31
2021.06,New Zealand,104,23.72,40.5
2021.06,Australia,105,23.69,37.66
2021.06,Luxembourg,106,23.27,35.02
2021.06,Slovenia,107,22.65,39.47
2021.06,Denmark,108,21.29,32.93
2021.06,Austria,109,20.42,33.12
2021.06,Switzerland,110,19.86,31.78
2021.06,Estonia,111,19.72,32.23
2021.06,Sweden,112,18.46,28.84
2021.06,Norway,113,18.09,29.12
2021.06,Iceland,114,15.97,27.5
2021.06,Finland,115,11.99,20.36
2022.01,Cameroon,1,93.08,168.39
2022.01,Mongolia,2,92.04,168.85
2022.01,Myanmar,3,89.61,161.77
2022.01,Lebanon,4,89.27,159.59
2022.01,Ghana,5,88.98,159.57
2022.01,Nigeria,6,88.32,157.95
2022.01,Afghanistan,7,86.83,155.12
2022.01,Vietnam,8,85.52,153.1
2022.01,Monaco,9,85.25,155.01
2022.01,Bangladesh,10,84.99,151.87
2022.01,Nepal,11,83.98,149.38
2022.01,Egypt,12,83.64,148.77
2022.01,Peru,13,82.88,147.65
2022.01,Malta,14,81.02,142.92
2022.01,China,15,80.57,146.69
2022.01,North Macedonia,16,79.69,145.1
2022.01,Albania,17,79.07,139.15
2022.01,Chile,18,78.54,141.02
2022.01,Cambodia,19,78.31,138.23
2022.01,Laos,20,78.19,138.95
2022.01,Ethiopia,21,77.74,136.71
2022.01,Jordan,22,76.26,134.15
2022.01,Thailand,23,75.52,132.83
2022.01,Iran,24,75.4,137.91
2022.01,Venezuela,25,75.38,133.78
2022.01,Bolivia,26,74.64,130.92
2022.01,Zimbabwe,27,74.55,132.12
2022.01,Dominican Republic,28,74.44,130.12
2022.01,Azerbaijan,29,74.3,130.01
2022.01,Iraq,30,74.26,129.84
2022.01,Syria,31,73.76,128.55
2022.01,Pakistan,32,73.67,128.64
2022.01,Kazakhstan,33,73.4,132.97
2022.01,Philippines,34,73.36,128.84
2022.01,India,35,73.05,127.49
2022.01,Guatemala,36,72.82,126.97
2022.01,Tunisia,37,70.84,123.66
2022.01,Bahrain,38,70.69,127.88
2022.01,Morocco,39,69.34,120.68
2022.01,Kenya,40,69.34,121.29
2022.01,Georgia,41,69.28,124.54
2022.01,Hong Kong,42,67.57,120.26
2022.01,Indonesia,43,67.17,116.01
2022.01,Trinidad And Tobago,44,66.66,115.15
2022.01,Kuwait,45,66.15,116.32
2022.01,Jamaica,46,65.94,114.78
2022.01,Turkey,47,65.49,113.59
2022.01,Algeria,48,65,113.73
2022.01,Taiwan,49,64.68,112.68
2022.01,Moldova,50,64.65,112.77
2022.01,Bulgaria,51,64.28,116.08
2022.01,Saudi Arabia,52,63.8,111.86
2022.01,Tanzania,53,63.4,111.16
2022.01,Colombia,54,62.98,111.45
2022.01,Ukraine,55,62.91,108.43
2022.01,Serbia,56,62.9,110
2022.01,South Korea,57,62.42,114.06
2022.01,Malaysia,58,62.11,106.16
2022.01,Russia,59,61.8,106.19
2022.01,Bosnia And Herzegovina,60,60.92,107.94
2022.01,Sri Lanka,61,60.18,103.32
2022.01,Armenia,62,59.98,107.98
2022.01,Qatar,63,59.9,105.59
2022.01,Panama,64,58.72,102.56
2022.01,Romania,65,58.64,100.19
2022.01,Mexico,66,58.46,99.12
2022.01,Ecuador,67,58.22,99.5
2022.01,Israel,68,57.72,102.36
2022.01,Libya,69,56.94,99.1
2022.01,Cyprus,70,56.85,96.33
2022.01,South Africa,71,56.57,96.45
2022.01,Mauritius,72,55.24,93.99
2022.01,Poland,73,54.74,96.94
2022.01,Italy,74,54.14,91.47
2022.01,Brazil,75,53.84,91.7
2022.01,Fiji,76,52.42,90.24
2022.01,Greece,77,51.94,90.6
2022.01,Argentina,78,51.19,87.47
2022.01,Belgium,79,50.11,84.39
2022.01,Puerto Rico,80,50.03,85.27
2022.01,United Arab Emirates,81,49.71,84.34
2022.01,Hungary,82,47.89,82.84
2022.01,Montenegro,83,46.97,79.91
2022.01,Uruguay,84,45.19,80.36
2022.01,Belarus,85,44.79,74.41
2022.01,Costa Rica,86,44.66,76.54
2022.01,France,87,42.44,70.73
2022.01,United Kingdom,88,40.2,66.47
2022.01,Spain,89,39.66,65.02
2022.01,Slovakia,90,39.08,65.68
2022.01,Japan,91,38.82,62.78
2022.01,Oman,92,37.21,59.77
2022.01,Czech Republic,93,35.86,59.61
2022.01,United States,94,35.33,58.41
2022.01,Ireland,95,34.81,57.87
2022.01,Singapore,96,33.31,56.54
2022.01,Latvia,97,32.72,53.07
2022.01,Croatia,98,31.19,51.45
2022.01,Portugal,99,30.48,49.02
2022.01,Canada,100,28.76,46.91
2022.01,Germany,101,27.75,44.85
2022.01,Lithuania,102,26.74,43.24
2022.01,Netherlands,103,25.07,40.7
2022.01,Luxembourg,104,23.92,36.34
2022.01,Australia,105,23.85,37.9
2022.01,New Zealand,106,23.62,40.16
2022.01,Slovenia,107,22.88,40.04
2022.01,Austria,108,21.73,35.04
2022.01,Denmark,109,20.97,32.45
2022.01,Estonia,110,19.75,32.09
2022.01,Switzerland,111,19.59,31.34
2022.01,Sweden,112,18.32,28.56
2022.01,Norway,113,17.95,28.79
2022.01,Iceland,114,15.83,27.21
2022.01,Finland,115,12.09,20.48
2022.06,Cameroon,1,93.49,169.36
2022.06,Mongolia,2,92.41,169.46
2022.06,Myanmar,3,89.77,162.15
2022.06,Lebanon,4,89.5,160.06
2022.06,Ghana,5,88.27,158.08
2022.06,Nigeria,6,88.09,157.45
2022.06,Afghanistan,7,87.83,157.07
2022.06,Vietnam,8,85.59,153.27
2022.06,Bangladesh,9,85.53,152.94
2022.06,Monaco,10,85.25,155.01
2022.06,Nepal,11,84.11,149.58
2022.06,Egypt,12,83.37,148.21
2022.06,Peru,13,82.4,146.74
2022.06,Malta,14,81.08,143.01
2022.06,China,15,80.21,145.92
2022.06,North Macedonia,16,79.52,144.81
2022.06,Cambodia,17,78.31,138.23
2022.06,Chile,18,78.3,140.57
2022.06,Laos,19,78.19,138.95
2022.06,Ethiopia,20,78.04,137.32
2022.06,Albania,21,77.98,136.92
2022.06,Jordan,22,76.21,134.1
2022.06,Venezuela,23,75.65,134.24
2022.06,Thailand,24,75.37,132.54
2022.06,Iran,25,75.22,137.58
2022.06,Syria,26,74.69,130.35
2022.06,Zimbabwe,27,74.52,132.01
2022.06,Dominican Republic,28,74.1,129.46
2022.06,Azerbaijan,29,74.01,129.32
2022.06,Pakistan,30,73.67,128.63
2022.06,Iraq,31,73.59,128.51
2022.06,Guatemala,32,73.33,127.9
2022.06,Bolivia,33,73.25,128.17
2022.06,India,34,73.04,127.46
2022.06,Kazakhstan,35,72.96,132.05
2022.06,Philippines,36,72.94,128.04
2022.06,Bahrain,37,71.36,128.93
2022.06,Tunisia,38,69.91,121.75
2022.06,Kyrgyzstan,39,69.74,128.86
2022.06,Morocco,40,69.27,120.53
2022.06,Kenya,41,69.21,121.13
2022.06,Georgia,42,69.05,124.25
2022.06,Kuwait,43,67.83,119.52
2022.06,Indonesia,44,67.17,116.01
2022.06,Hong Kong,45,67.16,119.47
2022.06,Trinidad And Tobago,46,66.81,115.47
2022.06,Jamaica,47,65.94,114.78
2022.06,Turkey,48,65.1,112.72
2022.06,Taiwan,49,64.88,112.93
2022.06,Algeria,50,64.35,112.18
2022.06,Moldova,51,64.15,111.79
2022.06,Bulgaria,52,63.84,115.12
2022.06,Tanzania,53,63.4,111.16
2022.06,Serbia,54,63.29,110.88
2022.06,Saudi Arabia,55,63.28,110.79
2022.06,Colombia,56,63.12,111.35
2022.06,South Korea,57,62.42,114.1
2022.06,Ukraine,58,62.26,107.17
2022.06,Malaysia,59,62.16,106.25
2022.06,Russia,60,60.83,104.26
2022.06,Sri Lanka,61,60.25,103.41
2022.06,Bosnia And Herzegovina,62,60.2,106.37
2022.06,Poland,63,60.06,106.49
2022.06,Qatar,64,60.05,105.76
2022.06,Armenia,65,59.81,108.06
2022.06,Romania,66,58.52,99.99
2022.06,Ecuador,67,58.34,99.65
2022.06,Mexico,68,58.27,98.76
2022.06,Panama,69,57.82,100.9
2022.06,Israel,70,57.79,102.55
2022.06,Libya,71,56.84,98.8
2022.06,South Africa,72,56.39,96.06
2022.06,Cyprus,73,55.23,93.06
2022.06,Mauritius,74,54.8,93.14
2022.06,Italy,75,54.44,92.07
2022.06,Brazil,76,53.72,91.43
2022.06,Fiji,77,53.16,91.3
2022.06,Greece,78,51.79,90.42
2022.06,Argentina,79,50.86,86.87
2022.06,Belgium,80,49.84,83.87
2022.06,Puerto Rico,81,48.9,83.5
2022.06,United Arab Emirates,82,47.94,80.93
2022.06,Hungary,83,47.75,82.59
2022.06,Montenegro,84,46.56,79.32
2022.06,Uruguay,85,44.82,79.67
2022.06,Belarus,86,44.43,73.76
2022.06,Costa Rica,87,44.19,75.79
2022.06,France,88,42.21,70.32
2022.06,United Kingdom,89,40.37,66.78
2022.06,Japan,90,39.09,63.2
2022.06,Spain,91,39.08,64.03
2022.06,Slovakia,92,38.57,64.64
2022.06,Oman,93,36.76,58.94
2022.06,United States,94,35.72,59.07
2022.06,Czech Republic,95,35.32,58.64
2022.06,Ireland,96,35,58.22
2022.06,Singapore,97,33.02,56.03
2022.06,Latvia,98,31.99,51.6
2022.06,Croatia,99,31.41,51.69
2022.06,Portugal,100,30.98,49.85
2022.06,Canada,101,28.93,47.19
2022.06,Germany,102,28.14,45.54
2022.06,Lithuania,103,24.8,39.97
2022.06,Netherlands,104,24.72,40.16
2022.06,Australia,105,24.19,38.43
2022.06,Luxembourg,106,24.1,36.68
2022.06,New Zealand,107,23.87,40.7
2022.06,Slovenia,108,22.76,39.81
2022.06,Austria,109,22.16,35.62
2022.06,Denmark,110,20.92,32.41
2022.06,Switzerland,111,19.39,31.03
2022.06,Estonia,112,18.36,30.1
2022.06,Norway,113,17.99,28.89
2022.06,Sweden,114,17.96,27.99
2022.06,Iceland,115,15.83,27.43
2022.06,Finland,116,12.02,20.31
2023.01,Mongolia,1,92.4,169.6
2023.01,Myanmar,2,89.8,162.3
2023.01,Lebanon,3,89.4,159.9
2023.01,Ghana,4,88.3,158.1
2023.01,Nigeria,5,88,157.3
2023.01,Afghanistan,6,87.4,156.1
2023.01,Monaco,7,85.7,155.6
2023.01,Bangladesh,8,85.1,152
2023.01,Vietnam,9,85.1,152.2
2023.01,Nepal,10,84.1,149.7
2023.01,Egypt,11,83.2,147.8
2023.01,Peru,12,82.4,146.6
2023.01,Malta,13,81.2,143.4
2023.01,North Macedonia,14,79.7,145.1
2023.01,China,15,79.3,144.2
2023.01,Cambodia,16,78.3,138.2
2023.01,Chile,17,77.9,139.8
2023.01,Ethiopia,18,76.8,134.9
2023.01,Albania,19,76.5,134
2023.01,Jordan,20,76.4,134.5
2023.01,Venezuela,21,75.7,134.2
2023.01,Zimbabwe,22,75.6,134
2023.01,Thailand,23,75.3,132.5
2023.01,Iran,24,75.3,138
2023.01,Syria,25,74.7,130.4
2023.01,Iraq,26,74,129.3
2023.01,Azerbaijan,27,73.9,129.2
2023.01,Pakistan,28,73.6,128.5
2023.01,Guatemala,29,73.4,128
2023.01,Kazakhstan,30,73.1,132.4
2023.01,India,31,73,127.4
2023.01,Dominican Republic,32,72.9,127.1
2023.01,Philippines,33,72.9,127.8
2023.01,Bolivia,34,72.2,126
2023.01,Bahrain,35,71.4,128.9
2023.01,Tunisia,36,70.2,122.4
2023.01,Morocco,37,69.3,120.6
2023.01,Kenya,38,69.2,121.1
2023.01,Kuwait,39,67.8,119.5
2023.01,Georgia,40,67.8,121.9
2023.01,Hong Kong (China),41,67.2,119.5
2023.01,Indonesia,42,67.1,115.9
2023.01,Trinidad And Tobago,43,66.4,114.8
2023.01,Jamaica,44,66,114.9
2023.01,Turkey,45,65.1,112.6
2023.01,Taiwan (China),46,64.9,113
2023.01,Serbia,47,64.1,112.4
2023.01,Moldova,48,64,111.2
2023.01,Bulgaria,49,63.7,114.8
2023.01,Algeria,50,63.6,110.9
2023.01,Tanzania,51,63.4,111.2
2023.01,Saudi Arabia,52,63.3,110.8
2023.01,Colombia,53,63.1,111.3
2023.01,South Korea,54,62.3,113.7
2023.01,Ukraine,55,62.1,106.8
2023.01,Malaysia,56,61.7,105.4
2023.01,Russia,57,60.9,104.4
2023.01,Armenia,58,60.9,110
2023.01,Bosnia And Herzegovina,59,60.6,106.9
2023.01,Qatar,60,60,105.8
2023.01,Sri Lanka,61,59.4,101.8
2023.01,Romania,62,58.5,100
2023.01,Mexico,63,58.5,99.3
2023.01,Ecuador,64,58.4,99.8
2023.01,Israel,65,57.4,101.7
2023.01,Panama,66,57.3,99.9
2023.01,South Africa,67,56.4,96
2023.01,Cyprus,68,55.3,93.1
2023.01,Mauritius,69,54.8,93.1
2023.01,Italy,70,54.7,92.7
2023.01,Poland,71,54.5,96.6
2023.01,Brazil,72,53.7,91.3
2023.01,Greece,73,51.6,90.1
2023.01,Argentina,74,51.3,87.6
2023.01,Belgium,75,50.1,84.5
2023.01,Puerto Rico,76,48.9,83.5
2023.01,United Arab Emirates,77,48.2,81.5
2023.01,Hungary,78,47.7,82.6
2023.01,Montenegro,79,46.6,79.3
2023.01,Belarus,80,44.5,73.8
2023.01,Costa Rica,81,44.1,75.6
2023.01,Uruguay,82,43.9,78.2
2023.01,France,83,42.9,71.5
2023.01,United Kingdom,84,40.4,66.9
2023.01,Spain,85,39.6,64.9
2023.01,Japan,86,39.2,63.4
2023.01,Slovakia,87,38.3,64.2
2023.01,Oman,88,37.2,59.5
2023.01,United States,89,36.1,59.6
2023.01,Czech Republic,90,35.3,58.5
2023.01,Ireland,91,34.8,58
2023.01,Singapore,92,33.1,56.2
2023.01,Croatia,93,32,52.6
2023.01,Latvia,94,31.5,50.8
2023.01,Portugal,95,30.6,49.4
2023.01,Canada,96,29.1,47.5
2023.01,Germany,97,28.8,46.6
2023.01,Lithuania,98,25.7,41.4
2023.01,Australia,99,25.4,40.4
2023.01,New Zealand,100,24.2,41.2
2023.01,Netherlands,101,23.7,38.2
2023.01,Slovenia,102,22.7,39.6
2023.01,Luxembourg,103,21.9,32.8
2023.01,Austria,104,21.5,34.4
2023.01,Denmark,105,21.3,33.1
2023.01,Switzerland,106,19.6,31.4
2023.01,Sweden,107,18,28
2023.01,Estonia,108,17.9,29.3
2023.01,Norway,109,17.7,28.5
2023.01,Iceland,110,15.2,26.1
2023.01,Finland,111,12,20.1