,country_a_id_fk,country_b_id_fk,start_year_a_fk,start_year_b_fk,pattern_length_fk,indexes,avg_corr,Power
0,Cuba,Uzbekistan,2006.0,2009.0,15.0,8.0,0.9523,4.47138
2,Latvia,Estonia,2006.0,2006.0,17.0,7.0,0.96258,4.377548
3,Uzbekistan,Vietnam,2006.0,2007.0,17.0,7.0,0.95469,4.372814
5,Estonia,Lithuania,2006.0,2006.0,17.0,7.0,0.9517742857142857,4.371064571428572
6,Cuba,Uzbekistan,2006.0,2010.0,14.0,8.0,0.95156625,4.37093975
7,Uzbekistan,Turkmenistan,2006.0,2006.0,17.0,7.0,0.9514371428571428,4.370862285714286
9,Uzbekistan,Turkmenistan,2006.0,2007.0,17.0,7.0,0.9473471428571428,4.368408285714286
10,Syria,Libya,2006.0,2006.0,17.0,7.0,0.9468271428571429,4.3680962857142855
12,Malta,Uzbekistan,2007.0,2009.0,14.0,8.0,0.94601,4.367605999999999
13,Latvia,Estonia,2006.0,2007.0,17.0,7.0,0.9418371428571428,4.365102285714286
14,Romania,Slovakia,2006.0,2007.0,14.0,8.0,0.9387575,4.3632545
15,United Arab Emirates,Maldives,2007.0,2007.0,17.0,7.0,0.9368585714285714,4.362115142857143
17,Romania,Slovakia,2006.0,2008.0,14.0,8.0,0.9367525,4.3620515
18,Latvia,Estonia,2006.0,2006.0,16.0,7.0,0.96379,4.278274
20,Uzbekistan,Vietnam,2006.0,2008.0,16.0,7.0,0.9551057142857143,4.273063428571429
21,Estonia,Latvia,2006.0,2007.0,16.0,7.0,0.9489357142857143,4.269361428571429
22,Cuba,Uzbekistan,2006.0,2008.0,16.0,7.0,0.94834,4.269004
23,Syria,Libya,2006.0,2006.0,16.0,7.0,0.94608,4.267648
25,Latvia,Estonia,2006.0,2007.0,16.0,7.0,0.9445485714285714,4.266729142857143
26,Romania,Slovakia,2006.0,2008.0,13.0,8.0,0.9436424999999999,4.2661855
27,Romania,Slovakia,2006.0,2007.0,13.0,8.0,0.93513,4.261078
28,Slovakia,Romania,2006.0,2006.0,13.0,8.0,0.9350625,4.2610375000000005
30,Suriname,Latvia,2007.0,2007.0,16.0,7.0,0.9317371428571429,4.259042285714286
31,Estonia,Latvia,2006.0,2006.0,15.0,7.0,0.9599885714285714,4.175993142857143
33,Uzbekistan,Vietnam,2006.0,2008.0,15.0,7.0,0.9512871428571429,4.1707722857142855
34,Estonia,Latvia,2006.0,2007.0,15.0,7.0,0.9496414285714285,4.169784857142857
35,Bulgaria,Germany,2006.0,2006.0,15.0,7.0,0.94547,4.167282
37,Czechia,Slovakia,2006.0,2006.0,15.0,7.0,0.9440185714285715,4.166411142857143
39,Romania,Moldova,2006.0,2006.0,15.0,7.0,0.9427857142857142,4.165671428571429
41,Indonesia,Tajikistan,2006.0,2009.0,15.0,7.0,0.9420685714285714,4.165241142857143
42,Libya,Syria,2006.0,2006.0,15.0,7.0,0.9412585714285714,4.1647551428571425
44,Trinidad and Tobago,Cyprus,2007.0,2007.0,15.0,7.0,0.9339771428571428,4.160386285714286
45,Azerbaijan,Cuba,2006.0,2007.0,15.0,7.0,0.9327385714285714,4.159643142857143
46,North Macedonia,Moldova,2006.0,2006.0,17.0,6.0,0.9662516666666666,4.079751
48,Slovakia,Germany,2006.0,2006.0,17.0,6.0,0.9616916666666667,4.077015
50,Malta,Uzbekistan,2007.0,2008.0,14.0,7.0,0.96143,4.076858
51,Malta,Uzbekistan,2007.0,2007.0,17.0,6.0,0.9576516666666667,4.074591
52,Estonia,Latvia,2006.0,2007.0,14.0,7.0,0.9573828571428571,4.074429714285714
53,Maldives,North Korea,2007.0,2007.0,17.0,6.0,0.9568333333333333,4.0741
54,Malta,Indonesia,2007.0,2007.0,17.0,6.0,0.956255,4.073753
55,Turkmenistan,Uzbekistan,2006.0,2007.0,17.0,6.0,0.955995,4.073597
56,Uzbekistan,Kazakhstan,2006.0,2006.0,17.0,6.0,0.9554933333333334,4.073296
58,Suriname,Nepal,2007.0,2007.0,17.0,6.0,0.9551616666666667,4.073097
59,Malta,Uzbekistan,2007.0,2007.0,14.0,7.0,0.9546685714285715,4.072801142857143
60,Latvia,Lithuania,2006.0,2006.0,17.0,6.0,0.95444,4.072664
62,Vietnam,Uzbekistan,2006.0,2006.0,17.0,6.0,0.9542883333333334,4.072573
64,Cuba,Uzbekistan,2006.0,2009.0,14.0,7.0,0.9533128571428572,4.071987714285714
66,Germany,Moldova,2006.0,2006.0,14.0,7.0,0.9527814285714287,4.071668857142857
67,Kazakhstan,Malaysia,2006.0,2006.0,17.0,6.0,0.9527283333333333,4.071637
69,Laos,Vietnam,2006.0,2007.0,17.0,6.0,0.9517483333333333,4.071049
70,Germany,Latvia,2006.0,2006.0,17.0,6.0,0.9510616666666666,4.070637
72,Laos,Vietnam,2006.0,2006.0,17.0,6.0,0.9502799999999999,4.070168
74,Lithuania,Moldova,2006.0,2006.0,17.0,6.0,0.9498216666666667,4.069893
76,Suriname,Slovenia,2007.0,2007.0,17.0,6.0,0.9477033333333335,4.068622
77,Germany,Slovakia,2006.0,2007.0,17.0,6.0,0.9463466666666666,4.067807999999999
78,Indonesia,Tajikistan,2006.0,2010.0,14.0,7.0,0.9462714285714285,4.067762857142857
79,Estonia,Latvia,2006.0,2007.0,17.0,6.0,0.9453583333333334,4.067215
80,Seychelles,Estonia,2007.0,2007.0,17.0,6.0,0.945195,4.067117
82,Uruguay,Germany,2006.0,2006.0,17.0,6.0,0.9445716666666666,4.066743
83,Indonesia,Vietnam,2006.0,2010.0,14.0,7.0,0.9442242857142856,4.066534571428571
84,Romania,Slovakia,2006.0,2006.0,14.0,7.0,0.9442028571428571,4.066521714285714
86,Bulgaria,Germany,2006.0,2006.0,14.0,7.0,0.94346,4.066076
88,Germany,Bulgaria,2006.0,2007.0,14.0,7.0,0.9427642857142857,4.065658571428571
89,North Korea,Maldives,2006.0,2007.0,17.0,6.0,0.9422216666666667,4.065333
90,Maldives,North Korea,2007.0,2006.0,17.0,6.0,0.9422216666666667,4.065333
91,Cabo Verde,Bhutan,2007.0,2007.0,17.0,6.0,0.9420983333333334,4.065259
92,Slovenia,North Macedonia,2006.0,2006.0,17.0,6.0,0.9417383333333333,4.065043
94,Suriname,Moldova,2007.0,2007.0,17.0,6.0,0.94121,4.064726
95,Germany,Latvia,2006.0,2007.0,17.0,6.0,0.9403866666666666,4.064232
97,Latvia,Slovakia,2006.0,2006.0,17.0,6.0,0.9393316666666666,4.063599
98,Albania,Georgia,2006.0,2007.0,17.0,6.0,0.9391516666666666,4.063491
99,Turkmenistan,Kazakhstan,2006.0,2007.0,17.0,6.0,0.9391333333333334,4.06348
100,Sao Tome and Principe,Solomon Islands,2007.0,2007.0,17.0,6.0,0.9389566666666666,4.063374
102,Estonia,Latvia,2006.0,2008.0,14.0,7.0,0.9389485714285714,4.063369142857143
103,Samoa,Grenada,2007.0,2007.0,17.0,6.0,0.9388816666666666,4.0633289999999995
105,Vietnam,Uzbekistan,2006.0,2007.0,17.0,6.0,0.9383483333333333,4.063009
106,Indonesia,Vietnam,2006.0,2009.0,14.0,7.0,0.93818,4.062908
107,Libya,Syria,2006.0,2007.0,17.0,6.0,0.9376016666666667,4.062561
108,Slovakia,Kazakhstan,2006.0,2007.0,17.0,6.0,0.9373916666666666,4.062435
109,Trinidad and Tobago,Cyprus,2007.0,2007.0,17.0,6.0,0.9371866666666667,4.062312
110,Uzbekistan,Vietnam,2006.0,2007.0,14.0,7.0,0.9371414285714286,4.062284857142857
111,Bhutan,Latvia,2006.0,2007.0,17.0,6.0,0.935445,4.061267
112,Suriname,Latvia,2007.0,2007.0,17.0,6.0,0.9335216666666666,4.060113
113,Vietnam,Tajikistan,2006.0,2007.0,17.0,6.0,0.9284966666666667,4.057098
114,Turkmenistan,China,2006.0,2007.0,17.0,6.0,0.9283549999999999,4.0570129999999995
115,Romania,Slovakia,2006.0,2007.0,17.0,6.0,0.9275666666666668,4.05654
116,Romania,Bulgaria,2006.0,2007.0,14.0,7.0,0.92631,4.055786
117,Slovakia,Czechia,2006.0,2006.0,17.0,6.0,0.91949,4.051694
119,Turkmenistan,Azerbaijan,2006.0,2007.0,17.0,6.0,0.9172266666666666,4.050336
120,North Macedonia,Moldova,2006.0,2006.0,16.0,6.0,0.9662833333333333,3.97977
122,Turkmenistan,Uzbekistan,2006.0,2006.0,16.0,6.0,0.9642750000000001,3.9785649999999997
124,Barbados,Bahamas,2007.0,2007.0,13.0,7.0,0.9639814285714285,3.9783888571428574
126,Slovakia,Germany,2006.0,2006.0,16.0,6.0,0.9621,3.97726
128,Turkmenistan,Uzbekistan,2006.0,2007.0,16.0,6.0,0.9596866666666667,3.975812
129,Estonia,Lithuania,2006.0,2006.0,16.0,6.0,0.959375,3.975625
131,Uzbekistan,Vietnam,2006.0,2007.0,16.0,6.0,0.9582233333333333,3.9749339999999997
132,Uzbekistan,Kazakhstan,2006.0,2006.0,16.0,6.0,0.9579183333333333,3.974751
134,Malta,Uzbekistan,2007.0,2007.0,16.0,6.0,0.9572766666666667,3.974366
135,Suriname,Nepal,2007.0,2008.0,16.0,6.0,0.955705,3.973423
136,Lithuania,Estonia,2006.0,2007.0,16.0,6.0,0.9556250000000001,3.973375
137,North Macedonia,Germany,2006.0,2006.0,16.0,6.0,0.954745,3.972847
139,Croatia,Romania,2006.0,2006.0,16.0,6.0,0.9544683333333334,3.9726809999999997
141,Lithuania,Moldova,2006.0,2007.0,16.0,6.0,0.9544433333333333,3.972666
142,Suriname,Nepal,2007.0,2007.0,16.0,6.0,0.9543216666666666,3.972593
143,Laos,Vietnam,2006.0,2007.0,16.0,6.0,0.9528083333333334,3.971685
146,Latvia,Germany,2006.0,2006.0,16.0,6.0,0.9526966666666666,3.971618
144,Suriname,Slovenia,2007.0,2007.0,16.0,6.0,0.9526966666666666,3.971618
147,Malta,Uzbekistan,2007.0,2011.0,13.0,7.0,0.9525428571428571,3.9715257142857148
148,Seychelles,Estonia,2007.0,2007.0,16.0,6.0,0.9514566666666666,3.970874
149,Turkmenistan,Laos,2006.0,2008.0,16.0,6.0,0.9503883333333333,3.970233
150,Latvia,Lithuania,2006.0,2006.0,16.0,6.0,0.9502866666666666,3.970172
152,Uzbekistan,Kazakhstan,2006.0,2008.0,16.0,6.0,0.9492083333333333,3.969525
153,Laos,Vietnam,2006.0,2006.0,16.0,6.0,0.9474716666666666,3.968483
155,Malta,Uzbekistan,2007.0,2009.0,13.0,7.0,0.9474428571428571,3.9684657142857147
156,Poland,Slovakia,2006.0,2006.0,13.0,7.0,0.9474142857142857,3.9684485714285715
158,Estonia,Latvia,2006.0,2007.0,13.0,7.0,0.9472714285714287,3.9683628571428575
159,Estonia,Latvia,2006.0,2008.0,13.0,7.0,0.9472057142857143,3.968323428571429
160,Uzbekistan,Vietnam,2006.0,2006.0,16.0,6.0,0.9467666666666666,3.96806
162,Germany,Bulgaria,2006.0,2006.0,16.0,6.0,0.94651,3.9679059999999997
164,Costa Rica,Lithuania,2006.0,2006.0,16.0,6.0,0.946205,3.967723
166,Slovakia,Kazakhstan,2006.0,2007.0,16.0,6.0,0.9456116666666666,3.967367
167,Solomon Islands,Timor-Leste,2007.0,2008.0,16.0,6.0,0.9453583333333334,3.967215
168,Latvia,Slovakia,2006.0,2006.0,16.0,6.0,0.9453516666666667,3.967211
170,Turkmenistan,Laos,2006.0,2007.0,16.0,6.0,0.9449366666666666,3.9669619999999997
171,Germany,Slovakia,2006.0,2007.0,16.0,6.0,0.9439516666666666,3.9663709999999996
172,Suriname,Pakistan,2007.0,2008.0,16.0,6.0,0.9432566666666666,3.965954
173,Moldova,Slovakia,2006.0,2007.0,16.0,6.0,0.9429833333333333,3.9657899999999997
174,Serbia,Bhutan,2006.0,2007.0,16.0,6.0,0.9429316666666666,3.965759
176,Uruguay,Germany,2006.0,2006.0,16.0,6.0,0.9427850000000001,3.965671
177,Grenada,Samoa,2007.0,2007.0,16.0,6.0,0.9421716666666667,3.965303
179,Iran,Romania,2006.0,2006.0,16.0,6.0,0.941055,3.964633
181,Kazakhstan,Slovakia,2006.0,2006.0,16.0,6.0,0.9409483333333334,3.964569
183,Lithuania,Latvia,2006.0,2007.0,16.0,6.0,0.9407116666666666,3.9644269999999997
184,Trinidad and Tobago,Cyprus,2007.0,2007.0,16.0,6.0,0.9406599999999999,3.964396
185,Solomon Islands,Sao Tome and Principe,2007.0,2007.0,16.0,6.0,0.9405166666666668,3.9643100000000002
187,Albania,Georgia,2006.0,2007.0,16.0,6.0,0.940465,3.964279
188,Malta,Kyrgyzstan,2007.0,2008.0,13.0,7.0,0.9403285714285714,3.9641971428571434
189,Libya,Syria,2006.0,2007.0,16.0,6.0,0.9400933333333333,3.964056
191,Seychelles,Cabo Verde,2007.0,2007.0,16.0,6.0,0.9392883333333333,3.963573
192,Kazakhstan,Georgia,2006.0,2006.0,16.0,6.0,0.9390000000000001,3.9634
194,Romania,Malta,2006.0,2007.0,13.0,7.0,0.9389071428571428,3.963344285714286
195,Malta,Romania,2007.0,2006.0,13.0,7.0,0.9389071428571428,3.963344285714286
196,Samoa,Grenada,2007.0,2008.0,16.0,6.0,0.9383666666666667,3.9630199999999998
197,Romania,Slovakia,2006.0,2008.0,16.0,6.0,0.93743,3.962458
198,Bulgaria,Germany,2006.0,2006.0,13.0,7.0,0.9373271428571428,3.962396285714286
200,Latvia,Grenada,2006.0,2008.0,16.0,6.0,0.9359716666666666,3.961583
201,Bhutan,Latvia,2006.0,2007.0,16.0,6.0,0.9359516666666666,3.9615709999999997
202,Seychelles,Latvia,2007.0,2008.0,13.0,7.0,0.9358985714285714,3.961539142857143
203,Uzbekistan,China,2006.0,2008.0,16.0,6.0,0.9343033333333333,3.9605819999999996
204,Czechia,Slovakia,2006.0,2006.0,16.0,6.0,0.9342766666666668,3.960566
206,Indonesia,Vietnam,2006.0,2009.0,13.0,7.0,0.9309085714285714,3.958545142857143
207,Slovakia,Latvia,2006.0,2007.0,16.0,6.0,0.9257166666666666,3.95543
208,Malta,Sri Lanka,2007.0,2007.0,16.0,6.0,0.9253066666666667,3.955184
209,Turkmenistan,Azerbaijan,2006.0,2008.0,16.0,6.0,0.922955,3.953773
210,Slovakia,Slovenia,2006.0,2006.0,15.0,6.0,0.9694266666666667,3.8816559999999996
212,Moldova,North Macedonia,2006.0,2006.0,15.0,6.0,0.9673466666666667,3.880408
214,Moldova,Slovakia,2006.0,2006.0,15.0,6.0,0.966255,3.879753
216,Suriname,Nepal,2007.0,2008.0,15.0,6.0,0.96326,3.8779559999999997
217,Slovakia,Germany,2006.0,2006.0,15.0,6.0,0.962195,3.8773169999999997
219,North Macedonia,Germany,2006.0,2006.0,15.0,6.0,0.9615533333333334,3.876932
221,Turkmenistan,Uzbekistan,2006.0,2007.0,15.0,6.0,0.9605083333333333,3.876305
222,Romania,Uzbekistan,2006.0,2007.0,15.0,6.0,0.95928,3.875568
223,Kazakhstan,Uzbekistan,2006.0,2006.0,15.0,6.0,0.9584933333333333,3.8750959999999997
225,Solomon Islands,Timor-Leste,2007.0,2009.0,15.0,6.0,0.9581433333333332,3.8748859999999996
226,Germany,Moldova,2006.0,2006.0,15.0,6.0,0.957935,3.874761
228,Romania,Croatia,2006.0,2006.0,15.0,6.0,0.9571533333333333,3.8742919999999996
230,Malta,Uzbekistan,2007.0,2007.0,15.0,6.0,0.9557549999999999,3.8734529999999996
231,Uzbekistan,Vietnam,2006.0,2009.0,15.0,6.0,0.9557416666666666,3.873445
232,Cyprus,Uzbekistan,2006.0,2008.0,15.0,6.0,0.9547633333333333,3.872858
233,Malta,Uzbekistan,2007.0,2008.0,15.0,6.0,0.9547216666666666,3.872833
234,Romania,Uzbekistan,2006.0,2008.0,15.0,6.0,0.954005,3.872403
235,Indonesia,Latvia,2006.0,2006.0,15.0,6.0,0.9538350000000001,3.8723009999999998
238,Romania,Estonia,2006.0,2006.0,15.0,6.0,0.9530150000000001,3.871809
239,Latvia,Slovakia,2006.0,2006.0,15.0,6.0,0.9530083333333333,3.8718049999999997
241,Indonesia,Uzbekistan,2006.0,2009.0,15.0,6.0,0.9528916666666666,3.8717349999999997
242,Czechia,Germany,2006.0,2006.0,15.0,6.0,0.9520366666666668,3.871222
244,Germany,Latvia,2006.0,2006.0,15.0,6.0,0.9520316666666666,3.871219
246,Kazakhstan,Uzbekistan,2006.0,2009.0,15.0,6.0,0.9520050000000001,3.871203
247,Uzbekistan,Vietnam,2006.0,2007.0,15.0,6.0,0.9519433333333334,3.8711659999999997
248,Trinidad and Tobago,Germany,2007.0,2007.0,15.0,6.0,0.950755,3.870453
249,Moldova,Slovakia,2006.0,2007.0,15.0,6.0,0.9503050000000001,3.870183
250,Suriname,Pakistan,2007.0,2009.0,15.0,6.0,0.9501116666666666,3.8700669999999997
251,Solomon Islands,Timor-Leste,2007.0,2008.0,15.0,6.0,0.9500799999999999,3.8700479999999997
252,Latvia,Estonia,2006.0,2007.0,15.0,6.0,0.9500683333333333,3.8700409999999996
253,Indonesia,Vietnam,2006.0,2009.0,15.0,6.0,0.9497616666666667,3.8698569999999997
254,Kazakhstan,Uzbekistan,2006.0,2007.0,15.0,6.0,0.9495016666666668,3.869701
255,Cuba,Uzbekistan,2006.0,2008.0,15.0,6.0,0.9481700000000001,3.868902
256,Lithuania,Moldova,2006.0,2007.0,15.0,6.0,0.9476249999999999,3.868575
257,Trinidad and Tobago,Indonesia,2007.0,2007.0,15.0,6.0,0.9469016666666666,3.8681409999999996
258,Kyrgyzstan,Indonesia,2006.0,2006.0,15.0,6.0,0.946255,3.8677529999999996
260,North Macedonia,Moldova,2006.0,2007.0,15.0,6.0,0.9459533333333333,3.867572
261,Germany,Slovakia,2006.0,2007.0,15.0,6.0,0.945945,3.8675669999999998
262,Malta,Romania,2007.0,2007.0,15.0,6.0,0.9458633333333334,3.8675179999999996
263,Turkmenistan,Laos,2006.0,2008.0,15.0,6.0,0.9457300000000001,3.867438
264,Malta,Uzbekistan,2007.0,2009.0,15.0,6.0,0.945645,3.867387
265,Sao Tome and Principe,Solomon Islands,2007.0,2007.0,15.0,6.0,0.9448933333333334,3.866936
267,Costa Rica,Lithuania,2006.0,2006.0,15.0,6.0,0.9443133333333332,3.8665879999999997
270,Uruguay,Germany,2006.0,2006.0,15.0,6.0,0.9436966666666667,3.866218
271,Suriname,Latvia,2007.0,2007.0,15.0,6.0,0.94338,3.866028
272,Slovakia,Kazakhstan,2006.0,2007.0,15.0,6.0,0.9431733333333333,3.8659039999999996
273,Indonesia,Uzbekistan,2006.0,2008.0,15.0,6.0,0.9427333333333333,3.86564
274,Malta,Sri Lanka,2007.0,2008.0,15.0,6.0,0.9426666666666668,3.8655999999999997
275,Romania,Bulgaria,2006.0,2006.0,15.0,6.0,0.9426333333333333,3.8655799999999996
277,Laos,Vietnam,2006.0,2007.0,15.0,6.0,0.9424383333333334,3.865463
278,Romania,Iran,2006.0,2006.0,15.0,6.0,0.9424166666666666,3.8654499999999996
280,Trinidad and Tobago,Estonia,2007.0,2007.0,15.0,6.0,0.9423233333333334,3.8653939999999998
281,Kazakhstan,Slovakia,2006.0,2006.0,15.0,6.0,0.9422416666666668,3.8653449999999996
283,Malta,Malaysia,2007.0,2009.0,15.0,6.0,0.9420799999999999,3.865248
285,Uruguay,Bulgaria,2006.0,2006.0,15.0,6.0,0.9418483333333333,3.865109
286,Suriname,Malta,2007.0,2008.0,15.0,6.0,0.941445,3.864867
287,Maldives,United Arab Emirates,2007.0,2007.0,15.0,6.0,0.9413316666666667,3.8647989999999997
289,Albania,Georgia,2006.0,2007.0,15.0,6.0,0.9412583333333333,3.8647549999999997
290,Seychelles,Latvia,2007.0,2007.0,15.0,6.0,0.9409866666666667,3.864592
291,Azerbaijan,Cuba,2006.0,2006.0,15.0,6.0,0.9408316666666666,3.864499
293,Indonesia,Vietnam,2006.0,2007.0,15.0,6.0,0.9404333333333333,3.86426
294,Trinidad and Tobago,Moldova,2007.0,2007.0,15.0,6.0,0.9398366666666668,3.863902
295,Seychelles,Solomon Islands,2007.0,2007.0,15.0,6.0,0.9396883333333333,3.863813
297,Bulgaria,Uruguay,2006.0,2007.0,15.0,6.0,0.9395616666666666,3.8637369999999995
298,Trinidad and Tobago,Uzbekistan,2007.0,2009.0,15.0,6.0,0.9391766666666667,3.8635059999999997
299,Cuba,Ivory Coast,2006.0,2009.0,15.0,6.0,0.9387650000000001,3.8632589999999998
300,North Macedonia,Costa Rica,2006.0,2008.0,15.0,6.0,0.9386199999999999,3.8631719999999996
301,Estonia,Latvia,2006.0,2008.0,15.0,6.0,0.9385249999999999,3.8631149999999996
302,Romania,Estonia,2006.0,2007.0,15.0,6.0,0.9383183333333333,3.8629909999999996
303,Kyrgyzstan,Vietnam,2006.0,2006.0,15.0,6.0,0.9381816666666666,3.8629089999999997
305,Latvia,Suriname,2006.0,2007.0,15.0,6.0,0.9381033333333333,3.862862
306,Suriname,Latvia,2007.0,2006.0,15.0,6.0,0.9381033333333333,3.862862
307,Moldova,Germany,2006.0,2007.0,15.0,6.0,0.9378783333333334,3.8627269999999996
308,Croatia,Trinidad and Tobago,2006.0,2007.0,15.0,6.0,0.93764,3.862584
309,Trinidad and Tobago,Croatia,2007.0,2006.0,15.0,6.0,0.93764,3.862584
310,Trinidad and Tobago,Seychelles,2007.0,2007.0,15.0,6.0,0.937055,3.862233
312,Uruguay,Slovakia,2006.0,2006.0,15.0,6.0,0.9368466666666667,3.862108
314,Samoa,Grenada,2007.0,2008.0,15.0,6.0,0.93639,3.861834
315,Romania,Slovakia,2006.0,2008.0,15.0,6.0,0.934885,3.860931
316,Indonesia,Latvia,2006.0,2008.0,15.0,6.0,0.93474,3.8608439999999997
317,Bhutan,Latvia,2006.0,2007.0,15.0,6.0,0.9344283333333333,3.860657
318,Cuba,United Arab Emirates,2006.0,2009.0,15.0,6.0,0.9341166666666667,3.86047
319,Kyrgyzstan,Uzbekistan,2006.0,2008.0,15.0,6.0,0.9340816666666667,3.860449
320,Malaysia,Uzbekistan,2006.0,2009.0,15.0,6.0,0.9335833333333333,3.86015
321,United Arab Emirates,Uruguay,2007.0,2007.0,15.0,6.0,0.933445,3.860067
322,Grenada,Seychelles,2007.0,2007.0,15.0,6.0,0.9332133333333333,3.859928
324,Bulgaria,Germany,2006.0,2007.0,15.0,6.0,0.9319966666666666,3.8591979999999997
325,Malta,Georgia,2007.0,2008.0,15.0,6.0,0.93112,3.858672
326,Romania,Tajikistan,2006.0,2009.0,15.0,6.0,0.9306783333333333,3.8584069999999997
327,Colombia,Dominican Republic,2006.0,2009.0,15.0,6.0,0.92826,3.856956
328,North Macedonia,Costa Rica,2006.0,2009.0,15.0,6.0,0.9272983333333333,3.8563789999999996
330,Bahamas,Barbados,2007.0,2007.0,17.0,5.0,0.9795619999999999,3.7877372
331,United Arab Emirates,Malta,2007.0,2007.0,17.0,5.0,0.978912,3.7873472
333,Estonia,Costa Rica,2006.0,2006.0,17.0,5.0,0.9781600000000001,3.7868960000000005
335,Brunei,Malta,2007.0,2007.0,17.0,5.0,0.970982,3.7825892000000003
337,Barbados,Bahamas,2007.0,2007.0,14.0,6.0,0.97006,3.782036
339,Moldova,North Macedonia,2006.0,2006.0,14.0,6.0,0.9684900000000001,3.7810940000000004
341,Slovakia,Moldova,2006.0,2006.0,17.0,5.0,0.9684699999999999,3.781082
343,Slovakia,Moldova,2006.0,2006.0,14.0,6.0,0.967895,3.7807370000000002
346,Germany,Estonia,2006.0,2006.0,17.0,5.0,0.9676639999999999,3.7805984
347,Estonia,Moldova,2006.0,2006.0,17.0,5.0,0.967352,3.7804112
349,Lithuania,Moldova,2006.0,2007.0,17.0,5.0,0.9672940000000001,3.7803764
350,Uzbekistan,Kazakhstan,2006.0,2007.0,17.0,5.0,0.967204,3.7803224
351,Moldova,Slovakia,2006.0,2007.0,14.0,6.0,0.9670133333333334,3.780208
352,Uzbekistan,Kazakhstan,2006.0,2007.0,14.0,6.0,0.9668100000000001,3.7800860000000003
353,Seychelles,Estonia,2007.0,2007.0,14.0,6.0,0.96626,3.779756
354,Germany,Moldova,2006.0,2006.0,17.0,5.0,0.965724,3.7794344000000004
356,Slovakia,Slovenia,2006.0,2006.0,17.0,5.0,0.964906,3.7789436000000003
358,Trinidad and Tobago,Grenada,2007.0,2007.0,17.0,5.0,0.964578,3.7787468000000004
361,Slovenia,Slovakia,2006.0,2006.0,14.0,6.0,0.964565,3.7787390000000003
362,Trinidad and Tobago,Bahamas,2007.0,2007.0,17.0,5.0,0.9645360000000001,3.7787216000000003
364,Colombia,Uruguay,2006.0,2006.0,17.0,5.0,0.9641379999999999,3.7784828
366,Trinidad and Tobago,Costa Rica,2007.0,2007.0,17.0,5.0,0.96404,3.7784240000000002
367,Lithuania,Germany,2006.0,2006.0,17.0,5.0,0.96394,3.7783640000000003
369,United Arab Emirates,Indonesia,2007.0,2007.0,17.0,5.0,0.9633839999999999,3.7780304
370,Estonia,Costa Rica,2006.0,2007.0,17.0,5.0,0.963226,3.7779356
371,Turkmenistan,Uzbekistan,2006.0,2007.0,14.0,6.0,0.9630666666666666,3.7778400000000003
372,Malta,Brunei,2007.0,2007.0,14.0,6.0,0.9627983333333333,3.777679
374,Seychelles,Latvia,2007.0,2007.0,14.0,6.0,0.9624199999999999,3.7774520000000003
375,North Macedonia,Germany,2006.0,2006.0,17.0,5.0,0.962354,3.7774124000000002
378,Indonesia,Kazakhstan,2006.0,2006.0,17.0,5.0,0.962002,3.7772012000000004
379,Moldova,North Macedonia,2006.0,2007.0,17.0,5.0,0.961606,3.7769636
380,Malta,Tajikistan,2007.0,2007.0,17.0,5.0,0.9614800000000001,3.7768880000000005
381,Timor-Leste,Cabo Verde,2007.0,2007.0,17.0,5.0,0.9614739999999999,3.7768844
383,Timor-Leste,Mongolia,2007.0,2007.0,17.0,5.0,0.961364,3.7768184000000002
384,Estonia,Latvia,2006.0,2006.0,14.0,6.0,0.961195,3.776717
386,Kazakhstan,Uzbekistan,2006.0,2007.0,17.0,5.0,0.96118,3.776708
387,Croatia,Uzbekistan,2006.0,2009.0,14.0,6.0,0.9611333333333333,3.7766800000000003
388,Latvia,Indonesia,2006.0,2006.0,17.0,5.0,0.961074,3.7766444000000003
390,Lithuania,Estonia,2006.0,2007.0,17.0,5.0,0.960614,3.7763684
391,Croatia,Romania,2006.0,2006.0,17.0,5.0,0.960604,3.7763624
394,North Macedonia,Slovakia,2006.0,2006.0,14.0,6.0,0.9603883333333334,3.7762330000000004
395,Trinidad and Tobago,Germany,2007.0,2007.0,17.0,5.0,0.9602539999999999,3.7761524
396,North Macedonia,Moldova,2006.0,2007.0,14.0,6.0,0.9596833333333333,3.77581
397,Seychelles,Estonia,2007.0,2006.0,14.0,6.0,0.9592566666666666,3.775554
398,Estonia,Seychelles,2006.0,2007.0,14.0,6.0,0.9592566666666666,3.775554
399,Slovakia,Latvia,2006.0,2007.0,14.0,6.0,0.9591316666666666,3.7754790000000003
400,North Macedonia,Germany,2006.0,2006.0,14.0,6.0,0.9583883333333333,3.775033
402,Germany,Estonia,2006.0,2007.0,17.0,5.0,0.958086,3.7748516000000003
403,Slovakia,Germany,2006.0,2006.0,14.0,6.0,0.958055,3.774833
405,Estonia,North Macedonia,2006.0,2006.0,17.0,5.0,0.957912,3.7747472
407,Malta,Turkmenistan,2007.0,2007.0,14.0,6.0,0.9577100000000001,3.774626
409,Moldova,Latvia,2006.0,2006.0,17.0,5.0,0.9576359999999999,3.7745816000000003
410,Slovenia,Suriname,2006.0,2007.0,17.0,5.0,0.9575520000000001,3.7745312
411,Suriname,Slovenia,2007.0,2006.0,17.0,5.0,0.9575520000000001,3.7745312
412,Suriname,Nepal,2007.0,2008.0,14.0,6.0,0.9574416666666666,3.774465
413,Solomon Islands,Timor-Leste,2007.0,2009.0,14.0,6.0,0.9573616666666668,3.774417
414,Moldova,Bhutan,2006.0,2007.0,17.0,5.0,0.957316,3.7743896
415,Indonesia,Uzbekistan,2006.0,2007.0,17.0,5.0,0.9573119999999999,3.7743872
416,Bulgaria,Germany,2006.0,2006.0,17.0,5.0,0.9572860000000001,3.7743716000000003
418,Cuba,Kazakhstan,2006.0,2007.0,17.0,5.0,0.9571799999999999,3.774308
419,Latvia,Seychelles,2006.0,2007.0,14.0,6.0,0.9571683333333333,3.7743010000000004
420,Seychelles,Latvia,2007.0,2006.0,14.0,6.0,0.9571683333333333,3.7743010000000004
421,Timor-Leste,Mongolia,2007.0,2006.0,17.0,5.0,0.9570420000000001,3.7742252
422,Mongolia,Timor-Leste,2006.0,2007.0,17.0,5.0,0.9570420000000001,3.7742252
423,Uzbekistan,China,2006.0,2007.0,17.0,5.0,0.9570360000000001,3.7742216
424,Serbia,Croatia,2006.0,2007.0,17.0,5.0,0.95692,3.774152
425,Costa Rica,Bhutan,2006.0,2007.0,17.0,5.0,0.956868,3.7741208000000004
426,Croatia,Romania,2006.0,2006.0,14.0,6.0,0.9563383333333334,3.773803
428,Indonesia,Saudi Arabia,2006.0,2006.0,17.0,5.0,0.9562760000000001,3.7737656000000004
430,Trinidad and Tobago,Kazakhstan,2007.0,2007.0,17.0,5.0,0.9561399999999999,3.7736840000000003
431,Croatia,Uzbekistan,2006.0,2010.0,14.0,6.0,0.9560050000000001,3.7736030000000005
432,Bosnia and Herzegovina,Croatia,2006.0,2006.0,17.0,5.0,0.9558880000000001,3.7735328000000004
434,Bhutan,Guyana,2006.0,2007.0,17.0,5.0,0.955292,3.7731752000000003
435,Guyana,Bhutan,2007.0,2006.0,17.0,5.0,0.955292,3.7731752000000003
436,Trinidad and Tobago,Germany,2007.0,2007.0,14.0,6.0,0.9551166666666666,3.77307
437,Trinidad and Tobago,Croatia,2007.0,2007.0,17.0,5.0,0.9549620000000001,3.7729772
438,Seychelles,Moldova,2007.0,2007.0,14.0,6.0,0.9548749999999999,3.772925
439,Brunei,Kazakhstan,2007.0,2007.0,17.0,5.0,0.95472,3.772832
440,Suriname,Nepal,2007.0,2009.0,14.0,6.0,0.9547150000000001,3.772829
441,Indonesia,Vietnam,2006.0,2007.0,17.0,5.0,0.95462,3.7727720000000002
442,Grenada,Bhutan,2007.0,2007.0,17.0,5.0,0.95441,3.772646
443,Malta,Kazakhstan,2007.0,2007.0,17.0,5.0,0.954406,3.7726436000000003
444,Maldives,Malta,2007.0,2007.0,17.0,5.0,0.954358,3.7726148000000004
446,Costa Rica,Moldova,2006.0,2006.0,17.0,5.0,0.954106,3.7724636
448,Seychelles,Estonia,2007.0,2008.0,14.0,6.0,0.9537300000000001,3.772238
449,Uzbekistan,Vietnam,2006.0,2010.0,14.0,6.0,0.9536266666666666,3.772176
450,Cabo Verde,Seychelles,2007.0,2007.0,14.0,6.0,0.9535649999999999,3.772139
452,Indonesia,Uzbekistan,2006.0,2010.0,14.0,6.0,0.9535399999999999,3.7721240000000003
453,Uzbekistan,Vietnam,2006.0,2008.0,14.0,6.0,0.9535116666666666,3.772107
454,Cuba,Kazakhstan,2006.0,2006.0,17.0,5.0,0.953276,3.7719656
456,Saudi Arabia,Indonesia,2006.0,2007.0,17.0,5.0,0.9532640000000001,3.7719584000000004
457,Uruguay,Colombia,2006.0,2007.0,17.0,5.0,0.9532320000000001,3.7719392000000003
458,Uzbekistan,Saudi Arabia,2006.0,2007.0,17.0,5.0,0.95307,3.7718420000000004
459,Slovakia,Latvia,2006.0,2006.0,14.0,6.0,0.9529383333333333,3.771763
461,Germany,North Macedonia,2006.0,2007.0,14.0,6.0,0.9529366666666667,3.7717620000000003
462,Latvia,Estonia,2006.0,2007.0,14.0,6.0,0.9529216666666667,3.7717530000000004
463,North Macedonia,Lithuania,2006.0,2006.0,17.0,5.0,0.952824,3.7716944000000003
465,Croatia,Uzbekistan,2006.0,2008.0,14.0,6.0,0.952765,3.771659
466,Grenada,Costa Rica,2007.0,2007.0,17.0,5.0,0.9526299999999999,3.771578
467,Bhutan,Moldova,2006.0,2006.0,17.0,5.0,0.952432,3.7714592000000002
469,Moldova,Estonia,2006.0,2007.0,17.0,5.0,0.9523720000000001,3.7714232
470,Moldova,Latvia,2006.0,2007.0,14.0,6.0,0.9522550000000001,3.7713530000000004
471,Brunei,Turkmenistan,2007.0,2007.0,14.0,6.0,0.9522433333333332,3.7713460000000003
473,Uzbekistan,China,2006.0,2006.0,17.0,5.0,0.952148,3.7712888
474,Trinidad and Tobago,Malta,2007.0,2007.0,17.0,5.0,0.951948,3.7711688000000003
476,Trinidad and Tobago,Bhutan,2007.0,2007.0,17.0,5.0,0.951896,3.7711376000000003
477,Germany,Bulgaria,2006.0,2007.0,17.0,5.0,0.9518380000000001,3.7711028000000004
478,Cyprus,Uzbekistan,2006.0,2008.0,14.0,6.0,0.9517916666666667,3.771075
479,Turkmenistan,Laos,2006.0,2007.0,17.0,5.0,0.9517680000000001,3.7710608000000003
480,Slovakia,Estonia,2006.0,2007.0,17.0,5.0,0.9517260000000001,3.7710356000000003
481,Germany,Indonesia,2006.0,2006.0,17.0,5.0,0.9513640000000001,3.7708184000000005
483,Romania,Poland,2006.0,2006.0,17.0,5.0,0.951356,3.7708136000000003
485,Malaysia,Morocco,2006.0,2006.0,17.0,5.0,0.951182,3.7707092
488,Romania,Indonesia,2006.0,2006.0,14.0,6.0,0.9511433333333333,3.7706860000000004
489,Moldova,Croatia,2006.0,2007.0,14.0,6.0,0.9510183333333333,3.770611
490,Costa Rica,Estonia,2006.0,2007.0,17.0,5.0,0.950988,3.7705928
491,Malta,Cyprus,2007.0,2007.0,14.0,6.0,0.9508366666666667,3.770502
492,Albania,Uzbekistan,2006.0,2007.0,17.0,5.0,0.950704,3.7704224
493,Kazakhstan,Slovakia,2006.0,2006.0,17.0,5.0,0.9506439999999999,3.7703864
495,Trinidad and Tobago,Indonesia,2007.0,2007.0,14.0,6.0,0.9506083333333333,3.770365
496,Trinidad and Tobago,Cabo Verde,2007.0,2007.0,17.0,5.0,0.950562,3.7703372
498,Czechia,North Macedonia,2006.0,2006.0,17.0,5.0,0.950458,3.7702748
500,Moldova,Slovakia,2006.0,2007.0,17.0,5.0,0.950456,3.7702736000000003
501,Estonia,North Macedonia,2006.0,2006.0,14.0,6.0,0.9504,3.7702400000000003
504,Seychelles,Sao Tome and Principe,2007.0,2007.0,14.0,6.0,0.9503883333333333,3.770233
506,Slovakia,Czechia,2006.0,2006.0,14.0,6.0,0.9500816666666667,3.770049
507,Georgia,Kazakhstan,2006.0,2006.0,17.0,5.0,0.949948,3.7699688
509,Romania,Uzbekistan,2006.0,2008.0,14.0,6.0,0.94976,3.7698560000000003
510,Trinidad and Tobago,Estonia,2007.0,2007.0,17.0,5.0,0.949708,3.7698248000000003
511,Lithuania,Latvia,2006.0,2007.0,17.0,5.0,0.949704,3.7698224000000002
512,Malta,Uzbekistan,2007.0,2006.0,17.0,5.0,0.9496499999999999,3.76979
513,Uzbekistan,Malta,2006.0,2007.0,17.0,5.0,0.9496499999999999,3.76979
514,Malta,Romania,2007.0,2006.0,14.0,6.0,0.9495866666666667,3.7697520000000004
515,Romania,Malta,2006.0,2007.0,14.0,6.0,0.9495866666666667,3.7697520000000004
516,Costa Rica,Canada,2006.0,2006.0,17.0,5.0,0.949278,3.7695668
518,Indonesia,Tajikistan,2006.0,2009.0,14.0,6.0,0.9491633333333334,3.769498
519,Seychelles,Cabo Verde,2007.0,2007.0,17.0,5.0,0.949122,3.7694732
521,Sao Tome and Principe,Slovenia,2007.0,2007.0,17.0,5.0,0.9490780000000001,3.7694468000000003
522,United Arab Emirates,North Korea,2007.0,2007.0,14.0,6.0,0.9489333333333333,3.7693600000000003
523,Malta,Uzbekistan,2007.0,2010.0,14.0,6.0,0.9488983333333333,3.769339
524,Uzbekistan,Kazakhstan,2006.0,2006.0,14.0,6.0,0.9488949999999999,3.769337
526,Germany,Czechia,2006.0,2006.0,14.0,6.0,0.9487,3.7692200000000002
528,Malta,Turkmenistan,2007.0,2008.0,14.0,6.0,0.9486416666666666,3.7691850000000002
529,Costa Rica,Lithuania,2006.0,2006.0,17.0,5.0,0.9485659999999999,3.7691396
531,Serbia,Bhutan,2006.0,2007.0,17.0,5.0,0.9484980000000001,3.7690988
532,Malta,Seychelles,2007.0,2007.0,14.0,6.0,0.9483683333333334,3.7690210000000004
534,Grenada,Estonia,2007.0,2007.0,17.0,5.0,0.9482839999999999,3.7689704
536,North Korea,China,2006.0,2006.0,17.0,5.0,0.948042,3.7688252
537,Malaysia,Kazakhstan,2006.0,2007.0,14.0,6.0,0.9478266666666667,3.7686960000000003
538,Indonesia,Uzbekistan,2006.0,2009.0,14.0,6.0,0.9477183333333333,3.768631
539,Nepal,Suriname,2006.0,2007.0,17.0,5.0,0.9476979999999999,3.7686188
540,Suriname,Nepal,2007.0,2006.0,17.0,5.0,0.9476979999999999,3.7686188
541,Mongolia,Jamaica,2006.0,2006.0,17.0,5.0,0.9476739999999999,3.7686044
543,Indonesia,Saudi Arabia,2006.0,2007.0,17.0,5.0,0.947654,3.7685924
544,Romania,Moldova,2006.0,2006.0,14.0,6.0,0.9476233333333334,3.768574
546,Brunei,Turkmenistan,2007.0,2008.0,14.0,6.0,0.94762,3.7685720000000003
547,Suriname,Latvia,2007.0,2007.0,14.0,6.0,0.9474633333333333,3.768478
548,Germany,Slovakia,2006.0,2007.0,14.0,6.0,0.9474566666666666,3.7684740000000003
549,Solomon Islands,Sao Tome and Principe,2007.0,2007.0,14.0,6.0,0.947455,3.768473
551,Cabo Verde,North Macedonia,2007.0,2007.0,17.0,5.0,0.947438,3.7684628
552,North Macedonia,Estonia,2006.0,2007.0,17.0,5.0,0.9473739999999999,3.7684244000000002
553,Dominican Republic,Nepal,2006.0,2006.0,17.0,5.0,0.9473420000000001,3.7684052
554,Grenada,Estonia,2007.0,2006.0,17.0,5.0,0.9473420000000001,3.7684052
556,Estonia,Grenada,2006.0,2007.0,17.0,5.0,0.9473420000000001,3.7684052
557,Seychelles,Estonia,2007.0,2006.0,17.0,5.0,0.947288,3.7683728000000003
558,Estonia,Seychelles,2006.0,2007.0,17.0,5.0,0.947288,3.7683728000000003
559,Cabo Verde,Malta,2007.0,2007.0,17.0,5.0,0.94725,3.7683500000000003
561,Trinidad and Tobago,Latvia,2007.0,2006.0,17.0,5.0,0.947236,3.7683416000000003
562,Latvia,Trinidad and Tobago,2006.0,2007.0,17.0,5.0,0.947236,3.7683416000000003
563,Bulgaria,Uruguay,2006.0,2007.0,14.0,6.0,0.9472,3.76832
564,Nepal,Slovenia,2006.0,2006.0,17.0,5.0,0.947008,3.7682048000000004
567,Kazakhstan,Panama,2006.0,2006.0,17.0,5.0,0.94697,3.7681820000000004
568,Trinidad and Tobago,Estonia,2007.0,2006.0,17.0,5.0,0.946894,3.7681364000000004
569,Estonia,Trinidad and Tobago,2006.0,2007.0,17.0,5.0,0.946894,3.7681364000000004
570,Serbia,Germany,2006.0,2006.0,17.0,5.0,0.9468799999999999,3.768128
572,Malaysia,Thailand,2006.0,2007.0,17.0,5.0,0.9468460000000001,3.7681076000000004
573,Saudi Arabia,Uzbekistan,2006.0,2006.0,17.0,5.0,0.9468099999999999,3.7680860000000003
575,Germany,Trinidad and Tobago,2006.0,2007.0,14.0,6.0,0.9467766666666666,3.768066
576,Trinidad and Tobago,Germany,2007.0,2006.0,14.0,6.0,0.9467766666666666,3.768066
577,Germany,Slovakia,2006.0,2008.0,14.0,6.0,0.9464549999999999,3.7678730000000002
578,Slovenia,Lithuania,2006.0,2006.0,17.0,5.0,0.9462999999999999,3.76778
580,Kyrgyzstan,Uzbekistan,2006.0,2006.0,17.0,5.0,0.94626,3.7677560000000003
583,Latvia,Romania,2006.0,2006.0,17.0,5.0,0.94619,3.7677140000000002
584,Slovenia,Serbia,2006.0,2007.0,14.0,6.0,0.9459966666666667,3.7675980000000004
585,Uzbekistan,Malaysia,2006.0,2007.0,17.0,5.0,0.94594,3.767564
586,Seychelles,Solomon Islands,2007.0,2007.0,14.0,6.0,0.9458983333333334,3.767539
588,Suriname,Pakistan,2007.0,2009.0,14.0,6.0,0.9458733333333332,3.767524
589,Malta,Georgia,2007.0,2007.0,17.0,5.0,0.9458719999999999,3.7675232000000003
590,Solomon Islands,Cabo Verde,2007.0,2007.0,17.0,5.0,0.945854,3.7675124
592,Malta,Cuba,2007.0,2007.0,17.0,5.0,0.945642,3.7673852
593,Bulgaria,Romania,2006.0,2006.0,17.0,5.0,0.945566,3.7673396
595,Indonesia,Turkmenistan,2006.0,2007.0,17.0,5.0,0.9454140000000001,3.7672484
596,Slovenia,Latvia,2006.0,2006.0,14.0,6.0,0.9453766666666666,3.767226
598,Vietnam,Laos,2006.0,2007.0,17.0,5.0,0.945364,3.7672184
599,Germany,Uruguay,2006.0,2007.0,14.0,6.0,0.945335,3.767201
600,North Macedonia,Slovakia,2006.0,2006.0,17.0,5.0,0.9452539999999999,3.7671524
602,Samoa,Uzbekistan,2007.0,2006.0,17.0,5.0,0.9451919999999999,3.7671152
603,Uzbekistan,Samoa,2006.0,2007.0,17.0,5.0,0.9451919999999999,3.7671152
604,Germany,Uruguay,2006.0,2007.0,17.0,5.0,0.9451080000000001,3.7670648
605,Grenada,Antigua and Barbuda,2007.0,2007.0,17.0,5.0,0.9450800000000001,3.7670480000000004
607,Romania,Seychelles,2006.0,2007.0,14.0,6.0,0.9449900000000001,3.7669940000000004
608,Seychelles,Romania,2007.0,2006.0,14.0,6.0,0.9449900000000001,3.7669940000000004
609,Iran,Romania,2006.0,2006.0,17.0,5.0,0.944854,3.7669124000000003
611,Estonia,Romania,2006.0,2006.0,17.0,5.0,0.9448460000000001,3.7669076
613,Suriname,Lithuania,2007.0,2007.0,17.0,5.0,0.944806,3.7668836000000003
614,Cabo Verde,Laos,2007.0,2007.0,17.0,5.0,0.9447940000000001,3.7668764
615,Libya,Syria,2006.0,2006.0,14.0,6.0,0.9446249999999999,3.766775
617,United Arab Emirates,Germany,2007.0,2007.0,17.0,5.0,0.944538,3.7667228
618,Trinidad and Tobago,Croatia,2007.0,2006.0,17.0,5.0,0.944532,3.7667192000000003
619,Croatia,Trinidad and Tobago,2006.0,2007.0,17.0,5.0,0.944532,3.7667192000000003
620,Malta,Kyrgyzstan,2007.0,2008.0,14.0,6.0,0.9443783333333333,3.766627
621,Suriname,Seychelles,2007.0,2007.0,14.0,6.0,0.9443666666666667,3.76662
623,Albania,Georgia,2006.0,2007.0,14.0,6.0,0.944325,3.766595
624,Micronesia,Sao Tome and Principe,2007.0,2007.0,17.0,5.0,0.94428,3.7665680000000004
626,Solomon Islands,Micronesia,2007.0,2007.0,17.0,5.0,0.94418,3.766508
628,Indonesia,Nepal,2006.0,2007.0,17.0,5.0,0.944136,3.7664816
629,Moldova,Latvia,2006.0,2007.0,17.0,5.0,0.9441280000000001,3.7664768000000004
630,Timor-Leste,Malta,2007.0,2007.0,17.0,5.0,0.9440820000000001,3.7664492000000003
632,Nepal,Dominican Republic,2006.0,2007.0,17.0,5.0,0.9440580000000001,3.7664348000000003
633,Romania,Germany,2006.0,2006.0,14.0,6.0,0.94402,3.766412
635,Saudi Arabia,Romania,2006.0,2006.0,17.0,5.0,0.943998,3.7663988
637,Laos,Uzbekistan,2006.0,2007.0,17.0,5.0,0.943916,3.7663496000000003
638,Samoa,Jamaica,2007.0,2008.0,14.0,6.0,0.9438599999999999,3.766316
639,Malta,Malaysia,2007.0,2009.0,14.0,6.0,0.943835,3.7663010000000003
640,Bhutan,Belize,2006.0,2007.0,17.0,5.0,0.943808,3.7662848
641,Belize,Bhutan,2007.0,2006.0,17.0,5.0,0.943808,3.7662848
642,Romania,Germany,2006.0,2006.0,17.0,5.0,0.9438000000000001,3.76628
645,Costa Rica,Jamaica,2006.0,2006.0,17.0,5.0,0.943718,3.7662308
646,Bhutan,Croatia,2006.0,2006.0,17.0,5.0,0.9437139999999999,3.7662284
648,Malta,Cuba,2007.0,2006.0,17.0,5.0,0.943708,3.7662248000000003
649,Cuba,Malta,2006.0,2007.0,17.0,5.0,0.943708,3.7662248000000003
650,Seychelles,Trinidad and Tobago,2007.0,2007.0,17.0,5.0,0.9436019999999999,3.7661612
652,Malta,Tajikistan,2007.0,2010.0,14.0,6.0,0.9435233333333333,3.766114
653,Suriname,Pakistan,2007.0,2007.0,17.0,5.0,0.943502,3.7661012
654,Latvia,Grenada,2006.0,2007.0,17.0,5.0,0.9433999999999999,3.7660400000000003
655,Grenada,Latvia,2007.0,2006.0,17.0,5.0,0.9433999999999999,3.7660400000000003
656,Latvia,Costa Rica,2006.0,2006.0,17.0,5.0,0.9433959999999999,3.7660376
658,Slovakia,Trinidad and Tobago,2006.0,2007.0,17.0,5.0,0.943312,3.7659872
659,Trinidad and Tobago,Slovakia,2007.0,2006.0,17.0,5.0,0.943312,3.7659872
660,Slovakia,Czechia,2006.0,2007.0,14.0,6.0,0.9432216666666666,3.765933
661,Bulgaria,Costa Rica,2006.0,2007.0,17.0,5.0,0.9432,3.7659200000000004
662,Suriname,Latvia,2007.0,2006.0,14.0,6.0,0.9431333333333334,3.76588
663,Latvia,Suriname,2006.0,2007.0,14.0,6.0,0.9431333333333334,3.76588
664,Grenada,Seychelles,2007.0,2007.0,17.0,5.0,0.9430379999999999,3.7658228
666,Lithuania,Germany,2006.0,2007.0,17.0,5.0,0.943004,3.7658024
667,Malta,Slovenia,2007.0,2007.0,17.0,5.0,0.9428560000000001,3.7657136
668,Romania,Estonia,2006.0,2007.0,14.0,6.0,0.9427983333333333,3.765679
669,United Arab Emirates,Slovakia,2007.0,2007.0,17.0,5.0,0.942788,3.7656728
670,Colombia,Uruguay,2006.0,2007.0,17.0,5.0,0.942772,3.7656632
671,Malta,Colombia,2007.0,2007.0,17.0,5.0,0.942562,3.7655372000000003
672,Libya,Syria,2006.0,2007.0,14.0,6.0,0.9425566666666666,3.765534
673,North Macedonia,Latvia,2006.0,2007.0,17.0,5.0,0.942352,3.7654112
674,Turkmenistan,Indonesia,2006.0,2007.0,17.0,5.0,0.942262,3.7653572000000004
675,Slovakia,Cyprus,2006.0,2006.0,17.0,5.0,0.9422179999999999,3.7653308
678,Trinidad and Tobago,Seychelles,2007.0,2007.0,14.0,6.0,0.9420100000000001,3.765206
679,Cuba,Azerbaijan,2006.0,2006.0,17.0,5.0,0.94194,3.7651640000000004
681,Turkmenistan,Laos,2006.0,2008.0,14.0,6.0,0.9419166666666666,3.76515
682,Estonia,Romania,2006.0,2006.0,14.0,6.0,0.941865,3.7651190000000003
684,Latvia,Estonia,2006.0,2008.0,14.0,6.0,0.9417133333333334,3.765028
685,Bulgaria,Slovakia,2006.0,2007.0,14.0,6.0,0.9416833333333333,3.76501
686,Moldova,Cyprus,2006.0,2006.0,17.0,5.0,0.9416059999999999,3.7649636
688,United Arab Emirates,Uruguay,2007.0,2007.0,14.0,6.0,0.9412533333333334,3.764752
689,Seychelles,Serbia,2007.0,2007.0,14.0,6.0,0.9412266666666667,3.764736
690,United Arab Emirates,Uruguay,2007.0,2007.0,17.0,5.0,0.9412079999999999,3.7647248
691,Suriname,Estonia,2007.0,2007.0,14.0,6.0,0.9410966666666667,3.7646580000000003
692,Belize,Bhutan,2007.0,2007.0,17.0,5.0,0.9409959999999999,3.7645976
693,Bhutan,Latvia,2006.0,2006.0,17.0,5.0,0.94055,3.76433
695,Fiji,Jamaica,2007.0,2006.0,17.0,5.0,0.940478,3.7642868000000003
696,Jamaica,Fiji,2006.0,2007.0,17.0,5.0,0.940478,3.7642868000000003
697,Germany,Colombia,2006.0,2007.0,17.0,5.0,0.94017,3.7641020000000003
698,Suriname,Cyprus,2007.0,2007.0,17.0,5.0,0.940076,3.7640456
699,Slovenia,Uzbekistan,2006.0,2010.0,14.0,6.0,0.9399433333333334,3.763966
700,Maldives,Belarus,2007.0,2007.0,14.0,6.0,0.9399150000000001,3.763949
701,Trinidad and Tobago,Slovakia,2007.0,2007.0,17.0,5.0,0.9398340000000001,3.7639004000000003
702,Belize,Bhutan,2007.0,2007.0,14.0,6.0,0.9395866666666667,3.763752
703,Malta,China,2007.0,2010.0,14.0,6.0,0.9394816666666667,3.7636890000000003
704,Latvia,Suriname,2006.0,2007.0,17.0,5.0,0.9394680000000001,3.7636808000000004
705,Suriname,Latvia,2007.0,2006.0,17.0,5.0,0.9394680000000001,3.7636808000000004
706,Saudi Arabia,Uzbekistan,2006.0,2007.0,17.0,5.0,0.93941,3.763646
708,Costa Rica,Lithuania,2006.0,2006.0,14.0,6.0,0.9394033333333334,3.763642
709,Suriname,Germany,2007.0,2007.0,17.0,5.0,0.9393879999999999,3.7636328
710,Kazakhstan,Vietnam,2006.0,2006.0,17.0,5.0,0.939192,3.7635152
712,Slovenia,Moldova,2006.0,2007.0,17.0,5.0,0.939128,3.7634768000000003
713,Suriname,North Macedonia,2007.0,2006.0,17.0,5.0,0.9386760000000001,3.7632056
714,North Macedonia,Suriname,2006.0,2007.0,17.0,5.0,0.9386760000000001,3.7632056
715,Kazakhstan,Saudi Arabia,2006.0,2006.0,17.0,5.0,0.93847,3.7630820000000003
717,Grenada,Slovakia,2007.0,2006.0,17.0,5.0,0.9383380000000001,3.7630028
718,Slovakia,Grenada,2006.0,2007.0,17.0,5.0,0.9383380000000001,3.7630028
719,Indonesia,Nepal,2006.0,2006.0,17.0,5.0,0.938296,3.7629776
721,Seychelles,Serbia,2007.0,2008.0,14.0,6.0,0.938275,3.7629650000000003
722,Kyrgyzstan,Uzbekistan,2006.0,2007.0,17.0,5.0,0.938212,3.7629272
724,Cyprus,Grenada,2006.0,2007.0,17.0,5.0,0.93821,3.762926
723,Grenada,Cyprus,2007.0,2006.0,17.0,5.0,0.93821,3.762926
725,Cyprus,Uzbekistan,2006.0,2010.0,14.0,6.0,0.9381833333333334,3.76291
726,Belize,Cyprus,2007.0,2007.0,17.0,5.0,0.9380499999999999,3.76283
727,Serbia,Bhutan,2006.0,2006.0,17.0,5.0,0.937762,3.7626572
729,Indonesia,Uzbekistan,2006.0,2008.0,14.0,6.0,0.9374466666666667,3.762468
730,Bulgaria,Romania,2006.0,2006.0,14.0,6.0,0.9373833333333333,3.76243
732,Germany,Uruguay,2006.0,2006.0,14.0,6.0,0.9373583333333334,3.7624150000000003
734,Grenada,Moldova,2007.0,2006.0,17.0,5.0,0.937358,3.7624148
735,Moldova,Grenada,2006.0,2007.0,17.0,5.0,0.937358,3.7624148
736,United Arab Emirates,China,2007.0,2010.0,14.0,6.0,0.9372616666666667,3.762357
737,Libya,Mali,2006.0,2007.0,17.0,5.0,0.936834,3.7621004
738,Belarus,Turkmenistan,2006.0,2007.0,17.0,5.0,0.9366960000000001,3.7620176
740,Uruguay,Cyprus,2006.0,2006.0,17.0,5.0,0.9365780000000001,3.7619468000000005
741,Uruguay,Kyrgyzstan,2006.0,2007.0,14.0,6.0,0.9365583333333333,3.7619350000000003
742,Bulgaria,Trinidad and Tobago,2006.0,2007.0,17.0,5.0,0.936506,3.7619036
743,Trinidad and Tobago,Bulgaria,2007.0,2006.0,17.0,5.0,0.936506,3.7619036
744,Turkmenistan,Vietnam,2006.0,2006.0,17.0,5.0,0.9364979999999999,3.7618988
746,Romania,Estonia,2006.0,2008.0,14.0,6.0,0.9364333333333333,3.7618600000000004
747,Bulgaria,Germany,2006.0,2007.0,17.0,5.0,0.936374,3.7618244
748,Colombia,Dominican Republic,2006.0,2007.0,17.0,5.0,0.9359460000000001,3.7615676000000002
749,Turkmenistan,Belarus,2006.0,2006.0,17.0,5.0,0.935768,3.7614608
751,Slovakia,Dominican Republic,2006.0,2006.0,17.0,5.0,0.9357659999999999,3.7614596000000002
753,Bulgaria,Indonesia,2006.0,2006.0,17.0,5.0,0.9357200000000001,3.761432
755,Lithuania,Costa Rica,2006.0,2009.0,14.0,6.0,0.9356650000000001,3.761399
756,Malta,Malaysia,2007.0,2007.0,17.0,5.0,0.935552,3.7613312000000003
757,Suriname,Croatia,2007.0,2007.0,17.0,5.0,0.9353640000000001,3.7612184
758,Estonia,Morocco,2006.0,2007.0,17.0,5.0,0.93529,3.761174
759,Malaysia,Vietnam,2006.0,2006.0,17.0,5.0,0.9346859999999999,3.7608116000000003
761,Romania,Slovenia,2006.0,2006.0,17.0,5.0,0.934338,3.7606028
763,Turkmenistan,Cuba,2006.0,2007.0,17.0,5.0,0.934318,3.7605908
764,Georgia,Kazakhstan,2006.0,2007.0,17.0,5.0,0.934276,3.7605656
765,Colombia,Belize,2006.0,2007.0,17.0,5.0,0.934264,3.7605584000000003
766,Belize,Colombia,2007.0,2006.0,17.0,5.0,0.934264,3.7605584000000003
767,Panama,Latvia,2006.0,2006.0,17.0,5.0,0.9340300000000001,3.7604180000000005
769,Latvia,Dominican Republic,2006.0,2006.0,17.0,5.0,0.933952,3.7603712000000002
772,Kuwait,Saudi Arabia,2006.0,2006.0,17.0,5.0,0.9337880000000001,3.7602728
773,Lithuania,Germany,2006.0,2008.0,14.0,6.0,0.9337066666666667,3.760224
774,Cuba,United Arab Emirates,2006.0,2009.0,14.0,6.0,0.9335666666666667,3.7601400000000003
775,Sao Tome and Principe,Seychelles,2007.0,2008.0,14.0,6.0,0.9332333333333334,3.7599400000000003
776,Panama,Ivory Coast,2006.0,2006.0,17.0,5.0,0.9330040000000001,3.7598024000000003
778,Trinidad and Tobago,Bulgaria,2007.0,2007.0,17.0,5.0,0.9329560000000001,3.7597736000000004
779,Seychelles,North Korea,2007.0,2007.0,17.0,5.0,0.9326019999999999,3.7595612000000003
780,Turkmenistan,Cuba,2006.0,2006.0,17.0,5.0,0.932518,3.7595108
782,Indonesia,Romania,2006.0,2009.0,14.0,6.0,0.9324083333333334,3.7594450000000004
783,Albania,Latvia,2006.0,2007.0,17.0,5.0,0.9322699999999999,3.7593620000000003
784,Suriname,Colombia,2007.0,2006.0,17.0,5.0,0.9321680000000001,3.7593008
785,Colombia,Suriname,2006.0,2007.0,17.0,5.0,0.9321680000000001,3.7593008
786,Seychelles,Latvia,2007.0,2008.0,14.0,6.0,0.9321283333333333,3.759277
787,Greece,Yemen,2006.0,2007.0,14.0,6.0,0.9319700000000001,3.759182
788,Bulgaria,Estonia,2006.0,2008.0,14.0,6.0,0.9319183333333333,3.759151
789,United Arab Emirates,Kuwait,2007.0,2007.0,17.0,5.0,0.9318519999999999,3.7591112
790,Seychelles,Albania,2007.0,2007.0,17.0,5.0,0.93154,3.7589240000000004
791,Moldova,Bulgaria,2006.0,2007.0,17.0,5.0,0.9311780000000001,3.7587068
792,Seychelles,Grenada,2007.0,2008.0,14.0,6.0,0.9311016666666667,3.758661
793,Panama,Latvia,2006.0,2007.0,17.0,5.0,0.930904,3.7585424
794,Romania,Malaysia,2006.0,2009.0,14.0,6.0,0.9308533333333333,3.758512
795,Sao Tome and Principe,Croatia,2007.0,2007.0,17.0,5.0,0.930672,3.7584032
796,China,Turkmenistan,2006.0,2007.0,17.0,5.0,0.9306519999999999,3.7583912
797,Uzbekistan,Equatorial Guinea,2006.0,2007.0,17.0,5.0,0.9306239999999999,3.7583744
798,Germany,Nepal,2006.0,2007.0,17.0,5.0,0.930428,3.7582568000000003
799,Ecuador,Bulgaria,2006.0,2006.0,17.0,5.0,0.9303359999999999,3.7582016
801,Azerbaijan,Cuba,2006.0,2007.0,17.0,5.0,0.93025,3.75815
803,Belize,Estonia,2007.0,2006.0,17.0,5.0,0.9298819999999999,3.7579292
802,Estonia,Belize,2006.0,2007.0,17.0,5.0,0.9298819999999999,3.7579292
804,Suriname,Estonia,2007.0,2006.0,14.0,6.0,0.9295483333333333,3.7577290000000003
805,Estonia,Suriname,2006.0,2007.0,14.0,6.0,0.9295483333333333,3.7577290000000003
806,Czechia,Slovakia,2006.0,2007.0,17.0,5.0,0.9295439999999999,3.7577264
807,Iceland,Mongolia,2007.0,2007.0,17.0,5.0,0.9295180000000001,3.7577108000000004
808,Azerbaijan,Cuba,2006.0,2006.0,14.0,6.0,0.9292666666666666,3.7575600000000002
810,Ivory Coast,Nepal,2006.0,2007.0,17.0,5.0,0.9288000000000001,3.75728
811,Malaysia,Slovakia,2006.0,2006.0,17.0,5.0,0.928644,3.7571864
813,Germany,Uruguay,2006.0,2008.0,14.0,6.0,0.9283033333333334,3.7569820000000003
814,Vietnam,Romania,2006.0,2006.0,14.0,6.0,0.928225,3.7569350000000004
816,United Arab Emirates,South Korea,2007.0,2006.0,17.0,5.0,0.9279119999999998,3.7567472
817,South Korea,United Arab Emirates,2006.0,2007.0,17.0,5.0,0.9279119999999998,3.7567472
818,North Macedonia,Bulgaria,2006.0,2007.0,17.0,5.0,0.927458,3.7564748000000003
819,Belize,Canada,2007.0,2007.0,17.0,5.0,0.927424,3.7564544
820,Albania,Canada,2006.0,2007.0,17.0,5.0,0.9255979999999999,3.7553588
821,Malaysia,Uzbekistan,2006.0,2010.0,14.0,6.0,0.92399,3.754394
822,Yemen,Libya,2006.0,2006.0,17.0,5.0,0.92341,3.754046
824,Slovakia,Latvia,2006.0,2007.0,17.0,5.0,0.923298,3.7539788
825,Belize,Latvia,2007.0,2007.0,17.0,5.0,0.9230180000000001,3.7538108
826,Solomon Islands,Ivory Coast,2007.0,2007.0,17.0,5.0,0.9215139999999999,3.7529084
827,Ivory Coast,Laos,2006.0,2007.0,17.0,5.0,0.9191420000000001,3.7514852000000003
828,Turkmenistan,Sri Lanka,2006.0,2006.0,17.0,5.0,0.917324,3.7503944000000002
830,Germany,Czechia,2006.0,2006.0,17.0,5.0,0.911406,3.7468436
832,Bahamas,Barbados,2007.0,2007.0,16.0,5.0,0.978768,3.6872608
835,Costa Rica,Estonia,2006.0,2006.0,16.0,5.0,0.978124,3.6868744
836,United Arab Emirates,Malta,2007.0,2007.0,16.0,5.0,0.977946,3.6867676
838,Trinidad and Tobago,Grenada,2007.0,2008.0,16.0,5.0,0.97208,3.683248
839,Bahamas,Trinidad and Tobago,2007.0,2007.0,16.0,5.0,0.971036,3.6826216
841,Slovakia,Slovenia,2006.0,2006.0,16.0,5.0,0.97097,3.682582
843,Malta,Brunei,2007.0,2007.0,16.0,5.0,0.9704460000000001,3.6822676000000003
845,Slovakia,Moldova,2006.0,2006.0,16.0,5.0,0.9699580000000001,3.6819748
847,Grenada,Trinidad and Tobago,2007.0,2007.0,16.0,5.0,0.9699120000000001,3.6819472
850,North Macedonia,Moldova,2006.0,2006.0,13.0,6.0,0.96989,3.6819339999999996
851,Maldives,North Korea,2007.0,2007.0,16.0,5.0,0.968898,3.6813388000000002
852,Moldova,Slovenia,2006.0,2006.0,16.0,5.0,0.9687979999999999,3.6812788000000003
854,Uzbekistan,Kazakhstan,2006.0,2007.0,16.0,5.0,0.9687899999999999,3.681274
855,Malta,Indonesia,2007.0,2007.0,16.0,5.0,0.967886,3.6807316
856,Turkmenistan,Uzbekistan,2006.0,2008.0,16.0,5.0,0.967536,3.6805216
857,Germany,Estonia,2006.0,2006.0,16.0,5.0,0.9672280000000001,3.6803368
859,Estonia,Costa Rica,2006.0,2007.0,16.0,5.0,0.9666520000000001,3.6799912
860,Malta,Uzbekistan,2007.0,2008.0,13.0,6.0,0.9664166666666666,3.6798499999999996
861,Indonesia,Uzbekistan,2006.0,2006.0,16.0,5.0,0.9663259999999999,3.6797956000000003
863,Seychelles,Estonia,2007.0,2007.0,13.0,6.0,0.965515,3.6793089999999995
865,Germany,Moldova,2006.0,2006.0,16.0,5.0,0.9650779999999999,3.6790468
866,United Arab Emirates,Indonesia,2007.0,2007.0,16.0,5.0,0.964968,3.6789808
867,North Macedonia,Slovakia,2006.0,2006.0,13.0,6.0,0.9648116666666667,3.6788869999999996
869,Moldova,Slovakia,2006.0,2007.0,13.0,6.0,0.964305,3.6785829999999997
870,Moldova,Slovakia,2006.0,2006.0,13.0,6.0,0.9639683333333333,3.6783809999999995
872,Estonia,Moldova,2006.0,2006.0,16.0,5.0,0.963832,3.6782992
874,Malta,Uzbekistan,2007.0,2008.0,16.0,5.0,0.963452,3.6780712
875,Germany,Lithuania,2006.0,2006.0,16.0,5.0,0.963322,3.6779932
877,Trinidad and Tobago,Costa Rica,2007.0,2007.0,16.0,5.0,0.9627140000000001,3.6776284
878,Malta,Tajikistan,2007.0,2007.0,16.0,5.0,0.9623459999999999,3.6774076
879,Malta,Tajikistan,2007.0,2008.0,16.0,5.0,0.962216,3.6773296
880,Bahamas,Trinidad and Tobago,2007.0,2008.0,16.0,5.0,0.9622040000000001,3.6773224
881,Trinidad and Tobago,Indonesia,2007.0,2008.0,13.0,6.0,0.9619749999999999,3.6771849999999997
882,Timor-Leste,Mongolia,2007.0,2007.0,16.0,5.0,0.961886,3.6771316
884,Indonesia,Latvia,2006.0,2006.0,16.0,5.0,0.961762,3.6770572
885,Estonia,Bhutan,2006.0,2007.0,16.0,5.0,0.9617060000000001,3.6770236
886,North Macedonia,Moldova,2006.0,2007.0,13.0,6.0,0.9616416666666666,3.6769849999999997
887,Brunei,Malta,2007.0,2007.0,13.0,6.0,0.96164,3.6769839999999996
889,Bhutan,Guyana,2006.0,2007.0,16.0,5.0,0.96153,3.676918
890,Guyana,Bhutan,2007.0,2006.0,16.0,5.0,0.96153,3.676918
891,Estonia,Slovakia,2006.0,2006.0,16.0,5.0,0.961214,3.6767284
893,Malta,Indonesia,2007.0,2008.0,16.0,5.0,0.961158,3.6766948
894,Colombia,Uruguay,2006.0,2006.0,16.0,5.0,0.96103,3.676618
896,Cabo Verde,Timor-Leste,2007.0,2008.0,16.0,5.0,0.960924,3.6765544
898,Turkmenistan,Uzbekistan,2006.0,2006.0,13.0,6.0,0.9607283333333333,3.6764369999999995
899,North Macedonia,Estonia,2006.0,2006.0,13.0,6.0,0.96063,3.6763779999999997
901,Germany,Slovakia,2006.0,2008.0,16.0,5.0,0.960534,3.6763204
902,Turkmenistan,Uzbekistan,2006.0,2007.0,13.0,6.0,0.9601466666666667,3.6760879999999996
903,Moldova,Germany,2006.0,2006.0,13.0,6.0,0.959965,3.6759789999999994
905,Uzbekistan,Kazakhstan,2006.0,2008.0,13.0,6.0,0.9599099999999999,3.6759459999999997
906,Seychelles,Latvia,2007.0,2007.0,13.0,6.0,0.9598933333333334,3.6759359999999996
907,Kazakhstan,Uzbekistan,2006.0,2008.0,16.0,5.0,0.9598639999999999,3.6759184
908,Germany,Suriname,2006.0,2008.0,16.0,5.0,0.9598280000000001,3.6758968000000003
909,North Macedonia,Estonia,2006.0,2006.0,16.0,5.0,0.959774,3.6758644
911,Trinidad and Tobago,Bhutan,2007.0,2008.0,16.0,5.0,0.9597640000000001,3.6758584
912,Kazakhstan,Uzbekistan,2006.0,2007.0,16.0,5.0,0.959586,3.6757516
913,Trinidad and Tobago,Germany,2007.0,2006.0,16.0,5.0,0.959564,3.6757384
914,Germany,Trinidad and Tobago,2006.0,2007.0,16.0,5.0,0.959564,3.6757384
915,Suriname,Bhutan,2007.0,2008.0,16.0,5.0,0.9595420000000001,3.6757252
916,Poland,Romania,2006.0,2007.0,13.0,6.0,0.9591500000000001,3.67549
917,Cabo Verde,Trinidad and Tobago,2007.0,2007.0,16.0,5.0,0.959026,3.6754156
919,Slovakia,Slovenia,2006.0,2006.0,13.0,6.0,0.9588716666666667,3.6753229999999997
921,Malta,Brunei,2007.0,2008.0,13.0,6.0,0.95883,3.6752979999999997
922,Malta,Kazakhstan,2007.0,2007.0,16.0,5.0,0.9587899999999999,3.675274
923,Trinidad and Tobago,Kazakhstan,2007.0,2007.0,16.0,5.0,0.95867,3.675202
924,Guyana,Suriname,2007.0,2007.0,16.0,5.0,0.9586600000000001,3.675196
926,Germany,Estonia,2006.0,2007.0,16.0,5.0,0.958658,3.6751948
927,Trinidad and Tobago,Germany,2007.0,2007.0,16.0,5.0,0.9585779999999999,3.6751468000000003
928,Uzbekistan,Kazakhstan,2006.0,2007.0,13.0,6.0,0.9585233333333334,3.6751139999999998
929,Malta,Malaysia,2007.0,2008.0,13.0,6.0,0.9584800000000001,3.6750879999999997
930,Uzbekistan,Turkmenistan,2006.0,2007.0,16.0,5.0,0.958278,3.6749668
931,Cyprus,Uzbekistan,2006.0,2008.0,16.0,5.0,0.95799,3.6747940000000003
932,Germany,Trinidad and Tobago,2006.0,2008.0,16.0,5.0,0.95787,3.674722
933,Latvia,Romania,2006.0,2006.0,16.0,5.0,0.9576840000000001,3.6746104
935,Serbia,Croatia,2006.0,2007.0,16.0,5.0,0.9576399999999999,3.6745840000000003
936,Croatia,Uzbekistan,2006.0,2009.0,13.0,6.0,0.957585,3.6745509999999997
937,Serbia,Croatia,2006.0,2008.0,16.0,5.0,0.9574999999999999,3.6745
938,Seychelles,Estonia,2007.0,2006.0,16.0,5.0,0.9573879999999999,3.6744328
939,Estonia,Seychelles,2006.0,2007.0,16.0,5.0,0.9573879999999999,3.6744328
940,Slovakia,Estonia,2006.0,2007.0,16.0,5.0,0.957208,3.6743248
941,Slovakia,North Macedonia,2006.0,2006.0,16.0,5.0,0.9571540000000001,3.6742924
944,Slovenia,Suriname,2006.0,2007.0,16.0,5.0,0.9571099999999999,3.6742660000000003
943,Suriname,Slovenia,2007.0,2006.0,16.0,5.0,0.9571099999999999,3.6742660000000003
946,Timor-Leste,Fiji,2007.0,2007.0,16.0,5.0,0.957028,3.6742168
947,Albania,Uzbekistan,2006.0,2007.0,16.0,5.0,0.956828,3.6740968
948,Seychelles,Estonia,2007.0,2006.0,13.0,6.0,0.9568133333333333,3.6740879999999994
949,Estonia,Seychelles,2006.0,2007.0,13.0,6.0,0.9568133333333333,3.6740879999999994
950,Seychelles,Estonia,2007.0,2008.0,13.0,6.0,0.9566016666666667,3.6739609999999994
951,Cuba,Uzbekistan,2006.0,2007.0,16.0,5.0,0.9563200000000001,3.673792
952,Trinidad and Tobago,Germany,2007.0,2008.0,13.0,6.0,0.95623,3.6737379999999997
953,Seychelles,Sao Tome and Principe,2007.0,2007.0,16.0,5.0,0.9561959999999999,3.6737176
955,Indonesia,Tajikistan,2006.0,2011.0,13.0,6.0,0.9561633333333334,3.673698
956,Malta,Trinidad and Tobago,2007.0,2007.0,16.0,5.0,0.956114,3.6736684
958,Belize,Trinidad and Tobago,2007.0,2007.0,16.0,5.0,0.9561080000000001,3.6736648
961,Moldova,Poland,2006.0,2006.0,13.0,6.0,0.9558483333333333,3.6735089999999997
962,Lithuania,Bulgaria,2006.0,2008.0,13.0,6.0,0.9557516666666667,3.6734509999999996
963,Uzbekistan,Kyrgyzstan,2006.0,2006.0,16.0,5.0,0.955734,3.6734404
965,Trinidad and Tobago,Cabo Verde,2007.0,2008.0,16.0,5.0,0.9556660000000001,3.6733996
966,Germany,North Macedonia,2006.0,2006.0,13.0,6.0,0.9556583333333334,3.6733949999999997
968,Poland,Romania,2006.0,2006.0,13.0,6.0,0.95565,3.6733899999999995
970,Moldova,North Macedonia,2006.0,2007.0,16.0,5.0,0.955578,3.6733468
971,Trinidad and Tobago,Croatia,2007.0,2007.0,16.0,5.0,0.9555720000000001,3.6733432
972,Cabo Verde,Timor-Leste,2007.0,2007.0,16.0,5.0,0.9553860000000001,3.6732316000000003
974,Seychelles,Timor-Leste,2007.0,2011.0,13.0,6.0,0.9553733333333333,3.6732239999999994
976,Moldova,Costa Rica,2006.0,2006.0,16.0,5.0,0.955372,3.6732232
977,Uzbekistan,Vietnam,2006.0,2011.0,13.0,6.0,0.9553683333333334,3.673221
978,Bhutan,Nepal,2006.0,2008.0,16.0,5.0,0.95533,3.673198
979,Cuba,Uzbekistan,2006.0,2009.0,13.0,6.0,0.9553283333333332,3.6731969999999996
980,Indonesia,Uzbekistan,2006.0,2008.0,16.0,5.0,0.955306,3.6731836
981,Latvia,Seychelles,2006.0,2007.0,13.0,6.0,0.9552183333333333,3.6731309999999997
982,Seychelles,Latvia,2007.0,2006.0,13.0,6.0,0.9552183333333333,3.6731309999999997
983,Malta,Cyprus,2007.0,2007.0,13.0,6.0,0.9551833333333333,3.6731099999999994
984,Trinidad and Tobago,Samoa,2007.0,2008.0,16.0,5.0,0.955116,3.6730696
985,Timor-Leste,Cabo Verde,2007.0,2008.0,16.0,5.0,0.955038,3.6730228
986,Indonesia,Vietnam,2006.0,2008.0,16.0,5.0,0.95475,3.67285
987,Malta,Botswana,2007.0,2008.0,16.0,5.0,0.954582,3.6727492
988,Germany,Bulgaria,2006.0,2007.0,16.0,5.0,0.954552,3.6727312000000003
989,Germany,Grenada,2006.0,2007.0,16.0,5.0,0.954486,3.6726916000000003
990,Grenada,Germany,2007.0,2006.0,16.0,5.0,0.954486,3.6726916000000003
992,Latvia,Estonia,2006.0,2006.0,13.0,6.0,0.9544733333333334,3.6726839999999994
993,Indonesia,Romania,2006.0,2006.0,16.0,5.0,0.954468,3.6726808
995,Grenada,Costa Rica,2007.0,2007.0,16.0,5.0,0.954406,3.6726436
996,North Macedonia,Estonia,2006.0,2007.0,16.0,5.0,0.954248,3.6725488
997,Romania,Croatia,2006.0,2006.0,13.0,6.0,0.9541933333333333,3.672516
999,North Macedonia,Moldova,2006.0,2007.0,16.0,5.0,0.954152,3.6724912
1000,Estonia,Bhutan,2006.0,2008.0,16.0,5.0,0.95408,3.672448
1001,Cuba,Kazakhstan,2006.0,2007.0,16.0,5.0,0.9540599999999999,3.6724360000000003
1002,Moldova,Lithuania,2006.0,2006.0,16.0,5.0,0.95404,3.672424
1004,Malta,Turkmenistan,2007.0,2007.0,13.0,6.0,0.9540233333333333,3.672414
1005,Costa Rica,Bhutan,2006.0,2007.0,16.0,5.0,0.953998,3.6723988
1007,Trinidad and Tobago,Latvia,2007.0,2006.0,16.0,5.0,0.953858,3.6723148
1006,Latvia,Trinidad and Tobago,2006.0,2007.0,16.0,5.0,0.953858,3.6723148
1008,Solomon Islands,Timor-Leste,2007.0,2009.0,13.0,6.0,0.9538133333333333,3.6722879999999996
1009,Malta,Malaysia,2007.0,2008.0,16.0,5.0,0.953764,3.6722584
1010,Tajikistan,Indonesia,2006.0,2008.0,16.0,5.0,0.9536979999999999,3.6722188
1011,Grenada,Bhutan,2007.0,2007.0,16.0,5.0,0.9536239999999999,3.6721744000000003
1012,Moldova,Costa Rica,2006.0,2007.0,16.0,5.0,0.95357,3.672142
1013,Moldova,Estonia,2006.0,2007.0,16.0,5.0,0.9532999999999999,3.67198
1014,Lithuania,Germany,2006.0,2008.0,13.0,6.0,0.9532416666666667,3.6719449999999996
1015,Indonesia,Uzbekistan,2006.0,2007.0,16.0,5.0,0.953218,3.6719308
1016,Bulgaria,Costa Rica,2006.0,2008.0,16.0,5.0,0.953212,3.6719272
1017,Indonesia,Uzbekistan,2006.0,2011.0,13.0,6.0,0.9531916666666667,3.6719149999999994
1018,Croatia,Kyrgyzstan,2006.0,2008.0,13.0,6.0,0.953175,3.6719049999999998
1019,Croatia,Albania,2006.0,2007.0,16.0,5.0,0.9531000000000001,3.67186
1020,Suriname,Cyprus,2007.0,2008.0,16.0,5.0,0.9530379999999999,3.6718228
1021,Uzbekistan,China,2006.0,2007.0,16.0,5.0,0.953036,3.6718216
1022,Trinidad and Tobago,Germany,2007.0,2007.0,13.0,6.0,0.9530316666666666,3.6718189999999997
1023,Trinidad and Tobago,Bhutan,2007.0,2007.0,16.0,5.0,0.952998,3.6717988
1025,Romania,Estonia,2006.0,2006.0,16.0,5.0,0.9529880000000001,3.6717928
1026,Cyprus,Uzbekistan,2006.0,2008.0,13.0,6.0,0.9529816666666666,3.6717889999999995
1027,Germany,Serbia,2006.0,2006.0,16.0,5.0,0.952974,3.6717844
1029,Croatia,Uzbekistan,2006.0,2010.0,13.0,6.0,0.9529533333333333,3.671772
1030,Indonesia,Tajikistan,2006.0,2010.0,13.0,6.0,0.9525983333333333,3.6715589999999994
1031,Seychelles,Estonia,2007.0,2008.0,16.0,5.0,0.95257,3.671542
1032,Romania,Kazakhstan,2006.0,2008.0,13.0,6.0,0.9525516666666666,3.6715309999999994
1033,Moldova,Bhutan,2006.0,2007.0,16.0,5.0,0.9525359999999999,3.6715216
1034,Trinidad and Tobago,Indonesia,2007.0,2007.0,13.0,6.0,0.9524416666666666,3.6714649999999995
1035,Slovakia,Latvia,2006.0,2007.0,13.0,6.0,0.9524233333333334,3.6714539999999998
1036,United Arab Emirates,Malta,2007.0,2008.0,13.0,6.0,0.952305,3.6713829999999996
1038,Maldives,Malta,2007.0,2007.0,16.0,5.0,0.9522740000000001,3.6713644
1039,North Macedonia,Slovenia,2006.0,2006.0,16.0,5.0,0.952246,3.6713476
1041,Slovakia,Latvia,2006.0,2008.0,13.0,6.0,0.9521983333333334,3.6713189999999996
1042,Germany,Moldova,2006.0,2007.0,13.0,6.0,0.9517216666666667,3.6710329999999995
1043,Suriname,Malta,2007.0,2008.0,16.0,5.0,0.95168,3.671008
1044,Lithuania,Costa Rica,2006.0,2007.0,16.0,5.0,0.9515100000000001,3.670906
1045,Brunei,Turkmenistan,2007.0,2007.0,16.0,5.0,0.9513640000000001,3.6708184
1046,Cuba,Guinea-Bissau,2006.0,2011.0,13.0,6.0,0.9512700000000001,3.670762
1047,Brunei,Kazakhstan,2007.0,2007.0,16.0,5.0,0.951212,3.6707272
1048,Suriname,Slovenia,2007.0,2008.0,16.0,5.0,0.9511940000000001,3.6707164
1049,Lithuania,Moldova,2006.0,2008.0,16.0,5.0,0.9511620000000001,3.6706972
1051,Kyrgyzstan,Indonesia,2006.0,2006.0,16.0,5.0,0.9511559999999999,3.6706936
1052,North Macedonia,Czechia,2006.0,2006.0,16.0,5.0,0.951122,3.6706732
1054,Serbia,Bhutan,2006.0,2008.0,16.0,5.0,0.9511,3.67066
1055,Germany,Latvia,2006.0,2007.0,16.0,5.0,0.9510480000000001,3.6706288000000002
1056,Uzbekistan,Laos,2006.0,2008.0,16.0,5.0,0.951004,3.6706024
1057,Germany,Suriname,2006.0,2009.0,13.0,6.0,0.9509616666666667,3.6705769999999998
1058,Bhutan,Romania,2006.0,2006.0,16.0,5.0,0.95095,3.67057
1060,Slovakia,Cyprus,2006.0,2006.0,16.0,5.0,0.9509219999999999,3.6705532
1062,Moldova,Belarus,2006.0,2007.0,16.0,5.0,0.95081,3.6704860000000004
1063,Germany,Slovakia,2006.0,2008.0,13.0,6.0,0.9507983333333333,3.6704789999999994
1064,Grenada,Estonia,2007.0,2007.0,16.0,5.0,0.950772,3.6704632
1065,Lithuania,Germany,2006.0,2007.0,16.0,5.0,0.950674,3.6704044000000002
1067,Indonesia,Saudi Arabia,2006.0,2006.0,16.0,5.0,0.9506,3.67036
1068,Seychelles,Moldova,2007.0,2007.0,13.0,6.0,0.9505933333333333,3.6703559999999995
1069,Turkmenistan,Indonesia,2006.0,2008.0,16.0,5.0,0.950422,3.6702532000000003
1070,Indonesia,Vietnam,2006.0,2007.0,16.0,5.0,0.9502879999999999,3.6701728
1071,Turkmenistan,Kazakhstan,2006.0,2007.0,16.0,5.0,0.9502140000000001,3.6701284000000003
1072,Malta,Kazakhstan,2007.0,2008.0,16.0,5.0,0.950212,3.6701272
1073,Grenada,Bhutan,2007.0,2008.0,16.0,5.0,0.950194,3.6701164
1074,Seychelles,Moldova,2007.0,2008.0,13.0,6.0,0.9501,3.6700599999999994
1075,Moldova,Bhutan,2006.0,2008.0,16.0,5.0,0.950014,3.6700084
1076,Moldova,Romania,2006.0,2006.0,16.0,5.0,0.9498899999999999,3.669934
1079,Trinidad and Tobago,Slovakia,2007.0,2006.0,16.0,5.0,0.9497920000000001,3.6698752
1078,Slovakia,Trinidad and Tobago,2006.0,2007.0,16.0,5.0,0.9497920000000001,3.6698752
1080,Estonia,Seychelles,2006.0,2008.0,13.0,6.0,0.9497766666666667,3.669866
1081,Trinidad and Tobago,Germany,2007.0,2008.0,16.0,5.0,0.949714,3.6698284
1082,Germany,Suriname,2006.0,2011.0,13.0,6.0,0.9496916666666667,3.669815
1083,Cuba,Indonesia,2006.0,2007.0,16.0,5.0,0.949638,3.6697828
1084,Suriname,Moldova,2007.0,2007.0,16.0,5.0,0.949586,3.6697516
1085,Libya,Syria,2006.0,2006.0,13.0,6.0,0.9495533333333334,3.6697319999999998
1087,Indonesia,Tajikistan,2006.0,2009.0,13.0,6.0,0.9494916666666667,3.669695
1088,Malta,Kyrgyzstan,2007.0,2008.0,16.0,5.0,0.9494859999999999,3.6696916
1089,Estonia,Trinidad and Tobago,2006.0,2007.0,16.0,5.0,0.9494360000000001,3.6696616
1090,Trinidad and Tobago,Estonia,2007.0,2006.0,16.0,5.0,0.9494360000000001,3.6696616
1091,Barbados,Bahamas,2007.0,2008.0,16.0,5.0,0.949282,3.6695692
1093,Slovenia,Lithuania,2006.0,2006.0,16.0,5.0,0.949238,3.6695428000000003
1094,Grenada,Cyprus,2007.0,2007.0,16.0,5.0,0.949018,3.6694108
1095,United Arab Emirates,Malta,2007.0,2008.0,16.0,5.0,0.9489179999999999,3.6693508
1096,Germany,Costa Rica,2006.0,2007.0,16.0,5.0,0.9487919999999999,3.6692752
1097,Uruguay,Colombia,2006.0,2007.0,16.0,5.0,0.9487500000000001,3.66925
1098,Malta,Turkmenistan,2007.0,2011.0,13.0,6.0,0.9486666666666667,3.6691999999999996
1099,Cuba,Kyrgyzstan,2006.0,2008.0,16.0,5.0,0.948652,3.6691912
1100,Latvia,Estonia,2006.0,2008.0,13.0,6.0,0.9486483333333333,3.6691889999999994
1101,Trinidad and Tobago,Estonia,2007.0,2007.0,16.0,5.0,0.9486180000000001,3.6691708
1102,Seychelles,Germany,2007.0,2008.0,13.0,6.0,0.94856,3.6691359999999995
1103,Costa Rica,Estonia,2006.0,2007.0,16.0,5.0,0.948526,3.6691156
1104,Jamaica,Costa Rica,2006.0,2006.0,16.0,5.0,0.9485100000000001,3.669106
1107,Mongolia,Timor-Leste,2006.0,2007.0,16.0,5.0,0.94847,3.669082
1106,Timor-Leste,Mongolia,2007.0,2006.0,16.0,5.0,0.94847,3.669082
1108,Slovakia,Latvia,2006.0,2006.0,13.0,6.0,0.9484216666666666,3.6690529999999995
1110,Cuba,Uzbekistan,2006.0,2006.0,16.0,5.0,0.948362,3.6690172
1112,North Macedonia,Germany,2006.0,2007.0,16.0,5.0,0.948358,3.6690148000000002
1113,Latvia,Trinidad and Tobago,2006.0,2008.0,16.0,5.0,0.948254,3.6689524000000002
1114,Estonia,Grenada,2006.0,2007.0,16.0,5.0,0.948226,3.6689356
1115,Grenada,Estonia,2007.0,2006.0,16.0,5.0,0.948226,3.6689356
1116,United Arab Emirates,Germany,2007.0,2007.0,16.0,5.0,0.9481759999999999,3.6689056
1117,United Arab Emirates,North Korea,2007.0,2007.0,16.0,5.0,0.948072,3.6688432
1118,Albania,Uzbekistan,2006.0,2008.0,16.0,5.0,0.948042,3.6688252
1119,Sao Tome and Principe,Slovenia,2007.0,2007.0,16.0,5.0,0.948008,3.6688048
1120,Cabo Verde,Bhutan,2007.0,2007.0,16.0,5.0,0.947954,3.6687724
1121,Malta,Seychelles,2007.0,2008.0,13.0,6.0,0.9479449999999999,3.6687669999999994
1122,Trinidad and Tobago,Indonesia,2007.0,2007.0,16.0,5.0,0.94794,3.668764
1123,Morocco,Malaysia,2006.0,2006.0,16.0,5.0,0.947938,3.6687628
1125,Saudi Arabia,Indonesia,2006.0,2007.0,16.0,5.0,0.9479279999999999,3.6687568
1126,Cuba,Kazakhstan,2006.0,2006.0,16.0,5.0,0.947906,3.6687436
1128,Sao Tome and Principe,Seychelles,2007.0,2007.0,13.0,6.0,0.9478083333333333,3.6686849999999995
1130,Lithuania,Grenada,2006.0,2007.0,16.0,5.0,0.9478,3.66868
1131,Grenada,Lithuania,2007.0,2006.0,16.0,5.0,0.9478,3.66868
1132,Serbia,North Macedonia,2006.0,2007.0,16.0,5.0,0.947728,3.6686368
1133,Malta,Colombia,2007.0,2007.0,16.0,5.0,0.947538,3.6685228
1135,Maldives,United Arab Emirates,2007.0,2007.0,16.0,5.0,0.947508,3.6685048
1136,Grenada,Trinidad and Tobago,2007.0,2008.0,16.0,5.0,0.947462,3.6684772
1137,Uzbekistan,Saudi Arabia,2006.0,2007.0,16.0,5.0,0.9474499999999999,3.66847
1138,Trinidad and Tobago,Croatia,2007.0,2006.0,16.0,5.0,0.9474,3.66844
1139,Croatia,Trinidad and Tobago,2006.0,2007.0,16.0,5.0,0.9474,3.66844
1140,Barbados,Seychelles,2007.0,2007.0,16.0,5.0,0.9473860000000001,3.6684316
1142,Lithuania,Costa Rica,2006.0,2007.0,13.0,6.0,0.9473816666666667,3.6684289999999997
1143,Moldova,Croatia,2006.0,2008.0,13.0,6.0,0.9473483333333333,3.6684089999999996
1144,Latvia,Estonia,2006.0,2007.0,13.0,6.0,0.9472900000000001,3.6683739999999996
1145,Samoa,Uzbekistan,2007.0,2006.0,16.0,5.0,0.947274,3.6683644
1146,Uzbekistan,Samoa,2006.0,2007.0,16.0,5.0,0.947274,3.6683644
1148,North Korea,China,2006.0,2006.0,16.0,5.0,0.9472619999999999,3.6683572
1149,Indonesia,Germany,2006.0,2006.0,16.0,5.0,0.9471780000000001,3.6683068
1151,Romania,Slovakia,2006.0,2006.0,16.0,5.0,0.9471080000000001,3.6682648
1153,Latvia,Slovenia,2006.0,2006.0,13.0,6.0,0.9470533333333333,3.6682319999999997
1155,Indonesia,Cuba,2006.0,2006.0,16.0,5.0,0.947042,3.6682252
1157,Cuba,Indonesia,2006.0,2008.0,16.0,5.0,0.94695,3.66817
1158,Germany,Bulgaria,2006.0,2007.0,13.0,6.0,0.9469266666666667,3.6681559999999998
1159,Kyrgyzstan,Uzbekistan,2006.0,2007.0,16.0,5.0,0.946818,3.6680908
1160,Romania,Kazakhstan,2006.0,2007.0,13.0,6.0,0.9468033333333333,3.6680819999999996
1161,Germany,Dominican Republic,2006.0,2008.0,16.0,5.0,0.946706,3.6680236
1162,Suriname,Estonia,2007.0,2007.0,16.0,5.0,0.94664,3.667984
1163,Belize,Bahamas,2007.0,2007.0,16.0,5.0,0.9466340000000001,3.6679804000000003
1165,Uzbekistan,Cyprus,2006.0,2006.0,16.0,5.0,0.9466319999999999,3.6679792
1167,Seychelles,Serbia,2007.0,2008.0,13.0,6.0,0.94659,3.6679539999999995
1168,Malta,Slovenia,2007.0,2007.0,16.0,5.0,0.9463419999999999,3.6678052
1169,Romania,Indonesia,2006.0,2006.0,13.0,6.0,0.9463216666666666,3.6677929999999996
1171,Latvia,Serbia,2006.0,2007.0,16.0,5.0,0.946214,3.6677284
1172,Lithuania,Bhutan,2006.0,2008.0,16.0,5.0,0.946172,3.6677032
1173,Suriname,Seychelles,2007.0,2008.0,13.0,6.0,0.9461583333333333,3.6676949999999997
1175,Latvia,Costa Rica,2006.0,2006.0,16.0,5.0,0.9461,3.66766
1177,Romania,Germany,2006.0,2006.0,16.0,5.0,0.9460940000000001,3.6676564000000003
1178,Maldives,North Korea,2007.0,2008.0,16.0,5.0,0.945998,3.6675988
1179,Moldova,Germany,2006.0,2007.0,16.0,5.0,0.945862,3.6675172
1180,Uruguay,Cyprus,2006.0,2011.0,13.0,6.0,0.9457316666666666,3.6674389999999994
1181,Croatia,Germany,2006.0,2006.0,16.0,5.0,0.945674,3.6674044
1183,Jamaica,Mongolia,2006.0,2006.0,16.0,5.0,0.9456519999999999,3.6673912
1185,Moldova,Bhutan,2006.0,2006.0,16.0,5.0,0.945616,3.6673696000000002
1187,Uzbekistan,Georgia,2006.0,2008.0,13.0,6.0,0.945535,3.6673209999999994
1188,Indonesia,Vietnam,2006.0,2010.0,13.0,6.0,0.945515,3.6673089999999995
1189,Suriname,Nepal,2007.0,2008.0,13.0,6.0,0.9454933333333333,3.6672959999999994
1190,Slovenia,Estonia,2006.0,2006.0,16.0,5.0,0.945428,3.6672568
1192,Seychelles,Solomon Islands,2007.0,2008.0,16.0,5.0,0.945282,3.6671692
1193,Uzbekistan,Malta,2006.0,2007.0,16.0,5.0,0.945216,3.6671296
1194,Malta,Uzbekistan,2007.0,2006.0,16.0,5.0,0.945216,3.6671296
1195,Romania,Estonia,2006.0,2007.0,16.0,5.0,0.9451879999999999,3.6671128
1196,Costa Rica,Canada,2006.0,2006.0,16.0,5.0,0.9451640000000001,3.6670984
1198,Suriname,Germany,2007.0,2007.0,16.0,5.0,0.9451599999999999,3.667096
1199,Trinidad and Tobago,Albania,2007.0,2008.0,16.0,5.0,0.945116,3.6670696
1200,Sao Tome and Principe,Moldova,2007.0,2007.0,16.0,5.0,0.9450379999999999,3.6670228
1201,Germany,Latvia,2006.0,2008.0,16.0,5.0,0.945004,3.6670024
1202,Trinidad and Tobago,Seychelles,2007.0,2008.0,16.0,5.0,0.9449439999999999,3.6669663999999997
1204,Costa Rica,Lithuania,2006.0,2006.0,13.0,6.0,0.9449333333333333,3.6669599999999996
1205,Grenada,Latvia,2007.0,2006.0,16.0,5.0,0.9447800000000001,3.666868
1206,Latvia,Grenada,2006.0,2007.0,16.0,5.0,0.9447800000000001,3.666868
1207,Croatia,Germany,2006.0,2006.0,13.0,6.0,0.94474,3.6668439999999998
1209,Cabo Verde,Solomon Islands,2007.0,2008.0,16.0,5.0,0.9447040000000001,3.6668224
1210,Kazakhstan,Panama,2006.0,2006.0,16.0,5.0,0.9446640000000001,3.6667984000000002
1212,Brunei,Malta,2007.0,2008.0,13.0,6.0,0.9446133333333333,3.6667679999999994
1213,Germany,Uruguay,2006.0,2007.0,16.0,5.0,0.9445460000000001,3.6667276
1214,Nepal,Suriname,2006.0,2007.0,16.0,5.0,0.9444380000000001,3.6666628
1215,Suriname,Nepal,2007.0,2006.0,16.0,5.0,0.9444380000000001,3.6666628
1216,Malta,Cuba,2007.0,2008.0,16.0,5.0,0.944424,3.6666544
1218,Solomon Islands,Micronesia,2007.0,2007.0,16.0,5.0,0.944418,3.6666508
1219,Colombia,Uruguay,2006.0,2007.0,16.0,5.0,0.9443400000000001,3.666604
1220,Latvia,Suriname,2006.0,2008.0,13.0,6.0,0.9443199999999999,3.6665919999999996
1221,Malta,Uzbekistan,2007.0,2010.0,13.0,6.0,0.9443116666666667,3.666587
1222,North Macedonia,Costa Rica,2006.0,2008.0,16.0,5.0,0.94431,3.666586
1223,Belarus,Uzbekistan,2006.0,2007.0,16.0,5.0,0.9442540000000001,3.6665524
1224,Brunei,Turkmenistan,2007.0,2008.0,13.0,6.0,0.9442349999999999,3.6665409999999996
1225,Colombia,Belize,2006.0,2008.0,16.0,5.0,0.9441140000000001,3.6664684000000003
1226,Maldives,North Korea,2007.0,2006.0,16.0,5.0,0.9441140000000001,3.6664684000000003
1227,North Korea,Maldives,2006.0,2007.0,16.0,5.0,0.9441140000000001,3.6664684000000003
1228,Seychelles,Trinidad and Tobago,2007.0,2007.0,16.0,5.0,0.944098,3.6664588
1231,Saudi Arabia,Romania,2006.0,2006.0,16.0,5.0,0.94406,3.666436
1232,Solomon Islands,Seychelles,2007.0,2007.0,13.0,6.0,0.9440266666666667,3.666416
1234,Estonia,Costa Rica,2006.0,2008.0,16.0,5.0,0.944018,3.6664108
1235,Samoa,Jamaica,2007.0,2008.0,13.0,6.0,0.9440149999999999,3.666409
1236,Moldova,Bulgaria,2006.0,2007.0,16.0,5.0,0.94398,3.666388
1237,Moldova,Grenada,2006.0,2007.0,16.0,5.0,0.943916,3.6663496
1238,Grenada,Moldova,2007.0,2006.0,16.0,5.0,0.943916,3.6663496
1239,Slovenia,Romania,2006.0,2006.0,16.0,5.0,0.9439059999999999,3.6663436000000003
1241,Suriname,Latvia,2007.0,2008.0,13.0,6.0,0.9437583333333333,3.6662549999999996
1242,Trinidad and Tobago,Malta,2007.0,2007.0,13.0,6.0,0.9437133333333333,3.6662279999999994
1244,Seychelles,Timor-Leste,2007.0,2008.0,16.0,5.0,0.943538,3.6661228
1245,North Macedonia,Latvia,2006.0,2007.0,16.0,5.0,0.9432959999999999,3.6659776
1246,Moldova,Serbia,2006.0,2007.0,16.0,5.0,0.943244,3.6659464
1247,Moldova,Latvia,2006.0,2007.0,16.0,5.0,0.9431940000000001,3.6659164
1248,Tajikistan,Maldives,2006.0,2008.0,16.0,5.0,0.9430540000000001,3.6658324
1249,Moldova,Cyprus,2006.0,2006.0,16.0,5.0,0.943004,3.6658024
1251,Seychelles,Jamaica,2007.0,2009.0,13.0,6.0,0.9429833333333333,3.6657899999999994
1252,Indonesia,Saudi Arabia,2006.0,2007.0,16.0,5.0,0.9429679999999999,3.6657808000000003
1253,Suriname,Estonia,2007.0,2008.0,13.0,6.0,0.9429283333333333,3.6657569999999997
1254,Indonesia,Romania,2006.0,2007.0,13.0,6.0,0.94285,3.66571
1255,Lithuania,Bhutan,2006.0,2009.0,13.0,6.0,0.942845,3.6657069999999994
1256,Germany,Slovakia,2006.0,2007.0,13.0,6.0,0.9427166666666666,3.6656299999999997
1257,Bahamas,Malta,2007.0,2008.0,16.0,5.0,0.942456,3.6654736
1258,Belize,Cyprus,2007.0,2007.0,16.0,5.0,0.9424279999999999,3.6654568000000003
1259,Seychelles,Estonia,2007.0,2009.0,13.0,6.0,0.9423616666666667,3.6654169999999997
1260,Lithuania,Costa Rica,2006.0,2009.0,13.0,6.0,0.9423149999999999,3.6653889999999993
1261,Serbia,Suriname,2006.0,2008.0,16.0,5.0,0.941854,3.6651124
1262,Bahamas,Antigua and Barbuda,2007.0,2008.0,16.0,5.0,0.9418240000000001,3.6650944
1263,Malta,Georgia,2007.0,2008.0,16.0,5.0,0.941734,3.6650404
1264,Cabo Verde,Laos,2007.0,2008.0,16.0,5.0,0.941692,3.6650152
1265,Cuba,Azerbaijan,2006.0,2006.0,16.0,5.0,0.941638,3.6649828
1267,Malta,Dominican Republic,2007.0,2008.0,16.0,5.0,0.941632,3.6649792000000003
1268,Czechia,Slovakia,2006.0,2007.0,16.0,5.0,0.941626,3.6649756
1269,Samoa,Bhutan,2007.0,2008.0,16.0,5.0,0.9416140000000001,3.6649684000000002
1270,Malta,Georgia,2007.0,2007.0,16.0,5.0,0.941484,3.6648904
1271,Libya,Mali,2006.0,2007.0,16.0,5.0,0.9414619999999999,3.6648772000000003
1272,Indonesia,Saudi Arabia,2006.0,2008.0,16.0,5.0,0.941386,3.6648316000000003
1273,Sao Tome and Principe,Solomon Islands,2007.0,2008.0,16.0,5.0,0.9412499999999999,3.66475
1274,Suriname,Lithuania,2007.0,2006.0,16.0,5.0,0.9410640000000001,3.6646384000000003
1275,Lithuania,Suriname,2006.0,2007.0,16.0,5.0,0.9410640000000001,3.6646384000000003
1276,Romania,Slovakia,2006.0,2007.0,16.0,5.0,0.94106,3.6646360000000002
1277,Bulgaria,Slovakia,2006.0,2007.0,13.0,6.0,0.94105,3.66463
1278,Costa Rica,Bhutan,2006.0,2008.0,16.0,5.0,0.9410499999999999,3.66463
1279,Panama,Laos,2006.0,2007.0,16.0,5.0,0.941048,3.6646288
1280,Slovakia,Bulgaria,2006.0,2006.0,13.0,6.0,0.9409066666666667,3.6645439999999994
1282,Sao Tome and Principe,Micronesia,2007.0,2007.0,16.0,5.0,0.9407819999999999,3.6644692
1284,Latvia,Slovakia,2006.0,2007.0,13.0,6.0,0.9407616666666666,3.6644569999999996
1285,Libya,Syria,2006.0,2007.0,13.0,6.0,0.9406983333333333,3.6644189999999996
1287,Malta,Cuba,2007.0,2006.0,16.0,5.0,0.9406399999999999,3.664384
1286,Cuba,Malta,2006.0,2007.0,16.0,5.0,0.9406399999999999,3.664384
1288,Suriname,Moldova,2007.0,2008.0,16.0,5.0,0.9406079999999999,3.6643648
1289,Cabo Verde,Slovenia,2007.0,2006.0,16.0,5.0,0.9404,3.66424
1290,Slovenia,Cabo Verde,2006.0,2007.0,16.0,5.0,0.9404,3.66424
1291,Malta,North Macedonia,2007.0,2007.0,16.0,5.0,0.9403600000000001,3.664216
1292,Seychelles,Suriname,2007.0,2008.0,13.0,6.0,0.9403133333333334,3.664188
1293,Lithuania,Seychelles,2006.0,2007.0,16.0,5.0,0.9402799999999999,3.664168
1294,Seychelles,Lithuania,2007.0,2006.0,16.0,5.0,0.9402799999999999,3.664168
1295,Belize,Samoa,2007.0,2009.0,13.0,6.0,0.9401966666666667,3.6641179999999998
1296,North Macedonia,Slovakia,2006.0,2007.0,16.0,5.0,0.940154,3.6640924000000004
1297,Uzbekistan,Saudi Arabia,2006.0,2008.0,16.0,5.0,0.940054,3.6640324
1298,Grenada,Seychelles,2007.0,2007.0,16.0,5.0,0.9399919999999999,3.6639952
1300,Indonesia,Malta,2006.0,2008.0,16.0,5.0,0.9399620000000001,3.6639772
1301,Vietnam,Laos,2006.0,2007.0,16.0,5.0,0.9397679999999999,3.6638608
