Country,Year,Business Services,Distribution,Electricity,Financial Services,Manufacturing,Media,Primary Sector,Telecommunications,FDI Total Restrictiveness Index,Transport
Albania,2017,0.03,0.03,0.03,0.03,0.03,0.03,0.165,0.03,0.057,0.105
Albania,2018,0.03,0.03,0.03,0.03,0.03,0.03,0.165,0.03,0.057,0.105
Albania,2019,0.03,0.03,0.03,0.03,0.03,0.03,0.165,0.03,0.057,0.105
Albania,2020,0.03,0.03,0.03,0.03,0.03,0.03,0.165,0.03,0.057,0.105
Argentina,1997,0.0,0.0,0.0,0.0,0.0,0.25,0.0,0.0,0.013,0.042
Argentina,2003,0.0,0.0,0.0,0.0,0.0,0.5,0.0,0.0,0.025,0.042
Argentina,2006,0.0,0.0,0.0,0.0,0.0,0.5,0.0,0.0,0.025,0.042
Argentina,2010,0.0,0.0,0.0,0.0,0.0,0.5,0.0,0.0,0.025,0.042
Argentina,2011,0.0,0.0,0.0,0.0,0.0,0.5,0.0,0.0,0.025,0.042
Argentina,2012,0.0,0.0,0.0,0.0,0.0,0.5,0.075,0.0,0.038,0.042
Argentina,2013,0.0,0.0,0.0,0.0,0.0,0.5,0.075,0.0,0.038,0.042
Argentina,2014,0.0,0.0,0.0,0.0,0.0,0.5,0.075,0.0,0.038,0.042
Argentina,2015,0.0,0.0,0.0,0.0,0.0,0.5,0.075,0.0,0.038,0.042
Argentina,2016,0.0,0.0,0.0,0.0,0.0,0.5,0.038,0.0,0.031000000000000003,0.042
Argentina,2017,0.0,0.0,0.0,0.0,0.0,0.5,0.038,0.0,0.031000000000000003,0.042
Argentina,2018,0.0,0.0,0.0,0.0,0.0,0.5,0.038,0.0,0.031000000000000003,0.042
Argentina,2019,0.1,0.1,0.1,0.1,0.1,0.6,0.138,0.1,0.131,0.142
Argentina,2020,0.1,0.1,0.1,0.1,0.1,0.6,0.138,0.1,0.131,0.142
Armenia,2018,0.006,0.0,0.0,0.0,0.0,0.25,0.0,0.0,0.019,0.167
Armenia,2019,0.006,0.0,0.0,0.0,0.0,0.25,0.0,0.0,0.019,0.167
Armenia,2020,0.006,0.0,0.0,0.0,0.0,0.25,0.0,0.0,0.019,0.167
Australia,1997,0.203,0.2,0.2,0.283,0.2,0.763,0.2,0.4,0.266,0.325
Australia,2003,0.178,0.175,0.175,0.267,0.175,0.763,0.181,0.4,0.246,0.292
Australia,2006,0.178,0.175,0.175,0.267,0.175,0.613,0.181,0.4,0.237,0.292
Australia,2010,0.078,0.075,0.075,0.133,0.075,0.2,0.078,0.4,0.128,0.267
Australia,2011,0.078,0.075,0.075,0.133,0.075,0.2,0.078,0.4,0.128,0.267
Australia,2012,0.078,0.075,0.075,0.133,0.075,0.2,0.078,0.4,0.128,0.267
Australia,2013,0.078,0.075,0.075,0.133,0.075,0.2,0.078,0.4,0.128,0.267
Australia,2014,0.078,0.075,0.075,0.133,0.075,0.2,0.078,0.4,0.127,0.26
Australia,2015,0.078,0.075,0.075,0.133,0.08,0.2,0.141,0.4,0.14,0.26
Australia,2016,0.078,0.075,0.2,0.133,0.08,0.2,0.141,0.4,0.146,0.268
Australia,2017,0.078,0.075,0.2,0.133,0.08,0.2,0.141,0.4,0.147,0.268
Australia,2018,0.078,0.075,0.2,0.133,0.08,0.2,0.153,0.4,0.149,0.268
Australia,2019,0.078,0.075,0.2,0.133,0.08,0.2,0.153,0.4,0.149,0.268
Australia,2020,0.078,0.075,0.2,0.133,0.08,0.2,0.153,0.4,0.149,0.268
Austria,1997,0.516,0.0,1.0,0.05,0.0,0.0,0.15,0.0,0.158,1.0
Austria,2003,0.322,0.0,1.0,0.05,0.0,0.0,0.15,0.0,0.149,1.0
Austria,2006,0.322,0.0,1.0,0.05,0.0,0.0,0.15,0.0,0.149,1.0
Austria,2010,0.322,0.0,1.0,0.002,0.0,0.0,0.15,0.0,0.106,0.182
Austria,2011,0.322,0.0,1.0,0.002,0.0,0.0,0.15,0.0,0.106,0.182
Austria,2012,0.322,0.0,1.0,0.002,0.0,0.0,0.15,0.0,0.106,0.182
Austria,2013,0.322,0.0,1.0,0.002,0.0,0.0,0.15,0.0,0.106,0.182
Austria,2014,0.322,0.0,1.0,0.002,0.0,0.0,0.15,0.0,0.106,0.182
Austria,2015,0.322,0.0,1.0,0.002,0.0,0.0,0.15,0.0,0.106,0.182
Austria,2016,0.322,0.0,1.0,0.002,0.0,0.0,0.15,0.0,0.106,0.182
Austria,2017,0.322,0.0,1.0,0.002,0.0,0.0,0.15,0.0,0.106,0.182
Austria,2018,0.322,0.0,1.0,0.002,0.0,0.0,0.15,0.0,0.106,0.182
Austria,2019,0.322,0.0,1.0,0.002,0.0,0.0,0.15,0.0,0.106,0.182
Austria,2020,0.322,0.0,1.0,0.002,0.0,0.0,0.15,0.0,0.106,0.182
Azerbaijan,2019,0.16,0.01,0.01,0.207,0.01,0.46,0.043,0.01,0.077,0.079
Azerbaijan,2020,0.16,0.01,0.01,0.207,0.01,0.46,0.043,0.01,0.077,0.079
Belgium,1997,0.135,0.135,0.135,0.152,0.135,0.135,0.148,0.135,0.148,0.318
Belgium,2003,0.248,0.023,0.023,0.039,0.023,0.023,0.035,0.023,0.046,0.206
Belgium,2006,0.248,0.023,0.023,0.039,0.023,0.023,0.035,0.023,0.042,0.114
Belgium,2010,0.248,0.023,0.023,0.024,0.023,0.023,0.035,0.023,0.04,0.114
Belgium,2011,0.248,0.023,0.023,0.024,0.023,0.023,0.035,0.023,0.04,0.114
Belgium,2012,0.248,0.023,0.023,0.024,0.023,0.023,0.035,0.023,0.04,0.114
Belgium,2013,0.248,0.023,0.023,0.024,0.023,0.023,0.035,0.023,0.04,0.114
Belgium,2014,0.248,0.023,0.023,0.024,0.023,0.023,0.035,0.023,0.04,0.114
Belgium,2015,0.248,0.023,0.023,0.024,0.023,0.023,0.035,0.023,0.04,0.114
Belgium,2016,0.248,0.023,0.023,0.024,0.023,0.023,0.035,0.023,0.04,0.114
Belgium,2017,0.248,0.023,0.023,0.024,0.023,0.023,0.035,0.023,0.04,0.114
Belgium,2018,0.248,0.023,0.023,0.024,0.023,0.023,0.035,0.023,0.04,0.114
Belgium,2019,0.248,0.023,0.023,0.024,0.023,0.023,0.035,0.023,0.04,0.114
Belgium,2020,0.248,0.023,0.023,0.024,0.023,0.023,0.035,0.023,0.04,0.114
Bosnia and Herzegovina,2017,0.03,0.03,0.03,0.03,0.03,0.23,0.015,0.03,0.037,0.03
Bosnia and Herzegovina,2018,0.03,0.03,0.03,0.03,0.03,0.23,0.015,0.03,0.037,0.03
Bosnia and Herzegovina,2019,0.03,0.03,0.03,0.03,0.03,0.23,0.015,0.03,0.037,0.03
Bosnia and Herzegovina,2020,0.03,0.03,0.03,0.03,0.03,0.23,0.015,0.03,0.037,0.03
Belarus,2019,0.258,0.015,0.01,0.27,0.011,0.46,0.03,0.01,0.086,0.077
Belarus,2020,0.258,0.015,0.01,0.27,0.011,0.46,0.03,0.01,0.086,0.077
Brazil,1997,0.063,0.025,0.025,0.108,0.025,1.0,0.073,0.325,0.11799999999999998,0.325
Brazil,2003,0.063,0.025,0.025,0.108,0.025,0.675,0.073,0.075,0.092,0.325
Brazil,2006,0.063,0.025,0.025,0.108,0.025,0.675,0.073,0.075,0.092,0.325
Brazil,2010,0.063,0.025,0.025,0.108,0.025,0.675,0.138,0.075,0.101,0.258
Brazil,2011,0.063,0.025,0.025,0.108,0.025,0.55,0.138,0.075,0.095,0.258
Brazil,2012,0.063,0.025,0.025,0.108,0.025,0.55,0.138,0.075,0.095,0.258
Brazil,2013,0.063,0.025,0.025,0.108,0.025,0.55,0.138,0.075,0.095,0.258
Brazil,2014,0.063,0.025,0.025,0.108,0.025,0.55,0.138,0.075,0.095,0.258
Brazil,2015,0.063,0.025,0.025,0.108,0.025,0.55,0.138,0.075,0.095,0.258
Brazil,2016,0.063,0.025,0.025,0.108,0.025,0.55,0.138,0.075,0.095,0.258
Brazil,2017,0.063,0.025,0.025,0.108,0.025,0.55,0.138,0.075,0.095,0.258
Brazil,2018,0.063,0.025,0.025,0.108,0.025,0.55,0.138,0.075,0.095,0.258
Brazil,2019,0.063,0.025,0.025,0.075,0.025,0.55,0.138,0.075,0.082,0.075
Brazil,2020,0.063,0.025,0.025,0.067,0.025,0.55,0.138,0.075,0.081,0.075
Brunei,2018,0.344,0.0,0.0,0.024,0.0,0.45,0.265,0.25,0.146,0.444
Brunei,2019,0.344,0.0,0.0,0.024,0.0,0.45,0.265,0.25,0.146,0.444
Brunei,2020,0.344,0.0,0.0,0.024,0.0,0.45,0.265,0.25,0.146,0.444
Canada,1997,0.11,0.11,0.11,0.41,0.11,0.71,0.31,0.675,0.267,0.807
Canada,2003,0.11,0.11,0.11,0.377,0.11,0.71,0.31,0.675,0.263,0.807
Canada,2006,0.11,0.11,0.11,0.377,0.11,0.71,0.31,0.675,0.263,0.807
Canada,2010,0.11,0.11,0.11,0.077,0.11,0.71,0.198,0.625,0.175,0.277
Canada,2011,0.11,0.11,0.11,0.077,0.11,0.71,0.198,0.625,0.175,0.277
Canada,2012,0.11,0.11,0.11,0.077,0.11,0.71,0.198,0.575,0.173,0.277
Canada,2013,0.11,0.11,0.11,0.077,0.11,0.71,0.198,0.575,0.173,0.277
Canada,2014,0.11,0.11,0.11,0.077,0.11,0.71,0.198,0.575,0.173,0.277
Canada,2015,0.1,0.1,0.1,0.073,0.1,0.71,0.193,0.565,0.166,0.267
Canada,2016,0.1,0.1,0.1,0.073,0.1,0.71,0.193,0.565,0.166,0.267
Canada,2017,0.095,0.095,0.095,0.072,0.095,0.71,0.19,0.56,0.162,0.262
Canada,2018,0.095,0.095,0.095,0.072,0.095,0.71,0.19,0.56,0.161,0.245
Canada,2019,0.095,0.095,0.095,0.072,0.095,0.71,0.19,0.56,0.161,0.245
Canada,2020,0.095,0.095,0.095,0.072,0.095,0.71,0.19,0.56,0.161,0.245
Switzerland,1997,0.075,0.075,0.575,0.142,0.075,0.542,0.075,0.075,0.154,0.325
Switzerland,2003,0.075,0.075,0.575,0.142,0.075,0.542,0.075,0.075,0.154,0.325
Switzerland,2006,0.075,0.075,0.575,0.142,0.075,0.542,0.075,0.075,0.154,0.325
Switzerland,2010,0.0,0.0,0.5,0.067,0.0,0.467,0.0,0.0,0.083,0.25
Switzerland,2011,0.0,0.0,0.5,0.067,0.0,0.467,0.0,0.0,0.083,0.25
Switzerland,2012,0.0,0.0,0.5,0.067,0.0,0.467,0.0,0.0,0.083,0.25
Switzerland,2013,0.0,0.0,0.5,0.067,0.0,0.467,0.0,0.0,0.083,0.25
Switzerland,2014,0.0,0.0,0.5,0.067,0.0,0.467,0.0,0.0,0.083,0.25
Switzerland,2015,0.0,0.0,0.5,0.067,0.0,0.467,0.0,0.0,0.083,0.25
Switzerland,2016,0.0,0.0,0.5,0.067,0.0,0.467,0.0,0.0,0.083,0.25
Switzerland,2017,0.0,0.0,0.5,0.067,0.0,0.467,0.0,0.0,0.083,0.25
Switzerland,2018,0.0,0.0,0.5,0.067,0.0,0.467,0.0,0.0,0.083,0.25
Switzerland,2019,0.0,0.0,0.5,0.067,0.0,0.467,0.0,0.0,0.083,0.25
Switzerland,2020,0.0,0.0,0.5,0.067,0.0,0.467,0.0,0.0,0.083,0.25
Chile,1997,0.013,0.0,0.0,0.017,0.0,0.438,0.175,0.0,0.073,0.413
Chile,2003,0.013,0.0,0.0,0.017,0.0,0.213,0.175,0.0,0.063,0.413
Chile,2006,0.013,0.0,0.0,0.017,0.0,0.213,0.175,0.0,0.063,0.413
Chile,2010,0.013,0.0,0.0,0.017,0.0,0.188,0.15,0.0,0.057,0.413
Chile,2011,0.013,0.0,0.0,0.017,0.0,0.188,0.15,0.0,0.057,0.413
Chile,2012,0.013,0.0,0.0,0.017,0.0,0.188,0.15,0.0,0.057,0.413
Chile,2013,0.013,0.0,0.0,0.017,0.0,0.188,0.15,0.0,0.057,0.413
Chile,2014,0.013,0.0,0.0,0.017,0.0,0.188,0.15,0.0,0.057,0.413
Chile,2015,0.013,0.0,0.0,0.017,0.0,0.188,0.15,0.0,0.057,0.413
Chile,2016,0.013,0.0,0.0,0.017,0.0,0.188,0.15,0.0,0.057,0.413
Chile,2017,0.013,0.0,0.0,0.017,0.0,0.188,0.15,0.0,0.057,0.413
Chile,2018,0.013,0.0,0.0,0.017,0.0,0.188,0.15,0.0,0.057,0.413
Chile,2019,0.013,0.0,0.0,0.017,0.0,0.188,0.15,0.0,0.057,0.413
Chile,2020,0.013,0.0,0.0,0.017,0.0,0.188,0.15,0.0,0.057,0.413
China,1997,0.55,0.763,0.675,0.808,0.379,1.0,0.665,1.0,0.625,0.778
China,2003,0.45,0.763,0.675,0.758,0.36,1.0,0.597,0.875,0.577,0.737
China,2006,0.35,0.32,0.63,0.615,0.29,1.0,0.544,0.75,0.4680000000000001,0.622
China,2010,0.338,0.28,0.525,0.598,0.247,1.0,0.495,0.75,0.436,0.625
China,2011,0.338,0.28,0.525,0.598,0.247,1.0,0.495,0.75,0.436,0.625
China,2012,0.338,0.263,0.525,0.584,0.245,0.99,0.484,0.75,0.432,0.625
China,2013,0.338,0.263,0.525,0.584,0.245,0.99,0.484,0.75,0.432,0.625
China,2014,0.338,0.263,0.525,0.584,0.245,0.99,0.484,0.75,0.432,0.625
China,2015,0.3,0.2,0.475,0.579,0.21,0.988,0.447,0.75,0.395,0.527
China,2016,0.25,0.123,0.495,0.563,0.134,0.985,0.385,0.75,0.345,0.557
China,2017,0.225,0.103,0.435,0.559,0.112,0.985,0.376,0.75,0.328,0.54
China,2018,0.225,0.075,0.085,0.33,0.083,0.985,0.358,0.75,0.262,0.407
China,2019,0.225,0.075,0.085,0.226,0.083,0.985,0.344,0.733,0.24399999999999997,0.395
China,2020,0.225,0.075,0.085,0.05,0.071,0.985,0.342,0.733,0.214,0.395
Colombia,2010,0.0,0.0,0.05,0.017,0.0,0.208,0.038,0.0,0.026,0.121
Colombia,2011,0.0,0.0,0.05,0.017,0.0,0.208,0.038,0.0,0.026,0.121
Colombia,2012,0.0,0.0,0.05,0.017,0.0,0.208,0.038,0.0,0.026,0.121
Colombia,2013,0.0,0.0,0.05,0.017,0.0,0.208,0.038,0.0,0.026,0.121
Colombia,2014,0.0,0.0,0.05,0.017,0.0,0.208,0.038,0.0,0.026,0.121
Colombia,2015,0.0,0.0,0.05,0.017,0.0,0.208,0.038,0.0,0.026,0.121
Colombia,2016,0.0,0.0,0.05,0.017,0.0,0.208,0.038,0.0,0.026,0.121
Colombia,2017,0.0,0.0,0.05,0.017,0.0,0.208,0.038,0.0,0.026,0.121
Colombia,2018,0.0,0.0,0.05,0.017,0.0,0.208,0.038,0.0,0.026,0.121
Colombia,2019,0.0,0.0,0.05,0.017,0.0,0.208,0.038,0.0,0.026,0.121
Colombia,2020,0.0,0.0,0.05,0.017,0.0,0.208,0.038,0.0,0.026,0.121
Costa Rica,2012,0.013,0.0,0.119,0.038,0.0,0.05,0.073,0.025,0.035,0.108
Costa Rica,2013,0.013,0.0,0.119,0.038,0.0,0.05,0.073,0.025,0.035,0.108
Costa Rica,2014,0.013,0.0,0.119,0.038,0.0,0.05,0.073,0.025,0.035,0.108
Costa Rica,2015,0.013,0.0,0.119,0.038,0.0,0.05,0.073,0.025,0.035,0.108
Costa Rica,2016,0.013,0.0,0.119,0.038,0.0,0.05,0.073,0.025,0.035,0.108
Costa Rica,2017,0.013,0.0,0.119,0.038,0.0,0.05,0.073,0.025,0.035,0.108
Costa Rica,2018,0.013,0.0,0.119,0.038,0.0,0.05,0.073,0.025,0.034,0.091
Costa Rica,2019,0.013,0.0,0.119,0.021,0.0,0.05,0.073,0.025,0.031000000000000003,0.07
Costa Rica,2020,0.013,0.0,0.119,0.021,0.0,0.05,0.073,0.025,0.031000000000000003,0.07
Czechia,1997,0.0,0.0,0.0,0.175,0.0,0.0,0.025,0.0,0.046,0.333
Czechia,2003,0.0,0.0,0.0,0.01,0.0,0.0,0.025,0.0,0.023,0.333
Czechia,2006,0.0,0.0,0.0,0.01,0.0,0.0,0.025,0.0,0.023,0.333
Czechia,2010,0.0,0.0,0.0,0.01,0.0,0.0,0.025,0.0,0.012,0.075
Czechia,2011,0.0,0.0,0.0,0.01,0.0,0.0,0.025,0.0,0.01,0.075
Czechia,2012,0.0,0.0,0.0,0.01,0.0,0.0,0.025,0.0,0.01,0.075
Czechia,2013,0.0,0.0,0.0,0.01,0.0,0.0,0.025,0.0,0.01,0.075
Czechia,2014,0.0,0.0,0.0,0.01,0.0,0.0,0.025,0.0,0.01,0.075
Czechia,2015,0.0,0.0,0.0,0.01,0.0,0.0,0.025,0.0,0.01,0.075
Czechia,2016,0.0,0.0,0.0,0.01,0.0,0.0,0.025,0.0,0.01,0.075
Czechia,2017,0.0,0.0,0.0,0.01,0.0,0.0,0.025,0.0,0.01,0.075
Czechia,2018,0.0,0.0,0.0,0.01,0.0,0.0,0.025,0.0,0.01,0.075
Czechia,2019,0.0,0.0,0.0,0.01,0.0,0.0,0.025,0.0,0.01,0.075
Czechia,2020,0.0,0.0,0.0,0.01,0.0,0.0,0.025,0.0,0.01,0.075
Germany,1997,0.0,0.0,0.0,0.02,0.0,0.025,0.069,0.0,0.030000000000000002,0.292
Germany,2003,0.0,0.0,0.0,0.02,0.0,0.025,0.069,0.0,0.030000000000000002,0.292
Germany,2006,0.0,0.0,0.0,0.02,0.0,0.025,0.069,0.0,0.030000000000000002,0.292
Germany,2010,0.0,0.0,0.0,0.005,0.0,0.025,0.069,0.0,0.023,0.2
Germany,2011,0.0,0.0,0.0,0.005,0.0,0.025,0.069,0.0,0.023,0.2
Germany,2012,0.0,0.0,0.0,0.005,0.0,0.025,0.069,0.0,0.023,0.2
Germany,2013,0.0,0.0,0.0,0.005,0.0,0.025,0.069,0.0,0.023,0.2
Germany,2014,0.0,0.0,0.0,0.005,0.0,0.025,0.069,0.0,0.023,0.2
Germany,2015,0.0,0.0,0.0,0.005,0.0,0.025,0.069,0.0,0.023,0.2
Germany,2016,0.0,0.0,0.0,0.005,0.0,0.025,0.069,0.0,0.023,0.2
Germany,2017,0.0,0.0,0.0,0.005,0.0,0.025,0.069,0.0,0.023,0.2
Germany,2018,0.0,0.0,0.0,0.005,0.0,0.025,0.069,0.0,0.023,0.2
Germany,2019,0.0,0.0,0.0,0.005,0.0,0.025,0.069,0.0,0.023,0.2
Germany,2020,0.0,0.0,0.0,0.005,0.0,0.025,0.069,0.0,0.023,0.2
Denmark,1997,0.363,0.0,0.0,0.017,0.0,0.0,0.056,0.0,0.038,0.158
Denmark,2003,0.363,0.0,0.0,0.017,0.0,0.0,0.056,0.0,0.038,0.158
Denmark,2006,0.363,0.0,0.0,0.017,0.0,0.0,0.056,0.0,0.038,0.158
Denmark,2010,0.363,0.0,0.0,0.002,0.0,0.0,0.056,0.0,0.033,0.083
Denmark,2011,0.363,0.0,0.0,0.002,0.0,0.0,0.056,0.0,0.033,0.083
Denmark,2012,0.363,0.0,0.0,0.002,0.0,0.0,0.056,0.0,0.033,0.083
Denmark,2013,0.363,0.0,0.0,0.002,0.0,0.0,0.056,0.0,0.033,0.083
Denmark,2014,0.363,0.0,0.0,0.002,0.0,0.0,0.056,0.0,0.033,0.083
Denmark,2015,0.363,0.0,0.0,0.002,0.0,0.0,0.056,0.0,0.033,0.083
Denmark,2016,0.363,0.0,0.0,0.002,0.0,0.0,0.056,0.0,0.033,0.083
Denmark,2017,0.363,0.0,0.0,0.002,0.0,0.0,0.056,0.0,0.033,0.083
Denmark,2018,0.363,0.0,0.0,0.002,0.0,0.0,0.056,0.0,0.033,0.083
Denmark,2019,0.363,0.0,0.0,0.002,0.0,0.0,0.056,0.0,0.033,0.083
Denmark,2020,0.363,0.0,0.0,0.002,0.0,0.0,0.056,0.0,0.033,0.083
Algeria,2019,0.55,0.575,0.55,0.617,0.55,0.925,0.584,0.55,0.587,0.6
Algeria,2020,0.05,0.8,0.4,0.283,0.097,0.8,0.2,0.05,0.268,0.683
Egypt,1997,0.1,0.605,0.005,0.197,0.015,0.005,0.105,0.005,0.184,0.301
Egypt,2003,0.1,0.605,0.005,0.113,0.015,0.005,0.105,0.005,0.173,0.301
Egypt,2006,0.1,0.605,0.005,0.022,0.005,0.005,0.043,0.005,0.125,0.276
Egypt,2010,0.1,0.605,0.005,0.022,0.005,0.005,0.043,0.005,0.126,0.276
Egypt,2011,0.1,0.605,0.005,0.022,0.005,0.005,0.043,0.005,0.126,0.276
Egypt,2012,0.1,0.605,0.005,0.022,0.005,0.005,0.043,0.005,0.126,0.276
Egypt,2013,0.1,0.605,0.005,0.022,0.005,0.005,0.043,0.005,0.126,0.276
Egypt,2014,0.1,0.605,0.005,0.022,0.005,0.005,0.043,0.005,0.126,0.276
Egypt,2015,0.1,0.605,0.005,0.022,0.005,0.005,0.043,0.005,0.126,0.276
Egypt,2016,0.1,0.605,0.005,0.022,0.005,0.005,0.043,0.005,0.126,0.276
Egypt,2017,0.1,0.255,0.005,0.022,0.005,0.005,0.043,0.005,0.094,0.276
Egypt,2018,0.1,0.255,0.005,0.022,0.005,0.005,0.043,0.005,0.094,0.276
Egypt,2019,0.1,0.255,0.005,0.022,0.005,0.005,0.043,0.005,0.094,0.276
Egypt,2020,0.1,0.255,0.005,0.022,0.005,0.505,0.043,0.005,0.11700000000000002,0.276
Spain,1997,0.113,0.0,0.0,0.047,0.0,0.225,0.011,0.113,0.036,0.15
Spain,2003,0.113,0.0,0.0,0.047,0.0,0.225,0.011,0.113,0.036,0.15
Spain,2006,0.113,0.0,0.0,0.047,0.0,0.225,0.011,0.113,0.036,0.15
Spain,2010,0.113,0.0,0.0,0.002,0.0,0.225,0.011,0.0,0.021,0.075
Spain,2011,0.113,0.0,0.0,0.002,0.0,0.225,0.011,0.0,0.021,0.075
Spain,2012,0.113,0.0,0.0,0.002,0.0,0.225,0.011,0.0,0.021,0.075
Spain,2013,0.113,0.0,0.0,0.002,0.0,0.225,0.011,0.0,0.021,0.075
Spain,2014,0.113,0.0,0.0,0.002,0.0,0.225,0.011,0.0,0.021,0.075
Spain,2015,0.113,0.0,0.0,0.002,0.0,0.225,0.011,0.0,0.021,0.075
Spain,2016,0.113,0.0,0.0,0.002,0.0,0.225,0.011,0.0,0.021,0.075
Spain,2017,0.113,0.0,0.0,0.002,0.0,0.225,0.011,0.0,0.021,0.075
Spain,2018,0.113,0.0,0.0,0.002,0.0,0.225,0.011,0.0,0.021,0.075
Spain,2019,0.113,0.0,0.0,0.002,0.0,0.225,0.011,0.0,0.021,0.075
Spain,2020,0.113,0.0,0.0,0.002,0.0,0.225,0.011,0.0,0.021,0.075
Estonia,1997,0.0,0.01,0.2,0.018,0.0,0.025,0.1,0.0,0.076,0.442
Estonia,2003,0.0,0.0,0.0,0.018,0.0,0.0,0.05,0.0,0.039,0.275
Estonia,2006,0.0,0.0,0.0,0.018,0.0,0.0,0.05,0.0,0.035,0.183
Estonia,2010,0.0,0.0,0.0,0.002,0.0,0.0,0.05,0.0,0.031000000000000003,0.15
Estonia,2011,0.0,0.0,0.0,0.002,0.0,0.0,0.023,0.0,0.018,0.15
Estonia,2012,0.0,0.0,0.0,0.002,0.0,0.0,0.023,0.0,0.018,0.15
Estonia,2013,0.0,0.0,0.0,0.002,0.0,0.0,0.023,0.0,0.018,0.15
Estonia,2014,0.0,0.0,0.0,0.002,0.0,0.0,0.023,0.0,0.018,0.15
Estonia,2015,0.0,0.0,0.0,0.002,0.0,0.0,0.023,0.0,0.018,0.15
Estonia,2016,0.0,0.0,0.0,0.002,0.0,0.0,0.023,0.0,0.018,0.15
Estonia,2017,0.0,0.0,0.0,0.002,0.0,0.0,0.023,0.0,0.018,0.15
Estonia,2018,0.0,0.0,0.0,0.002,0.0,0.0,0.023,0.0,0.018,0.15
Estonia,2019,0.0,0.0,0.0,0.002,0.0,0.0,0.023,0.0,0.018,0.15
Estonia,2020,0.0,0.0,0.0,0.002,0.0,0.0,0.023,0.0,0.018,0.15
Finland,1997,0.285,0.15,0.317,0.185,0.15,0.15,0.163,0.15,0.178,0.45
Finland,2003,0.285,0.15,0.317,0.185,0.15,0.15,0.163,0.15,0.178,0.45
Finland,2006,0.155,0.02,0.187,0.055,0.02,0.02,0.033,0.02,0.055,0.363
Finland,2010,0.046,0.009,0.084,0.011,0.009,0.009,0.015,0.009,0.019,0.092
Finland,2011,0.046,0.009,0.084,0.011,0.009,0.009,0.015,0.009,0.019,0.092
Finland,2012,0.046,0.009,0.084,0.011,0.009,0.009,0.015,0.009,0.019,0.092
Finland,2013,0.046,0.009,0.084,0.011,0.009,0.009,0.015,0.009,0.019,0.092
Finland,2014,0.046,0.009,0.084,0.011,0.009,0.009,0.015,0.009,0.019,0.092
Finland,2015,0.046,0.009,0.084,0.011,0.009,0.009,0.015,0.009,0.019,0.092
Finland,2016,0.046,0.009,0.084,0.011,0.009,0.009,0.015,0.009,0.019,0.092
Finland,2017,0.046,0.009,0.084,0.011,0.009,0.009,0.015,0.009,0.019,0.092
Finland,2018,0.046,0.009,0.084,0.011,0.009,0.009,0.015,0.009,0.019,0.092
Finland,2019,0.046,0.009,0.084,0.011,0.009,0.009,0.015,0.009,0.019,0.092
Finland,2020,0.046,0.009,0.084,0.011,0.009,0.009,0.015,0.009,0.019,0.092
France,1997,0.003,0.0,0.0,0.054,0.0,0.048,0.155,0.225,0.055,0.15
France,2003,0.003,0.0,0.0,0.054,0.0,0.048,0.155,0.225,0.055,0.15
France,2006,0.003,0.0,0.0,0.054,0.0,0.048,0.155,0.0,0.045,0.15
France,2010,0.003,0.0,0.0,0.054,0.0,0.048,0.155,0.0,0.045,0.15
France,2011,0.003,0.0,0.0,0.054,0.0,0.048,0.155,0.0,0.045,0.15
France,2012,0.003,0.0,0.0,0.054,0.0,0.048,0.155,0.0,0.045,0.15
France,2013,0.003,0.0,0.0,0.054,0.0,0.048,0.155,0.0,0.045,0.15
France,2014,0.003,0.0,0.0,0.054,0.0,0.048,0.155,0.0,0.045,0.15
France,2015,0.003,0.0,0.0,0.054,0.0,0.048,0.155,0.0,0.045,0.15
France,2016,0.003,0.0,0.0,0.054,0.0,0.048,0.155,0.0,0.045,0.15
France,2017,0.003,0.0,0.0,0.054,0.0,0.048,0.155,0.0,0.045,0.15
France,2018,0.003,0.0,0.0,0.054,0.0,0.048,0.155,0.0,0.045,0.15
France,2019,0.003,0.0,0.0,0.054,0.0,0.048,0.155,0.0,0.045,0.15
France,2020,0.003,0.0,0.0,0.054,0.0,0.048,0.155,0.0,0.045,0.15
United Kingdom,1997,0.023,0.023,0.023,0.106,0.023,0.248,0.16,0.103,0.081,0.223
United Kingdom,2003,0.0,0.0,0.0,0.083,0.0,0.225,0.138,0.08,0.05899999999999999,0.2
United Kingdom,2006,0.0,0.0,0.0,0.083,0.0,0.225,0.138,0.0,0.056,0.2
United Kingdom,2010,0.0,0.0,0.0,0.002,0.0,0.225,0.138,0.0,0.04,0.092
United Kingdom,2011,0.0,0.0,0.0,0.002,0.0,0.225,0.138,0.0,0.04,0.092
United Kingdom,2012,0.0,0.0,0.0,0.002,0.0,0.225,0.138,0.0,0.04,0.092
United Kingdom,2013,0.0,0.0,0.0,0.002,0.0,0.225,0.138,0.0,0.04,0.092
United Kingdom,2014,0.0,0.0,0.0,0.002,0.0,0.225,0.138,0.0,0.04,0.092
United Kingdom,2015,0.0,0.0,0.0,0.002,0.0,0.225,0.138,0.0,0.04,0.092
United Kingdom,2016,0.0,0.0,0.0,0.002,0.0,0.225,0.138,0.0,0.04,0.092
United Kingdom,2017,0.0,0.0,0.0,0.002,0.0,0.225,0.138,0.0,0.04,0.092
United Kingdom,2018,0.0,0.0,0.0,0.002,0.0,0.225,0.138,0.0,0.04,0.092
United Kingdom,2019,0.0,0.0,0.0,0.002,0.0,0.225,0.138,0.0,0.04,0.092
United Kingdom,2020,0.0,0.0,0.0,0.002,0.0,0.225,0.138,0.0,0.04,0.092
Georgia,2019,0.0,0.0,0.0,0.0,0.0,0.025,0.044,0.0,0.018,0.133
Georgia,2020,0.0,0.0,0.0,0.0,0.0,0.025,0.044,0.0,0.018,0.133
Greece,1997,0.409,0.015,0.015,0.065,0.015,0.128,0.124,0.015,0.071,0.165
Greece,2003,0.409,0.015,0.015,0.065,0.015,0.128,0.124,0.015,0.071,0.165
Greece,2006,0.394,0.0,0.0,0.05,0.0,0.113,0.079,0.0,0.051,0.15
Greece,2010,0.056,0.0,0.0,0.02,0.0,0.113,0.079,0.0,0.032,0.15
Greece,2011,0.056,0.0,0.0,0.02,0.0,0.113,0.079,0.0,0.032,0.15
Greece,2012,0.056,0.0,0.0,0.02,0.0,0.113,0.079,0.0,0.032,0.15
Greece,2013,0.056,0.0,0.0,0.02,0.0,0.113,0.079,0.0,0.032,0.15
Greece,2014,0.056,0.0,0.0,0.02,0.0,0.113,0.079,0.0,0.032,0.15
Greece,2015,0.056,0.0,0.0,0.02,0.0,0.113,0.079,0.0,0.032,0.15
Greece,2016,0.056,0.0,0.0,0.02,0.0,0.113,0.079,0.0,0.032,0.15
Greece,2017,0.056,0.0,0.0,0.02,0.0,0.113,0.079,0.0,0.032,0.15
Greece,2018,0.056,0.0,0.0,0.02,0.0,0.113,0.079,0.0,0.032,0.15
Greece,2019,0.056,0.0,0.0,0.02,0.0,0.113,0.079,0.0,0.032,0.15
Greece,2020,0.056,0.0,0.0,0.02,0.0,0.113,0.079,0.0,0.032,0.15
Croatia,2018,0.081,0.014,0.014,0.035,0.014,0.036,0.06,0.014,0.034,0.087
Croatia,2019,0.081,0.014,0.014,0.035,0.014,0.036,0.06,0.014,0.034,0.087
Croatia,2020,0.081,0.014,0.014,0.035,0.014,0.036,0.06,0.014,0.034,0.087
Hungary,1997,0.05,0.05,0.05,0.05,0.05,0.05,0.3,0.05,0.154,0.383
Hungary,2003,0.0,0.0,0.0,0.005,0.0,0.0,0.0,0.0,0.06099999999999999,0.333
Hungary,2006,0.0,0.0,0.0,0.005,0.0,0.0,0.0,0.0,0.06099999999999999,0.333
Hungary,2010,0.0,0.0,0.0,0.005,0.0,0.0,0.0,0.0,0.029,0.167
Hungary,2011,0.0,0.0,0.0,0.005,0.0,0.0,0.0,0.0,0.029,0.167
Hungary,2012,0.0,0.0,0.0,0.005,0.0,0.0,0.0,0.0,0.029,0.167
Hungary,2013,0.0,0.0,0.0,0.005,0.0,0.0,0.0,0.0,0.029,0.167
Hungary,2014,0.0,0.0,0.0,0.005,0.0,0.0,0.0,0.0,0.029,0.167
Hungary,2015,0.0,0.0,0.0,0.005,0.0,0.0,0.0,0.0,0.029,0.167
Hungary,2016,0.0,0.0,0.0,0.005,0.0,0.0,0.0,0.0,0.029,0.167
Hungary,2017,0.0,0.0,0.0,0.005,0.0,0.0,0.0,0.0,0.029,0.167
Hungary,2018,0.0,0.0,0.0,0.005,0.0,0.0,0.0,0.0,0.029,0.167
Hungary,2019,0.0,0.0,0.0,0.005,0.0,0.0,0.0,0.0,0.029,0.167
Hungary,2020,0.0,0.0,0.0,0.005,0.0,0.0,0.0,0.0,0.029,0.167
Indonesia,1997,0.579,1.0,0.498,0.527,0.16,1.0,0.478,0.56,0.479,0.531
Indonesia,2003,0.579,0.56,0.31,0.295,0.143,1.0,0.374,0.56,0.365,0.531
Indonesia,2006,0.579,0.56,0.31,0.295,0.143,1.0,0.374,0.56,0.365,0.531
Indonesia,2010,0.579,0.56,0.31,0.25,0.085,0.936,0.319,0.46,0.319,0.531
Indonesia,2011,0.579,0.56,0.31,0.25,0.085,0.936,0.319,0.46,0.319,0.531
Indonesia,2012,0.579,0.56,0.31,0.25,0.085,0.936,0.344,0.46,0.324,0.531
Indonesia,2013,0.629,0.61,0.36,0.3,0.135,0.961,0.369,0.51,0.368,0.581
Indonesia,2014,0.654,0.741,0.285,0.325,0.159,0.791,0.438,0.41,0.39,0.589
Indonesia,2015,0.654,0.741,0.285,0.325,0.159,0.791,0.438,0.41,0.39,0.589
Indonesia,2016,0.654,0.56,0.279,0.248,0.152,0.76,0.469,0.385,0.355,0.52
Indonesia,2017,0.654,0.56,0.279,0.248,0.152,0.76,0.469,0.385,0.355,0.52
Indonesia,2018,0.649,0.555,0.274,0.222,0.147,0.755,0.464,0.38,0.347,0.515
Indonesia,2019,0.649,0.555,0.274,0.222,0.147,0.755,0.464,0.38,0.347,0.515
Indonesia,2020,0.649,0.555,0.274,0.222,0.147,0.755,0.464,0.38,0.347,0.515
India,1997,0.663,0.6,0.15,0.552,0.237,1.0,0.488,0.7,0.48000000000000004,0.45
India,2003,0.603,0.59,0.13,0.512,0.082,1.0,0.463,0.7,0.418,0.37
India,2006,0.563,0.438,0.05,0.313,0.035,0.5,0.325,0.425,0.284,0.275
India,2010,0.563,0.438,0.05,0.313,0.048,0.463,0.325,0.425,0.285,0.271
India,2011,0.563,0.438,0.05,0.313,0.055,0.463,0.32,0.425,0.286,0.271
India,2012,0.563,0.319,0.064,0.329,0.055,0.395,0.321,0.425,0.275,0.263
India,2013,0.563,0.306,0.064,0.32,0.048,0.395,0.32,0.175,0.259,0.263
India,2014,0.563,0.313,0.064,0.32,0.048,0.395,0.32,0.175,0.258,0.263
India,2015,0.563,0.298,0.064,0.301,0.046,0.31,0.309,0.175,0.24399999999999997,0.233
India,2016,0.563,0.298,0.064,0.279,0.035,0.28,0.225,0.175,0.217,0.127
India,2017,0.563,0.298,0.064,0.279,0.035,0.28,0.225,0.175,0.217,0.127
India,2018,0.563,0.285,0.064,0.279,0.035,0.28,0.225,0.175,0.212,0.093
India,2019,0.563,0.284,0.064,0.264,0.035,0.28,0.213,0.175,0.207,0.093
India,2020,0.563,0.284,0.064,0.264,0.035,0.28,0.213,0.175,0.207,0.093
Ireland,1997,0.0,0.0,0.0,0.039,0.0,0.0,0.135,0.0,0.05,0.2
Ireland,2003,0.0,0.0,0.0,0.039,0.0,0.0,0.135,0.0,0.05,0.2
Ireland,2006,0.0,0.0,0.0,0.039,0.0,0.0,0.135,0.0,0.05,0.2
Ireland,2010,0.0,0.0,0.0,0.009,0.0,0.0,0.135,0.0,0.043,0.125
Ireland,2011,0.0,0.0,0.0,0.009,0.0,0.0,0.135,0.0,0.043,0.125
Ireland,2012,0.0,0.0,0.0,0.009,0.0,0.0,0.135,0.0,0.043,0.125
Ireland,2013,0.0,0.0,0.0,0.009,0.0,0.0,0.135,0.0,0.043,0.125
Ireland,2014,0.0,0.0,0.0,0.009,0.0,0.0,0.135,0.0,0.043,0.125
Ireland,2015,0.0,0.0,0.0,0.009,0.0,0.0,0.135,0.0,0.043,0.125
Ireland,2016,0.0,0.0,0.0,0.009,0.0,0.0,0.135,0.0,0.043,0.125
Ireland,2017,0.0,0.0,0.0,0.009,0.0,0.0,0.135,0.0,0.043,0.125
Ireland,2018,0.0,0.0,0.0,0.009,0.0,0.0,0.135,0.0,0.043,0.125
Ireland,2019,0.0,0.0,0.0,0.009,0.0,0.0,0.135,0.0,0.043,0.125
Ireland,2020,0.0,0.0,0.0,0.009,0.0,0.0,0.135,0.0,0.043,0.125
Iceland,1997,0.112,0.112,0.562,0.119,0.112,0.112,0.241,0.112,0.167,0.204
Iceland,2003,0.112,0.112,0.562,0.119,0.112,0.112,0.241,0.112,0.167,0.204
Iceland,2006,0.112,0.112,0.562,0.119,0.112,0.112,0.241,0.112,0.167,0.204
Iceland,2010,0.112,0.112,0.562,0.119,0.112,0.112,0.241,0.112,0.167,0.204
Iceland,2011,0.112,0.112,0.562,0.119,0.112,0.112,0.241,0.112,0.167,0.204
Iceland,2012,0.112,0.112,0.562,0.119,0.112,0.112,0.241,0.112,0.167,0.204
Iceland,2013,0.112,0.112,0.562,0.119,0.112,0.112,0.241,0.112,0.167,0.204
Iceland,2014,0.112,0.112,0.562,0.119,0.112,0.112,0.241,0.112,0.167,0.204
Iceland,2015,0.112,0.112,0.562,0.119,0.112,0.112,0.241,0.112,0.167,0.204
Iceland,2016,0.112,0.112,0.562,0.119,0.112,0.112,0.241,0.112,0.167,0.204
Iceland,2017,0.112,0.112,0.562,0.119,0.112,0.112,0.241,0.112,0.167,0.204
Iceland,2018,0.112,0.112,0.562,0.119,0.112,0.112,0.241,0.112,0.167,0.204
Iceland,2019,0.112,0.112,0.562,0.119,0.112,0.112,0.241,0.112,0.167,0.204
Iceland,2020,0.112,0.112,0.562,0.119,0.112,0.112,0.241,0.112,0.167,0.204
Israel,1997,0.02,0.02,0.77,0.037,0.02,0.264,0.06,0.32,0.11300000000000002,0.37
Israel,2003,0.02,0.02,0.77,0.037,0.02,0.264,0.06,0.395,0.11799999999999998,0.403
Israel,2006,0.02,0.02,0.77,0.037,0.02,0.264,0.06,0.395,0.11799999999999998,0.403
Israel,2010,0.02,0.02,0.77,0.037,0.02,0.264,0.06,0.395,0.11799999999999998,0.403
Israel,2011,0.02,0.02,0.77,0.037,0.02,0.264,0.06,0.395,0.11799999999999998,0.403
Israel,2012,0.02,0.02,0.77,0.037,0.02,0.264,0.06,0.395,0.11799999999999998,0.403
Israel,2013,0.02,0.02,0.77,0.037,0.02,0.264,0.06,0.395,0.11799999999999998,0.403
Israel,2014,0.02,0.02,0.77,0.037,0.02,0.264,0.06,0.395,0.11799999999999998,0.403
Israel,2015,0.02,0.02,0.77,0.037,0.02,0.264,0.06,0.395,0.11799999999999998,0.403
Israel,2016,0.02,0.02,0.77,0.037,0.02,0.264,0.06,0.395,0.11799999999999998,0.403
Israel,2017,0.02,0.02,0.77,0.037,0.02,0.264,0.06,0.395,0.11799999999999998,0.403
Israel,2018,0.02,0.02,0.77,0.037,0.02,0.264,0.06,0.395,0.11799999999999998,0.403
Israel,2019,0.02,0.02,0.77,0.037,0.02,0.264,0.06,0.395,0.11799999999999998,0.403
Israel,2020,0.02,0.02,0.77,0.037,0.02,0.264,0.06,0.395,0.11799999999999998,0.403
Italy,1997,0.0,0.0,0.0,0.033,0.0,0.363,0.13,0.0,0.058,0.292
Italy,2003,0.0,0.0,0.0,0.033,0.0,0.363,0.13,0.0,0.058,0.292
Italy,2006,0.0,0.0,0.0,0.033,0.0,0.363,0.13,0.0,0.054,0.2
Italy,2010,0.0,0.0,0.0,0.018,0.0,0.363,0.13,0.0,0.052,0.2
Italy,2011,0.0,0.0,0.0,0.018,0.0,0.363,0.13,0.0,0.052,0.2
Italy,2012,0.0,0.0,0.0,0.018,0.0,0.363,0.13,0.0,0.052,0.2
Italy,2013,0.0,0.0,0.0,0.018,0.0,0.363,0.13,0.0,0.052,0.2
Italy,2014,0.0,0.0,0.0,0.018,0.0,0.363,0.13,0.0,0.052,0.2
Italy,2015,0.0,0.0,0.0,0.018,0.0,0.363,0.13,0.0,0.052,0.2
Italy,2016,0.0,0.0,0.0,0.018,0.0,0.363,0.13,0.0,0.052,0.2
Italy,2017,0.0,0.0,0.0,0.018,0.0,0.363,0.13,0.0,0.052,0.2
Italy,2018,0.0,0.0,0.0,0.018,0.0,0.363,0.13,0.0,0.052,0.2
Italy,2019,0.0,0.0,0.0,0.018,0.0,0.363,0.13,0.0,0.052,0.2
Italy,2020,0.0,0.0,0.0,0.018,0.0,0.363,0.13,0.0,0.052,0.2
Jordan,2012,0.408,0.623,0.095,0.228,0.095,0.462,0.16,0.095,0.299,0.745
Jordan,2013,0.408,0.623,0.095,0.228,0.095,0.462,0.16,0.095,0.299,0.745
Jordan,2014,0.408,0.623,0.095,0.228,0.095,0.462,0.16,0.095,0.299,0.745
Jordan,2015,0.408,0.623,0.095,0.228,0.095,0.462,0.16,0.095,0.299,0.745
Jordan,2016,0.358,0.573,0.045,0.178,0.045,0.412,0.11,0.045,0.243,0.562
Jordan,2017,0.358,0.573,0.045,0.178,0.045,0.412,0.11,0.045,0.243,0.562
Jordan,2018,0.358,0.573,0.045,0.178,0.045,0.412,0.11,0.045,0.243,0.562
Jordan,2019,0.345,0.545,0.045,0.118,0.045,0.295,0.11,0.045,0.22,0.419
Jordan,2020,0.345,0.545,0.045,0.118,0.045,0.295,0.11,0.045,0.22,0.419
Japan,1997,0.0,0.001,0.025,0.075,0.002,0.263,0.069,0.565,0.079,0.275
Japan,2003,0.0,0.001,0.025,0.067,0.002,0.263,0.069,0.265,0.064,0.275
Japan,2006,0.0,0.001,0.025,0.033,0.002,0.2,0.069,0.265,0.057,0.275
Japan,2010,0.0,0.001,0.025,0.0,0.002,0.2,0.069,0.265,0.052,0.275
Japan,2011,0.0,0.001,0.025,0.0,0.002,0.2,0.069,0.265,0.052,0.275
Japan,2012,0.0,0.001,0.025,0.0,0.002,0.2,0.069,0.265,0.052,0.275
Japan,2013,0.0,0.001,0.025,0.0,0.002,0.2,0.069,0.265,0.052,0.275
Japan,2014,0.0,0.001,0.025,0.0,0.002,0.2,0.069,0.265,0.052,0.275
Japan,2015,0.0,0.001,0.025,0.0,0.002,0.2,0.069,0.265,0.052,0.275
Japan,2016,0.0,0.001,0.025,0.0,0.002,0.2,0.069,0.265,0.052,0.275
Japan,2017,0.0,0.001,0.025,0.0,0.002,0.2,0.069,0.265,0.052,0.275
Japan,2018,0.0,0.001,0.025,0.0,0.002,0.2,0.069,0.265,0.052,0.275
Japan,2019,0.0,0.001,0.025,0.0,0.002,0.2,0.069,0.265,0.052,0.275
Japan,2020,0.0,0.001,0.025,0.0,0.002,0.2,0.069,0.265,0.052,0.275
Kazakhstan,2010,0.05,0.05,0.05,0.167,0.05,0.55,0.225,0.4,0.149,0.325
Kazakhstan,2011,0.05,0.05,0.05,0.167,0.05,0.55,0.225,0.4,0.149,0.325
Kazakhstan,2012,0.05,0.05,0.05,0.175,0.05,0.55,0.225,0.4,0.146,0.233
Kazakhstan,2013,0.05,0.05,0.05,0.125,0.05,0.55,0.225,0.4,0.139,0.233
Kazakhstan,2014,0.05,0.05,0.05,0.125,0.05,0.55,0.225,0.4,0.139,0.233
Kazakhstan,2015,0.05,0.05,0.05,0.125,0.05,0.55,0.225,0.4,0.14,0.25
Kazakhstan,2016,0.04,0.04,0.04,0.118,0.04,0.553,0.215,0.14,0.11300000000000002,0.09
Kazakhstan,2017,0.04,0.04,0.04,0.118,0.04,0.553,0.215,0.14,0.11300000000000002,0.09
Kazakhstan,2018,0.04,0.04,0.04,0.118,0.04,0.553,0.215,0.14,0.11300000000000002,0.09
Kazakhstan,2019,0.04,0.04,0.04,0.118,0.04,0.553,0.215,0.14,0.11300000000000002,0.09
Kazakhstan,2020,0.04,0.04,0.04,0.118,0.04,0.553,0.215,0.14,0.11300000000000002,0.09
Kyrgyzstan,2012,0.298,0.08,0.055,0.087,0.06,0.105,0.215,0.055,0.126,0.188
Kyrgyzstan,2013,0.298,0.08,0.055,0.087,0.06,0.105,0.215,0.055,0.126,0.188
Kyrgyzstan,2014,0.298,0.08,0.055,0.087,0.06,0.105,0.215,0.055,0.126,0.188
Kyrgyzstan,2015,0.298,0.08,0.055,0.087,0.06,0.105,0.215,0.055,0.126,0.188
Kyrgyzstan,2016,0.298,0.08,0.055,0.087,0.06,0.105,0.215,0.055,0.126,0.188
Kyrgyzstan,2017,0.298,0.08,0.055,0.087,0.06,0.33,0.215,0.055,0.137,0.188
Kyrgyzstan,2018,0.298,0.08,0.055,0.087,0.06,0.33,0.215,0.055,0.137,0.188
Kyrgyzstan,2019,0.298,0.08,0.055,0.087,0.06,0.33,0.215,0.055,0.137,0.188
Kyrgyzstan,2020,0.298,0.08,0.055,0.087,0.06,0.33,0.215,0.055,0.137,0.188
Cambodia,2016,0.066,0.01,0.01,0.06,0.022,0.435,0.043,0.01,0.054,0.043
Cambodia,2017,0.066,0.01,0.01,0.06,0.022,0.435,0.043,0.01,0.054,0.043
Cambodia,2018,0.066,0.01,0.01,0.06,0.022,0.435,0.043,0.01,0.054,0.043
Cambodia,2019,0.066,0.01,0.01,0.06,0.022,0.435,0.043,0.01,0.054,0.043
Cambodia,2020,0.066,0.01,0.01,0.06,0.022,0.435,0.043,0.01,0.054,0.043
South Korea,1997,0.25,0.3,0.667,0.717,0.28,1.0,0.625,0.825,0.532,0.717
South Korea,2003,0.0,0.0,0.417,0.05,0.005,0.663,0.25,0.5,0.148,0.508
South Korea,2006,0.0,0.0,0.417,0.05,0.0,0.563,0.25,0.5,0.143,0.508
South Korea,2010,0.0,0.0,0.417,0.05,0.0,0.563,0.25,0.5,0.143,0.508
South Korea,2011,0.0,0.0,0.417,0.05,0.0,0.563,0.25,0.5,0.143,0.508
South Korea,2012,0.0,0.0,0.417,0.05,0.0,0.563,0.25,0.5,0.143,0.508
South Korea,2013,0.0,0.0,0.417,0.05,0.0,0.563,0.25,0.325,0.135,0.508
South Korea,2014,0.0,0.0,0.417,0.05,0.0,0.563,0.25,0.325,0.135,0.508
South Korea,2015,0.0,0.0,0.417,0.05,0.0,0.563,0.25,0.325,0.135,0.508
South Korea,2016,0.0,0.0,0.417,0.05,0.0,0.563,0.25,0.325,0.135,0.508
South Korea,2017,0.0,0.0,0.417,0.05,0.0,0.563,0.25,0.325,0.135,0.508
South Korea,2018,0.0,0.0,0.417,0.05,0.0,0.563,0.25,0.325,0.135,0.508
South Korea,2019,0.0,0.0,0.417,0.05,0.0,0.563,0.25,0.325,0.135,0.508
South Korea,2020,0.0,0.0,0.417,0.05,0.0,0.563,0.25,0.325,0.135,0.508
Laos,2016,0.355,0.368,0.185,0.169,0.168,0.53,0.148,0.13,0.221,0.263
Laos,2017,0.305,0.368,0.155,0.133,0.118,0.48,0.153,0.08,0.19,0.226
Laos,2018,0.305,0.368,0.155,0.133,0.118,0.48,0.153,0.08,0.19,0.226
Laos,2019,0.305,0.368,0.155,0.133,0.118,0.48,0.153,0.08,0.19,0.226
Laos,2020,0.305,0.368,0.155,0.149,0.118,0.48,0.153,0.08,0.192,0.226
Lebanon,2019,0.283,0.26,0.265,0.077,0.01,0.755,0.105,0.255,0.148,0.377
Lebanon,2020,0.283,0.26,0.265,0.077,0.01,0.755,0.105,0.255,0.148,0.377
Libya,2019,0.815,1.0,0.63,0.63,0.63,0.63,0.63,0.63,0.713,0.707
Libya,2020,0.815,1.0,0.63,0.63,0.63,0.63,0.63,0.63,0.713,0.707
Lithuania,2006,0.005,0.005,0.005,0.006,0.005,0.016,0.044,0.005,0.022,0.135
Lithuania,2010,0.005,0.005,0.005,0.006,0.005,0.016,0.044,0.005,0.022,0.135
Lithuania,2011,0.005,0.005,0.005,0.006,0.005,0.016,0.044,0.005,0.022,0.135
Lithuania,2012,0.005,0.005,0.005,0.006,0.005,0.016,0.044,0.005,0.022,0.135
Lithuania,2013,0.005,0.005,0.005,0.006,0.005,0.016,0.044,0.005,0.022,0.135
Lithuania,2014,0.005,0.005,0.005,0.006,0.005,0.016,0.03,0.005,0.019,0.135
Lithuania,2015,0.005,0.005,0.005,0.006,0.005,0.016,0.03,0.005,0.019,0.135
Lithuania,2016,0.005,0.005,0.005,0.006,0.005,0.016,0.03,0.005,0.019,0.135
Lithuania,2017,0.005,0.005,0.005,0.006,0.005,0.016,0.03,0.005,0.019,0.135
Lithuania,2018,0.005,0.005,0.005,0.006,0.005,0.016,0.03,0.005,0.019,0.135
Lithuania,2019,0.005,0.005,0.005,0.006,0.005,0.016,0.03,0.005,0.019,0.135
Lithuania,2020,0.005,0.005,0.005,0.006,0.005,0.016,0.03,0.005,0.019,0.135
Luxembourg,1997,0.0,0.0,0.0,0.002,0.0,0.0,0.0,0.0,0.004,0.075
Luxembourg,2003,0.0,0.0,0.0,0.002,0.0,0.0,0.0,0.0,0.004,0.075
Luxembourg,2006,0.0,0.0,0.0,0.002,0.0,0.0,0.0,0.0,0.004,0.075
Luxembourg,2010,0.0,0.0,0.0,0.002,0.0,0.0,0.0,0.0,0.004,0.075
Luxembourg,2011,0.0,0.0,0.0,0.002,0.0,0.0,0.0,0.0,0.004,0.075
Luxembourg,2012,0.0,0.0,0.0,0.002,0.0,0.0,0.0,0.0,0.004,0.075
Luxembourg,2013,0.0,0.0,0.0,0.002,0.0,0.0,0.0,0.0,0.004,0.075
Luxembourg,2014,0.0,0.0,0.0,0.002,0.0,0.0,0.0,0.0,0.004,0.075
Luxembourg,2015,0.0,0.0,0.0,0.002,0.0,0.0,0.0,0.0,0.004,0.075
Luxembourg,2016,0.0,0.0,0.0,0.002,0.0,0.0,0.0,0.0,0.004,0.075
Luxembourg,2017,0.0,0.0,0.0,0.002,0.0,0.0,0.0,0.0,0.004,0.075
Luxembourg,2018,0.0,0.0,0.0,0.002,0.0,0.0,0.0,0.0,0.004,0.075
Luxembourg,2019,0.0,0.0,0.0,0.002,0.0,0.0,0.0,0.0,0.004,0.075
Luxembourg,2020,0.0,0.0,0.0,0.002,0.0,0.0,0.0,0.0,0.004,0.075
Latvia,2003,0.02,0.02,0.02,0.022,0.02,0.02,0.073,0.02,0.05899999999999999,0.187
Latvia,2006,0.005,0.005,0.005,0.006,0.005,0.005,0.04,0.005,0.029,0.171
Latvia,2010,0.005,0.005,0.005,0.006,0.005,0.005,0.027,0.005,0.022,0.08
Latvia,2011,0.005,0.005,0.005,0.006,0.005,0.005,0.027,0.005,0.022,0.08
Latvia,2012,0.005,0.005,0.005,0.006,0.005,0.005,0.027,0.005,0.022,0.08
Latvia,2013,0.005,0.005,0.005,0.006,0.005,0.005,0.027,0.005,0.022,0.08
Latvia,2014,0.005,0.005,0.005,0.006,0.005,0.005,0.014,0.005,0.02,0.08
Latvia,2015,0.005,0.005,0.005,0.006,0.005,0.005,0.014,0.005,0.02,0.08
Latvia,2016,0.005,0.005,0.005,0.006,0.005,0.005,0.014,0.005,0.02,0.08
Latvia,2017,0.005,0.005,0.005,0.006,0.005,0.005,0.019,0.005,0.021,0.08
Latvia,2018,0.005,0.005,0.005,0.006,0.005,0.005,0.019,0.005,0.021,0.08
Latvia,2019,0.005,0.005,0.005,0.006,0.005,0.005,0.019,0.005,0.021,0.08
Latvia,2020,0.005,0.005,0.005,0.006,0.005,0.005,0.019,0.005,0.021,0.08
Morocco,2010,0.4,0.0,0.0,0.033,0.0,0.025,0.169,0.0,0.067,0.267
Morocco,2011,0.4,0.0,0.0,0.033,0.0,0.025,0.169,0.0,0.067,0.267
Morocco,2012,0.4,0.0,0.0,0.033,0.0,0.025,0.169,0.0,0.067,0.267
Morocco,2013,0.4,0.0,0.0,0.033,0.0,0.025,0.169,0.0,0.067,0.267
Morocco,2014,0.4,0.0,0.0,0.033,0.0,0.025,0.169,0.0,0.067,0.267
Morocco,2015,0.4,0.0,0.0,0.033,0.0,0.025,0.169,0.0,0.067,0.267
Morocco,2016,0.4,0.0,0.0,0.033,0.0,0.025,0.169,0.0,0.067,0.267
Morocco,2017,0.4,0.0,0.0,0.033,0.0,0.025,0.169,0.0,0.067,0.267
Morocco,2018,0.4,0.0,0.0,0.033,0.0,0.025,0.169,0.0,0.067,0.267
Morocco,2019,0.4,0.0,0.0,0.033,0.0,0.025,0.169,0.0,0.067,0.267
Morocco,2020,0.4,0.0,0.0,0.033,0.0,0.025,0.169,0.0,0.067,0.267
Moldova,2019,0.05,0.05,0.05,0.032,0.05,0.2,0.075,0.05,0.060000000000000005,0.117
Moldova,2020,0.05,0.05,0.05,0.032,0.05,0.2,0.075,0.05,0.060000000000000005,0.117
Mexico,1997,0.1,0.175,0.1,0.583,0.14,0.663,0.319,0.35,0.287,0.667
Mexico,2003,0.1,0.175,0.1,0.375,0.103,0.663,0.319,0.35,0.245,0.556
Mexico,2006,0.1,0.175,0.1,0.133,0.103,0.663,0.319,0.35,0.211,0.528
Mexico,2010,0.1,0.175,0.1,0.133,0.103,0.663,0.319,0.35,0.211,0.528
Mexico,2011,0.1,0.175,0.1,0.133,0.103,0.663,0.319,0.35,0.211,0.528
Mexico,2012,0.1,0.175,0.1,0.133,0.103,0.663,0.319,0.35,0.211,0.528
Mexico,2013,0.1,0.175,0.1,0.133,0.103,0.525,0.319,0.1,0.193,0.528
Mexico,2014,0.1,0.175,0.1,0.133,0.103,0.525,0.319,0.1,0.193,0.528
Mexico,2015,0.1,0.175,0.1,0.133,0.103,0.525,0.319,0.1,0.193,0.528
Mexico,2016,0.1,0.125,0.1,0.133,0.103,0.525,0.319,0.1,0.189,0.528
Mexico,2017,0.1,0.123,0.1,0.133,0.103,0.525,0.319,0.1,0.188,0.511
Mexico,2018,0.1,0.123,0.1,0.133,0.103,0.525,0.319,0.1,0.188,0.511
Mexico,2019,0.1,0.123,0.1,0.133,0.103,0.525,0.319,0.1,0.188,0.511
Mexico,2020,0.1,0.123,0.1,0.133,0.103,0.525,0.319,0.1,0.188,0.511
North Macedonia,2017,0.014,0.014,0.014,0.014,0.014,0.014,0.082,0.014,0.026,0.014
North Macedonia,2018,0.014,0.014,0.014,0.014,0.014,0.014,0.082,0.014,0.026,0.014
North Macedonia,2019,0.014,0.014,0.014,0.014,0.014,0.014,0.082,0.014,0.026,0.014
North Macedonia,2020,0.014,0.014,0.014,0.014,0.014,0.014,0.082,0.014,0.026,0.014
Myanmar,2013,0.21,0.579,0.13,0.667,0.31,0.918,0.521,0.105,0.442,0.377
Myanmar,2014,0.21,0.523,0.124,0.603,0.289,0.768,0.38,0.105,0.384,0.377
Myanmar,2015,0.21,0.504,0.124,0.676,0.289,0.768,0.371,0.105,0.39,0.377
Myanmar,2016,0.21,0.494,0.124,0.676,0.288,0.768,0.369,0.105,0.386,0.377
Myanmar,2017,0.01,0.285,0.005,0.609,0.078,0.505,0.208,0.005,0.2,0.01
Myanmar,2018,0.01,0.041,0.005,0.326,0.068,0.38,0.13,0.005,0.11700000000000002,0.01
Myanmar,2019,0.01,0.041,0.005,0.276,0.068,0.38,0.13,0.005,0.11,0.01
Myanmar,2020,0.01,0.066,0.005,0.276,0.068,0.38,0.13,0.005,0.112,0.01
Montenegro,2017,0.056,0.0,0.0,0.0,0.0,0.2,0.025,0.0,0.024,0.167
Montenegro,2018,0.056,0.0,0.0,0.0,0.0,0.2,0.025,0.0,0.024,0.167
Montenegro,2019,0.056,0.0,0.0,0.0,0.0,0.2,0.025,0.0,0.024,0.167
Montenegro,2020,0.056,0.0,0.0,0.0,0.0,0.2,0.025,0.0,0.024,0.167
Mongolia,2012,0.05,0.05,0.05,0.25,0.05,0.25,0.133,0.25,0.116,0.161
Mongolia,2013,0.06,0.06,0.06,0.06,0.06,0.06,0.093,0.06,0.071,0.171
Mongolia,2014,0.06,0.06,0.06,0.06,0.06,0.06,0.093,0.06,0.071,0.171
Mongolia,2015,0.06,0.06,0.06,0.06,0.06,0.06,0.093,0.06,0.071,0.171
Mongolia,2016,0.06,0.06,0.06,0.06,0.06,0.06,0.093,0.06,0.072,0.171
Mongolia,2017,0.06,0.06,0.06,0.06,0.06,0.06,0.093,0.06,0.072,0.171
Mongolia,2018,0.06,0.06,0.06,0.06,0.06,0.06,0.093,0.06,0.072,0.171
Mongolia,2019,0.06,0.06,0.06,0.06,0.06,0.06,0.093,0.06,0.072,0.171
Mongolia,2020,0.06,0.06,0.06,0.06,0.06,0.06,0.093,0.06,0.072,0.171
Malaysia,1997,0.635,0.588,0.61,0.627,0.36,0.585,0.38,0.76,0.521,0.427
Malaysia,2003,0.625,0.57,0.6,0.602,0.126,0.575,0.37,0.75,0.45499999999999996,0.396
Malaysia,2006,0.625,0.57,0.6,0.528,0.126,0.575,0.37,0.75,0.445,0.396
Malaysia,2010,0.525,0.437,0.5,0.35,0.007,0.525,0.295,0.7,0.29,0.296
Malaysia,2011,0.525,0.437,0.5,0.348,0.007,0.525,0.295,0.7,0.29,0.296
Malaysia,2012,0.15,0.437,0.5,0.328,0.007,0.525,0.295,0.375,0.255,0.296
Malaysia,2013,0.15,0.437,0.5,0.328,0.007,0.525,0.295,0.375,0.255,0.296
Malaysia,2014,0.088,0.437,0.5,0.323,0.007,0.525,0.295,0.375,0.254,0.296
Malaysia,2015,0.063,0.437,0.5,0.323,0.007,0.525,0.295,0.375,0.253,0.296
Malaysia,2016,0.063,0.437,0.5,0.323,0.007,0.525,0.295,0.375,0.253,0.296
Malaysia,2017,0.063,0.437,0.5,0.319,0.007,0.525,0.295,0.375,0.252,0.296
Malaysia,2018,0.063,0.437,0.5,0.319,0.007,0.525,0.295,0.375,0.252,0.296
Malaysia,2019,0.063,0.437,0.5,0.319,0.007,0.525,0.295,0.375,0.252,0.296
Malaysia,2020,0.063,0.47,0.525,0.319,0.007,0.525,0.295,0.375,0.257,0.296
Netherlands,1997,0.0,0.0,0.0,0.002,0.0,0.0,0.062,0.0,0.02,0.183
Netherlands,2003,0.0,0.0,0.0,0.002,0.0,0.0,0.062,0.0,0.02,0.183
Netherlands,2006,0.0,0.0,0.0,0.002,0.0,0.0,0.062,0.0,0.02,0.183
Netherlands,2010,0.0,0.0,0.0,0.002,0.0,0.0,0.062,0.0,0.015000000000000001,0.083
Netherlands,2011,0.0,0.0,0.0,0.002,0.0,0.0,0.062,0.0,0.015000000000000001,0.083
Netherlands,2012,0.0,0.0,0.0,0.002,0.0,0.0,0.062,0.0,0.015000000000000001,0.083
Netherlands,2013,0.0,0.0,0.0,0.002,0.0,0.0,0.062,0.0,0.015000000000000001,0.083
Netherlands,2014,0.0,0.0,0.0,0.002,0.0,0.0,0.062,0.0,0.015000000000000001,0.083
Netherlands,2015,0.0,0.0,0.0,0.002,0.0,0.0,0.062,0.0,0.015000000000000001,0.083
Netherlands,2016,0.0,0.0,0.0,0.002,0.0,0.0,0.062,0.0,0.015000000000000001,0.083
Netherlands,2017,0.0,0.0,0.0,0.002,0.0,0.0,0.062,0.0,0.015000000000000001,0.083
Netherlands,2018,0.0,0.0,0.0,0.002,0.0,0.0,0.062,0.0,0.015000000000000001,0.083
Netherlands,2019,0.0,0.0,0.0,0.002,0.0,0.0,0.062,0.0,0.015000000000000001,0.083
Netherlands,2020,0.0,0.0,0.0,0.002,0.0,0.0,0.062,0.0,0.015000000000000001,0.083
Norway,1997,0.313,0.0,0.0,0.133,0.0,0.125,0.156,0.0,0.094,0.35
Norway,2003,0.313,0.0,0.0,0.133,0.0,0.125,0.156,0.0,0.094,0.35
Norway,2006,0.313,0.0,0.0,0.133,0.0,0.125,0.156,0.0,0.094,0.35
Norway,2010,0.313,0.0,0.0,0.067,0.0,0.125,0.156,0.0,0.085,0.35
Norway,2011,0.313,0.0,0.0,0.067,0.0,0.125,0.156,0.0,0.085,0.35
Norway,2012,0.313,0.0,0.0,0.067,0.0,0.125,0.156,0.0,0.085,0.35
Norway,2013,0.313,0.0,0.0,0.067,0.0,0.125,0.156,0.0,0.085,0.35
Norway,2014,0.313,0.0,0.0,0.067,0.0,0.125,0.156,0.0,0.085,0.35
Norway,2015,0.313,0.0,0.0,0.067,0.0,0.125,0.156,0.0,0.085,0.35
Norway,2016,0.313,0.0,0.0,0.067,0.0,0.125,0.156,0.0,0.085,0.35
Norway,2017,0.313,0.0,0.0,0.067,0.0,0.125,0.156,0.0,0.085,0.35
Norway,2018,0.313,0.0,0.0,0.067,0.0,0.125,0.156,0.0,0.085,0.35
Norway,2019,0.313,0.0,0.0,0.067,0.0,0.125,0.156,0.0,0.085,0.35
Norway,2020,0.313,0.0,0.0,0.067,0.0,0.125,0.156,0.0,0.085,0.35
New Zealand,1997,0.2,0.2,0.2,0.233,0.2,0.2,0.325,0.4,0.24000000000000002,0.283
New Zealand,2003,0.2,0.2,0.2,0.233,0.2,0.2,0.325,0.4,0.24000000000000002,0.283
New Zealand,2006,0.2,0.2,0.2,0.233,0.2,0.2,0.325,0.4,0.24000000000000002,0.283
New Zealand,2010,0.2,0.2,0.2,0.233,0.2,0.2,0.325,0.4,0.24000000000000002,0.283
New Zealand,2011,0.2,0.2,0.2,0.233,0.2,0.2,0.325,0.4,0.24000000000000002,0.283
New Zealand,2012,0.2,0.2,0.2,0.233,0.2,0.2,0.325,0.4,0.24000000000000002,0.283
New Zealand,2013,0.2,0.2,0.2,0.233,0.2,0.2,0.325,0.4,0.24000000000000002,0.283
New Zealand,2014,0.2,0.2,0.2,0.233,0.2,0.2,0.325,0.4,0.24000000000000002,0.283
New Zealand,2015,0.2,0.2,0.2,0.233,0.2,0.2,0.325,0.4,0.24000000000000002,0.283
New Zealand,2016,0.2,0.2,0.2,0.233,0.2,0.2,0.325,0.4,0.24000000000000002,0.283
New Zealand,2017,0.19,0.19,0.19,0.223,0.19,0.19,0.318,0.39,0.231,0.273
New Zealand,2018,0.19,0.19,0.19,0.223,0.19,0.19,0.32,0.39,0.235,0.273
New Zealand,2019,0.19,0.19,0.19,0.223,0.19,0.19,0.32,0.39,0.235,0.273
New Zealand,2020,0.19,0.19,0.19,0.223,0.19,0.19,0.32,0.39,0.235,0.273
Peru,2010,0.05,0.05,0.05,0.05,0.05,0.3,0.05,0.05,0.077,0.433
Peru,2011,0.05,0.05,0.05,0.05,0.05,0.3,0.05,0.05,0.077,0.433
Peru,2012,0.05,0.05,0.05,0.05,0.05,0.3,0.05,0.05,0.077,0.433
Peru,2013,0.05,0.05,0.05,0.05,0.05,0.3,0.05,0.05,0.077,0.433
Peru,2014,0.05,0.05,0.05,0.05,0.05,0.3,0.05,0.05,0.077,0.433
Peru,2015,0.05,0.05,0.05,0.05,0.05,0.3,0.05,0.05,0.077,0.433
Peru,2016,0.05,0.05,0.05,0.05,0.05,0.3,0.05,0.05,0.077,0.433
Peru,2017,0.05,0.05,0.05,0.05,0.05,0.3,0.05,0.05,0.077,0.433
Peru,2018,0.05,0.05,0.05,0.05,0.05,0.3,0.05,0.05,0.077,0.433
Peru,2019,0.05,0.05,0.05,0.05,0.05,0.3,0.05,0.05,0.077,0.433
Peru,2020,0.05,0.05,0.05,0.05,0.05,0.3,0.05,0.05,0.077,0.433
Philippines,1997,1.0,0.558,0.505,0.353,0.128,0.958,0.694,0.715,0.501,0.705
Philippines,2003,1.0,0.203,0.455,0.282,0.078,0.925,0.644,0.665,0.419,0.655
Philippines,2006,1.0,0.203,0.455,0.282,0.068,0.925,0.644,0.665,0.417,0.655
Philippines,2010,1.0,0.203,0.455,0.282,0.068,0.925,0.644,0.665,0.417,0.655
Philippines,2011,1.0,0.153,0.455,0.282,0.068,0.925,0.644,0.665,0.412,0.655
Philippines,2012,1.0,0.153,0.455,0.315,0.068,0.925,0.644,0.665,0.417,0.655
Philippines,2013,1.0,0.153,0.455,0.315,0.068,0.925,0.644,0.665,0.417,0.655
Philippines,2014,1.0,0.153,0.455,0.232,0.068,0.925,0.644,0.665,0.406,0.655
Philippines,2015,1.0,0.153,0.455,0.232,0.068,0.925,0.644,0.665,0.406,0.655
Philippines,2016,1.0,0.153,0.455,0.115,0.068,0.925,0.644,0.665,0.39,0.655
Philippines,2017,1.0,0.153,0.455,0.115,0.068,0.925,0.644,0.665,0.39,0.655
Philippines,2018,0.791,0.153,0.365,0.115,0.068,0.913,0.644,0.65,0.374,0.655
Philippines,2019,0.791,0.153,0.365,0.115,0.068,0.913,0.644,0.65,0.374,0.655
Philippines,2020,0.791,0.153,0.365,0.115,0.068,0.913,0.644,0.65,0.374,0.655
Poland,1997,0.05,0.05,0.05,0.117,0.05,0.348,0.1,0.625,0.165,0.367
Poland,2003,0.0,0.0,0.0,0.0,0.0,0.298,0.05,0.075,0.083,0.35
Poland,2006,0.0,0.0,0.0,0.003,0.0,0.298,0.05,0.075,0.076,0.183
Poland,2010,0.0,0.0,0.0,0.003,0.0,0.298,0.05,0.075,0.072,0.092
Poland,2011,0.0,0.0,0.0,0.003,0.0,0.298,0.05,0.075,0.072,0.092
Poland,2012,0.0,0.0,0.0,0.003,0.0,0.298,0.05,0.075,0.072,0.092
Poland,2013,0.0,0.0,0.0,0.003,0.0,0.298,0.05,0.075,0.072,0.092
Poland,2014,0.0,0.0,0.0,0.003,0.0,0.298,0.05,0.075,0.072,0.092
Poland,2015,0.0,0.0,0.0,0.003,0.0,0.298,0.05,0.075,0.072,0.092
Poland,2016,0.0,0.0,0.0,0.003,0.0,0.298,0.05,0.075,0.072,0.092
Poland,2017,0.0,0.0,0.0,0.003,0.0,0.298,0.05,0.075,0.072,0.092
Poland,2018,0.0,0.0,0.0,0.003,0.0,0.298,0.05,0.075,0.072,0.092
Poland,2019,0.0,0.0,0.0,0.003,0.0,0.298,0.05,0.075,0.072,0.092
Poland,2020,0.0,0.0,0.0,0.003,0.0,0.298,0.05,0.075,0.072,0.092
Portugal,1997,0.0,0.0,0.0,0.159,0.0,0.056,0.013,0.113,0.043,0.258
Portugal,2003,0.0,0.0,0.0,0.159,0.0,0.056,0.013,0.113,0.043,0.258
Portugal,2006,0.0,0.0,0.0,0.017,0.0,0.0,0.006,0.0,0.007,0.083
Portugal,2010,0.0,0.0,0.0,0.017,0.0,0.0,0.006,0.0,0.007,0.083
Portugal,2011,0.0,0.0,0.0,0.017,0.0,0.0,0.006,0.0,0.007,0.083
Portugal,2012,0.0,0.0,0.0,0.017,0.0,0.0,0.006,0.0,0.007,0.083
Portugal,2013,0.0,0.0,0.0,0.017,0.0,0.0,0.006,0.0,0.007,0.083
Portugal,2014,0.0,0.0,0.0,0.017,0.0,0.0,0.006,0.0,0.007,0.083
Portugal,2015,0.0,0.0,0.0,0.017,0.0,0.0,0.006,0.0,0.007,0.083
Portugal,2016,0.0,0.0,0.0,0.017,0.0,0.0,0.006,0.0,0.007,0.083
Portugal,2017,0.0,0.0,0.0,0.017,0.0,0.0,0.006,0.0,0.007,0.083
Portugal,2018,0.0,0.0,0.0,0.017,0.0,0.0,0.006,0.0,0.007,0.083
Portugal,2019,0.0,0.0,0.0,0.017,0.0,0.0,0.006,0.0,0.007,0.083
Portugal,2020,0.0,0.0,0.0,0.017,0.0,0.0,0.006,0.0,0.007,0.083
Palestine,2019,0.519,0.5,0.5,0.333,0.0,0.725,0.563,0.5,0.388,0.543
Palestine,2020,0.519,0.5,0.5,0.333,0.0,0.725,0.563,0.5,0.388,0.543
Romania,2010,0.0,0.0,0.0,0.002,0.0,0.0,0.006,0.0,0.009,0.167
Romania,2011,0.0,0.0,0.0,0.002,0.0,0.0,0.006,0.0,0.009,0.167
Romania,2012,0.0,0.0,0.0,0.002,0.0,0.0,0.006,0.0,0.009,0.167
Romania,2013,0.0,0.0,0.0,0.002,0.0,0.0,0.006,0.0,0.009,0.167
Romania,2014,0.0,0.0,0.0,0.002,0.0,0.0,0.006,0.0,0.009,0.167
Romania,2015,0.0,0.0,0.0,0.002,0.0,0.0,0.006,0.0,0.009,0.167
Romania,2016,0.0,0.0,0.0,0.002,0.0,0.0,0.006,0.0,0.009,0.167
Romania,2017,0.0,0.0,0.0,0.002,0.0,0.0,0.006,0.0,0.009,0.167
Romania,2018,0.0,0.0,0.0,0.002,0.0,0.0,0.006,0.0,0.009,0.167
Romania,2019,0.0,0.0,0.0,0.002,0.0,0.0,0.003,0.0,0.008,0.167
Romania,2020,0.0,0.0,0.0,0.002,0.0,0.0,0.04,0.0,0.015000000000000001,0.167
Russia,1997,0.325,0.2,0.3,0.658,0.233,0.3,0.344,0.325,0.338,0.392
Russia,2003,0.325,0.2,0.3,0.658,0.233,0.3,0.344,0.325,0.338,0.392
Russia,2006,0.275,0.15,0.242,0.617,0.183,0.25,0.306,0.275,0.294,0.342
Russia,2010,0.175,0.05,0.03,0.473,0.092,0.117,0.15,0.1,0.174,0.35
Russia,2011,0.175,0.05,0.03,0.473,0.092,0.117,0.15,0.1,0.174,0.35
Russia,2012,0.175,0.05,0.03,0.39,0.092,0.35,0.157,0.1,0.175,0.35
Russia,2013,0.175,0.05,0.03,0.39,0.095,0.35,0.157,0.1,0.175,0.35
Russia,2014,0.175,0.05,0.03,0.39,0.095,0.35,0.157,0.1,0.175,0.35
Russia,2015,0.175,0.05,0.03,0.39,0.095,0.35,0.157,0.1,0.175,0.35
Russia,2016,0.178,0.053,0.033,0.393,0.098,0.486,0.159,0.103,0.184,0.353
Russia,2017,0.178,0.053,0.033,0.393,0.098,0.486,0.159,0.103,0.184,0.353
Russia,2018,0.279,0.154,0.084,0.494,0.159,0.537,0.21,0.154,0.26,0.454
Russia,2019,0.279,0.154,0.084,0.494,0.161,0.537,0.21,0.154,0.261,0.454
Russia,2020,0.28,0.155,0.085,0.495,0.163,0.538,0.212,0.155,0.262,0.455
Saudi Arabia,2010,0.345,0.376,0.262,0.317,0.272,0.923,0.446,0.345,0.393,0.551
Saudi Arabia,2011,0.345,0.376,0.262,0.317,0.272,0.923,0.446,0.345,0.393,0.551
Saudi Arabia,2012,0.345,0.376,0.262,0.317,0.272,0.923,0.446,0.345,0.393,0.551
Saudi Arabia,2013,0.345,0.376,0.262,0.317,0.272,0.923,0.446,0.345,0.393,0.551
Saudi Arabia,2014,0.345,0.376,0.262,0.317,0.272,0.923,0.446,0.345,0.393,0.551
Saudi Arabia,2015,0.345,0.351,0.137,0.276,0.147,0.923,0.353,0.345,0.326,0.509
Saudi Arabia,2016,0.345,0.351,0.137,0.276,0.147,0.923,0.353,0.345,0.326,0.509
Saudi Arabia,2017,0.293,0.351,0.137,0.276,0.147,0.923,0.353,0.345,0.324,0.509
Saudi Arabia,2018,0.293,0.351,0.137,0.276,0.147,0.366,0.353,0.345,0.288,0.273
Saudi Arabia,2019,0.233,0.351,0.045,0.212,0.055,0.07,0.284,0.295,0.214,0.226
Saudi Arabia,2020,0.233,0.326,0.045,0.212,0.055,0.07,0.284,0.295,0.211,0.226
Singapore,2018,0.063,0.0,0.0,0.008,0.0,0.6,0.0,0.05,0.048,0.117
Singapore,2019,0.075,0.013,0.013,0.021,0.013,0.613,0.013,0.063,0.05899999999999999,0.129
Singapore,2020,0.075,0.013,0.013,0.021,0.013,0.613,0.013,0.063,0.05899999999999999,0.129
Serbia,2017,0.03,0.03,0.03,0.097,0.03,0.03,0.04,0.03,0.05,0.22
Serbia,2018,0.03,0.03,0.03,0.097,0.03,0.03,0.04,0.03,0.05,0.22
Serbia,2019,0.03,0.03,0.03,0.097,0.03,0.03,0.04,0.03,0.05,0.22
Serbia,2020,0.03,0.03,0.03,0.097,0.03,0.03,0.04,0.03,0.05,0.22
Slovakia,1997,0.0,0.0,0.0,0.1,0.0,0.0,0.0,0.0,0.067,0.167
Slovakia,2003,0.0,0.0,0.05,0.0,0.0,0.0,0.0,0.0,0.055,0.167
Slovakia,2006,0.0,0.0,0.0,0.002,0.0,0.0,0.0,0.0,0.049,0.075
Slovakia,2010,0.0,0.0,0.0,0.002,0.0,0.0,0.0,0.0,0.049,0.075
Slovakia,2011,0.0,0.0,0.0,0.002,0.0,0.0,0.0,0.0,0.049,0.075
Slovakia,2012,0.0,0.0,0.0,0.002,0.0,0.0,0.0,0.0,0.049,0.075
Slovakia,2013,0.0,0.0,0.0,0.002,0.0,0.0,0.0,0.0,0.049,0.075
Slovakia,2014,0.0,0.0,0.0,0.002,0.0,0.0,0.0,0.0,0.049,0.075
Slovakia,2015,0.0,0.0,0.0,0.002,0.0,0.0,0.0,0.0,0.049,0.075
Slovakia,2016,0.0,0.0,0.0,0.002,0.0,0.0,0.0,0.0,0.049,0.075
Slovakia,2017,0.0,0.0,0.0,0.002,0.0,0.0,0.0,0.0,0.049,0.075
Slovakia,2018,0.0,0.0,0.0,0.002,0.0,0.0,0.0,0.0,0.049,0.075
Slovakia,2019,0.0,0.0,0.0,0.002,0.0,0.0,0.0,0.0,0.049,0.075
Slovakia,2020,0.0,0.0,0.0,0.002,0.0,0.0,0.0,0.0,0.049,0.075
Slovenia,1997,0.006,0.0,0.0,0.223,0.0,0.5,0.013,0.5,0.1,0.367
Slovenia,2003,0.006,0.0,0.0,0.017,0.0,0.0,0.013,0.0,0.021,0.275
Slovenia,2006,0.0,0.0,0.0,0.018,0.0,0.0,0.006,0.0,0.015000000000000001,0.15
Slovenia,2010,0.0,0.0,0.0,0.002,0.0,0.0,0.0,0.0,0.007,0.15
Slovenia,2011,0.0,0.0,0.0,0.002,0.0,0.0,0.0,0.0,0.007,0.15
Slovenia,2012,0.0,0.0,0.0,0.002,0.0,0.0,0.0,0.0,0.007,0.15
Slovenia,2013,0.0,0.0,0.0,0.002,0.0,0.0,0.0,0.0,0.007,0.15
Slovenia,2014,0.0,0.0,0.0,0.002,0.0,0.0,0.0,0.0,0.007,0.15
Slovenia,2015,0.0,0.0,0.0,0.002,0.0,0.0,0.0,0.0,0.007,0.15
Slovenia,2016,0.0,0.0,0.0,0.002,0.0,0.0,0.0,0.0,0.007,0.15
Slovenia,2017,0.0,0.0,0.0,0.002,0.0,0.0,0.0,0.0,0.007,0.15
Slovenia,2018,0.0,0.0,0.0,0.002,0.0,0.0,0.0,0.0,0.007,0.15
Slovenia,2019,0.0,0.0,0.0,0.002,0.0,0.0,0.0,0.0,0.007,0.15
Slovenia,2020,0.0,0.0,0.0,0.002,0.0,0.0,0.0,0.0,0.007,0.15
Sweden,1997,0.051,0.0,0.0,0.002,0.0,0.2,0.138,0.2,0.079,0.483
Sweden,2003,0.051,0.0,0.0,0.002,0.0,0.2,0.138,0.2,0.079,0.483
Sweden,2006,0.051,0.0,0.0,0.002,0.0,0.2,0.138,0.2,0.079,0.483
Sweden,2010,0.051,0.0,0.0,0.002,0.0,0.2,0.138,0.2,0.05899999999999999,0.292
Sweden,2011,0.051,0.0,0.0,0.002,0.0,0.2,0.138,0.2,0.05899999999999999,0.292
Sweden,2012,0.051,0.0,0.0,0.002,0.0,0.2,0.138,0.2,0.05899999999999999,0.292
Sweden,2013,0.051,0.0,0.0,0.002,0.0,0.2,0.138,0.2,0.05899999999999999,0.292
Sweden,2014,0.051,0.0,0.0,0.002,0.0,0.2,0.138,0.2,0.05899999999999999,0.292
Sweden,2015,0.051,0.0,0.0,0.002,0.0,0.2,0.138,0.2,0.05899999999999999,0.292
Sweden,2016,0.051,0.0,0.0,0.002,0.0,0.2,0.138,0.2,0.05899999999999999,0.292
Sweden,2017,0.051,0.0,0.0,0.002,0.0,0.2,0.138,0.2,0.05899999999999999,0.292
Sweden,2018,0.051,0.0,0.0,0.002,0.0,0.2,0.138,0.2,0.05899999999999999,0.292
Sweden,2019,0.051,0.0,0.0,0.002,0.0,0.2,0.138,0.2,0.05899999999999999,0.292
Sweden,2020,0.051,0.0,0.0,0.002,0.0,0.2,0.138,0.2,0.05899999999999999,0.292
Thailand,1997,0.512,0.434,0.115,0.494,0.175,0.284,0.558,0.165,0.366,0.585
Thailand,2003,0.165,0.098,0.115,0.511,0.091,0.546,0.463,0.515,0.295,0.396
Thailand,2006,0.165,0.098,0.115,0.511,0.091,0.546,0.463,0.515,0.295,0.396
Thailand,2010,0.165,0.098,0.115,0.511,0.091,0.546,0.463,0.515,0.296,0.403
Thailand,2011,0.165,0.098,0.115,0.511,0.091,0.546,0.463,0.515,0.296,0.403
Thailand,2012,0.165,0.098,0.115,0.511,0.091,0.546,0.463,0.515,0.296,0.403
Thailand,2013,0.165,0.098,0.115,0.481,0.091,0.546,0.463,0.515,0.291,0.403
Thailand,2014,0.165,0.098,0.115,0.481,0.091,0.546,0.463,0.515,0.291,0.403
Thailand,2015,0.165,0.098,0.115,0.481,0.091,0.546,0.463,0.515,0.291,0.403
Thailand,2016,0.165,0.098,0.115,0.481,0.091,0.546,0.463,0.515,0.291,0.403
Thailand,2017,0.14,0.073,0.09,0.456,0.066,0.521,0.438,0.49,0.268,0.378
Thailand,2018,0.14,0.073,0.09,0.456,0.066,0.521,0.438,0.49,0.268,0.378
Thailand,2019,0.14,0.073,0.09,0.456,0.066,0.521,0.438,0.49,0.268,0.378
Thailand,2020,0.14,0.073,0.09,0.456,0.066,0.521,0.438,0.49,0.268,0.378
Tajikistan,2019,0.273,0.03,0.03,0.127,0.03,0.53,0.228,0.03,0.12000000000000001,0.18
Tajikistan,2020,0.273,0.03,0.03,0.127,0.03,0.53,0.228,0.03,0.12000000000000001,0.18
Tunisia,2010,0.43,0.25,0.025,0.167,0.05,0.25,0.269,0.325,0.205,0.4
Tunisia,2011,0.43,0.25,0.025,0.167,0.05,0.25,0.269,0.325,0.205,0.4
Tunisia,2012,0.43,0.25,0.025,0.167,0.05,0.25,0.269,0.325,0.205,0.4
Tunisia,2013,0.43,0.25,0.025,0.167,0.05,0.25,0.269,0.325,0.205,0.4
Tunisia,2014,0.43,0.25,0.025,0.167,0.05,0.25,0.269,0.325,0.205,0.4
Tunisia,2015,0.43,0.25,0.025,0.167,0.05,0.25,0.269,0.325,0.205,0.4
Tunisia,2016,0.43,0.25,0.025,0.167,0.05,0.25,0.269,0.325,0.205,0.4
Tunisia,2017,0.418,0.25,0.0,0.15,0.0,0.25,0.219,0.325,0.178,0.392
Tunisia,2018,0.418,0.25,0.0,0.15,0.0,0.25,0.219,0.325,0.178,0.392
Tunisia,2019,0.418,0.25,0.0,0.15,0.0,0.25,0.194,0.325,0.174,0.392
Tunisia,2020,0.418,0.25,0.0,0.15,0.0,0.25,0.194,0.325,0.174,0.392
Turkiye,1997,0.325,0.2,0.2,0.275,0.2,0.45,0.213,0.2,0.283,0.583
Turkiye,2003,0.325,0.2,0.2,0.275,0.2,0.45,0.213,0.2,0.283,0.583
Turkiye,2006,0.13,0.005,0.005,0.075,0.044,0.255,0.018,0.005,0.105,0.388
Turkiye,2010,0.125,0.0,0.0,0.0,0.0,0.25,0.013,0.0,0.082,0.383
Turkiye,2011,0.125,0.0,0.0,0.0,0.0,0.2,0.013,0.0,0.08,0.383
Turkiye,2012,0.125,0.0,0.0,0.0,0.0,0.2,0.013,0.0,0.05899999999999999,0.383
Turkiye,2013,0.125,0.0,0.0,0.0,0.0,0.2,0.013,0.0,0.05899999999999999,0.383
Turkiye,2014,0.125,0.0,0.0,0.0,0.0,0.2,0.013,0.0,0.05899999999999999,0.383
Turkiye,2015,0.125,0.0,0.0,0.0,0.0,0.2,0.013,0.0,0.05899999999999999,0.383
Turkiye,2016,0.125,0.0,0.0,0.0,0.0,0.2,0.013,0.0,0.05899999999999999,0.383
Turkiye,2017,0.125,0.0,0.0,0.0,0.0,0.2,0.013,0.0,0.05899999999999999,0.383
Turkiye,2018,0.125,0.0,0.0,0.0,0.0,0.2,0.013,0.0,0.05899999999999999,0.383
Turkiye,2019,0.125,0.0,0.0,0.0,0.0,0.2,0.013,0.0,0.05899999999999999,0.383
Turkiye,2020,0.125,0.0,0.0,0.0,0.0,0.2,0.013,0.0,0.05899999999999999,0.383
Ukraine,2010,0.1,0.125,0.075,0.117,0.1,0.288,0.15,0.1,0.144,0.275
Ukraine,2011,0.1,0.125,0.075,0.117,0.1,0.288,0.15,0.1,0.146,0.308
Ukraine,2012,0.1,0.125,0.075,0.117,0.1,0.288,0.15,0.1,0.146,0.308
Ukraine,2013,0.1,0.125,0.075,0.1,0.1,0.288,0.15,0.1,0.143,0.308
Ukraine,2014,0.08,0.08,0.06,0.08,0.08,0.268,0.13,0.08,0.125,0.372
Ukraine,2015,0.08,0.08,0.06,0.08,0.08,0.268,0.13,0.08,0.125,0.372
Ukraine,2016,0.08,0.08,0.06,0.08,0.08,0.268,0.13,0.08,0.121,0.288
Ukraine,2017,0.08,0.08,0.06,0.08,0.08,0.268,0.13,0.08,0.121,0.288
Ukraine,2018,0.08,0.08,0.06,0.08,0.08,0.268,0.13,0.08,0.121,0.288
Ukraine,2019,0.08,0.08,0.06,0.08,0.08,0.268,0.13,0.08,0.121,0.288
Ukraine,2020,0.08,0.08,0.06,0.08,0.08,0.268,0.13,0.08,0.121,0.288
Uruguay,2019,0.0,0.0,0.0,0.017,0.0,0.475,0.025,0.0,0.049,0.455
Uruguay,2020,0.0,0.0,0.0,0.017,0.0,0.475,0.025,0.0,0.049,0.455
United States,1997,0.0,0.0,0.197,0.042,0.0,0.25,0.181,0.11,0.089,0.55
United States,2003,0.0,0.0,0.197,0.042,0.0,0.25,0.181,0.11,0.089,0.55
United States,2006,0.0,0.0,0.197,0.042,0.0,0.25,0.181,0.11,0.089,0.55
United States,2010,0.0,0.0,0.197,0.042,0.0,0.25,0.181,0.11,0.089,0.55
United States,2011,0.0,0.0,0.197,0.042,0.0,0.25,0.181,0.11,0.089,0.55
United States,2012,0.0,0.0,0.197,0.042,0.0,0.25,0.181,0.11,0.089,0.55
United States,2013,0.0,0.0,0.197,0.042,0.0,0.25,0.181,0.11,0.089,0.55
United States,2014,0.0,0.0,0.197,0.042,0.0,0.25,0.181,0.11,0.089,0.55
United States,2015,0.0,0.0,0.197,0.042,0.0,0.25,0.181,0.11,0.089,0.55
United States,2016,0.0,0.0,0.197,0.042,0.0,0.25,0.181,0.11,0.089,0.55
United States,2017,0.0,0.0,0.197,0.042,0.0,0.25,0.181,0.11,0.089,0.55
United States,2018,0.0,0.0,0.197,0.042,0.0,0.25,0.181,0.11,0.089,0.55
United States,2019,0.0,0.0,0.197,0.042,0.0,0.25,0.181,0.11,0.089,0.55
United States,2020,0.0,0.0,0.197,0.042,0.0,0.25,0.181,0.11,0.089,0.55
Uzbekistan,2019,0.265,0.024,0.07,0.095,0.023,0.395,0.04,0.02,0.068,0.041
Uzbekistan,2020,0.265,0.024,0.07,0.095,0.023,0.395,0.04,0.02,0.068,0.041
Vietnam,1997,0.589,0.62,0.31,0.787,0.62,0.62,0.72,0.62,0.671,0.932
Vietnam,2003,0.328,0.4,0.25,0.6,0.25,0.55,0.404,0.55,0.435,0.869
Vietnam,2006,0.294,0.25,0.225,0.467,0.2,0.5,0.379,0.5,0.371,0.819
Vietnam,2010,0.114,0.308,0.054,0.363,0.107,0.52,0.361,0.633,0.3,0.735
Vietnam,2011,0.114,0.308,0.054,0.363,0.107,0.52,0.361,0.633,0.3,0.735
Vietnam,2012,0.12,0.308,0.054,0.313,0.107,0.52,0.361,0.633,0.292,0.716
Vietnam,2013,0.12,0.305,0.054,0.305,0.107,0.52,0.308,0.633,0.281,0.716
Vietnam,2014,0.12,0.305,0.054,0.305,0.107,0.52,0.308,0.633,0.281,0.712
Vietnam,2015,0.051,0.155,0.01,0.109,0.025,0.408,0.061,0.583,0.132,0.528
Vietnam,2016,0.051,0.155,0.01,0.109,0.025,0.408,0.061,0.583,0.132,0.528
Vietnam,2017,0.051,0.155,0.01,0.109,0.025,0.408,0.061,0.583,0.132,0.528
Vietnam,2018,0.051,0.126,0.01,0.118,0.025,0.408,0.061,0.583,0.13,0.528
Vietnam,2019,0.051,0.126,0.01,0.118,0.025,0.408,0.061,0.583,0.13,0.528
Vietnam,2020,0.051,0.126,0.01,0.118,0.025,0.408,0.061,0.583,0.13,0.522
South Africa,1997,0.31,0.06,0.06,0.102,0.06,0.348,0.06,0.06,0.103,0.243
South Africa,2003,0.31,0.06,0.06,0.102,0.06,0.348,0.06,0.06,0.103,0.243
South Africa,2006,0.31,0.06,0.06,0.093,0.06,0.348,0.06,0.06,0.102,0.243
South Africa,2010,0.26,0.01,0.01,0.052,0.01,0.298,0.01,0.01,0.055,0.193
South Africa,2011,0.26,0.01,0.01,0.052,0.01,0.298,0.01,0.01,0.055,0.193
South Africa,2012,0.26,0.01,0.01,0.052,0.01,0.298,0.01,0.01,0.055,0.193
South Africa,2013,0.26,0.01,0.01,0.052,0.01,0.298,0.01,0.01,0.055,0.193
South Africa,2014,0.26,0.01,0.01,0.052,0.01,0.298,0.01,0.01,0.055,0.193
South Africa,2015,0.26,0.01,0.01,0.052,0.01,0.298,0.01,0.01,0.055,0.193
South Africa,2016,0.26,0.01,0.01,0.052,0.01,0.298,0.01,0.01,0.055,0.193
South Africa,2017,0.26,0.01,0.01,0.052,0.01,0.298,0.01,0.01,0.055,0.193
South Africa,2018,0.26,0.01,0.01,0.052,0.01,0.298,0.01,0.01,0.055,0.193
South Africa,2019,0.26,0.01,0.01,0.052,0.01,0.298,0.01,0.01,0.055,0.193
South Africa,2020,0.26,0.01,0.01,0.052,0.01,0.298,0.01,0.01,0.055,0.193
