country_b_id_fk,start_year_a_fk,start_year_b_fk,pattern_length_fk,indexes,avg_corr,orgs,Power,Sectors,event_correlation_score,country_a_id_fk,event_correlation_count,similar_event_year_a,similar_raw_event,similar_event_year_b
34,1990,1990,32,2,0.96254,1,4.377524,['Unknown'],0,181,0,,,
202,2006,2007,14,8,0.9387575,1,4.3632545,"['Finance Economy Sector', 'Human Rights Development', 'Social Sector', 'Sovereignty', 'Political State Sector']",0,181,0,,,
202,2006,2008,14,8,0.9367525,1,4.3620515,"['Sovereignty', 'Finance Economy Sector', 'Human Rights Development', 'Social Sector']",0,181,0,,,
176,1995,1995,28,3,0.9867342857142857,1,4.292040571428571,"['Unknown', 'Trade Sector']",0,181,0,,,
34,1995,1995,28,3,0.9865461538461537,1,4.291927692307692,"['Unknown', 'Trade Sector']",0,181,0,,,
126,1995,1995,28,3,0.9861223076923077,1,4.291673384615384,"['Unknown', 'Trade Sector']",0,181,0,,,
176,1995,1994,28,3,0.9848557142857144,1,4.290913428571429,"['Unknown', 'Trade Sector']",0,181,0,,,
120,1995,1995,28,3,0.9841261538461539,1,4.290475692307693,"['Unknown', 'Trade Sector']",0,181,0,,,
176,1995,1993,28,3,0.9828028571428572,1,4.289681714285715,"['Unknown', 'Trade Sector']",0,181,0,,,
202,1995,1995,28,3,0.9827553846153846,1,4.289653230769231,"['Unknown', 'Trade Sector']",0,181,0,,,
57,1995,1994,28,3,0.9818157142857142,1,4.289089428571429,"['Unknown', 'Trade Sector']",0,181,0,,,
106,1995,1992,28,3,0.981218,1,4.2887308,"['Unknown', 'Trade Sector']",0,181,0,,,
106,1995,1991,28,3,0.98048,1,4.2882880000000005,"['Unknown', 'Trade Sector']",0,181,0,,,
13,1995,1990,28,3,0.9800686666666667,1,4.2880412,"['Unknown', 'Trade Sector']",0,181,0,,,
57,1995,1993,28,3,0.9799357142857144,1,4.287961428571429,"['Unknown', 'Trade Sector']",0,181,0,,,
57,1995,1995,28,3,0.9790528571428572,1,4.287431714285715,"['Unknown', 'Trade Sector']",0,181,0,,,
58,1995,1995,28,3,0.9774326666666667,1,4.286459600000001,"['Unknown', 'Trade Sector']",0,181,0,,,
58,1995,1994,28,3,0.9773946666666667,1,4.286436800000001,"['Unknown', 'Trade Sector']",0,181,0,,,
13,1995,1991,28,3,0.9773419999999999,1,4.2864052,"['Unknown', 'Trade Sector']",0,181,0,,,
216,1995,1990,28,3,0.9772893333333333,1,4.2863736,"['Unknown', 'Trade Sector']",0,181,0,,,
106,1995,1990,28,3,0.9760973333333334,1,4.2856584,"['Unknown', 'Trade Sector']",0,181,0,,,
228,1995,1992,28,3,0.9747006666666668,1,4.2848204,"['Unknown', 'Trade Sector']",0,181,0,,,
156,1995,1990,28,3,0.9742133333333334,1,4.284528,"['Unknown', 'Trade Sector']",0,181,0,,,
236,1995,1990,28,3,0.97412,1,4.284472,"['Unknown', 'Trade Sector']",0,181,0,,,
228,1995,1995,28,3,0.973706,1,4.2842236,"['Unknown', 'Trade Sector']",0,181,0,,,
236,1995,1991,28,3,0.973164,1,4.2838984,"['Unknown', 'Trade Sector']",0,181,0,,,
228,1995,1991,28,3,0.9730486666666667,1,4.2838292000000004,"['Unknown', 'Trade Sector']",0,181,0,,,
156,1995,1991,28,3,0.972296,1,4.283377600000001,"['Unknown', 'Trade Sector']",0,181,0,,,
13,1995,1992,28,3,0.972116,1,4.283269600000001,"['Unknown', 'Trade Sector']",0,181,0,,,
156,1995,1992,28,3,0.9720633333333333,1,4.283238,"['Unknown', 'Trade Sector']",0,181,0,,,
106,1995,1993,28,3,0.9718713333333333,1,4.2831228,"['Unknown', 'Trade Sector']",0,181,0,,,
216,1995,1991,28,3,0.9717920000000001,1,4.2830752,"['Unknown', 'Trade Sector']",0,181,0,,,
236,1995,1992,28,3,0.9712,1,4.28272,"['Unknown', 'Trade Sector']",0,181,0,,,
81,1995,1994,28,3,0.970824,1,4.2824944,"['Unknown', 'Trade Sector']",0,181,0,,,
58,1995,1993,28,3,0.9706013333333333,1,4.2823608,"['Unknown', 'Trade Sector']",0,181,0,,,
216,1995,1995,28,3,0.9703393333333333,1,4.2822036,"['Unknown', 'Trade Sector']",0,181,0,,,
228,1995,1994,28,3,0.9701806666666666,1,4.2821084,"['Unknown', 'Trade Sector']",0,181,0,,,
81,1995,1992,28,3,0.9701046666666666,1,4.2820628,"['Unknown', 'Trade Sector']",0,181,0,,,
81,1995,1991,28,3,0.9691633333333333,1,4.281498,"['Unknown', 'Trade Sector']",0,181,0,,,
81,1995,1995,28,3,0.9689406666666667,1,4.2813644,"['Unknown', 'Trade Sector']",0,181,0,,,
216,1995,1994,28,3,0.968684,1,4.2812104,"['Unknown', 'Trade Sector']",0,181,0,,,
216,1995,1992,28,3,0.968586,1,4.2811516,"['Unknown', 'Trade Sector']",0,181,0,,,
104,1995,1992,28,3,0.968514,1,4.2811084,"['Unknown', 'Trade Sector']",0,181,0,,,
81,1995,1993,28,3,0.96849,1,4.281094,"['Unknown', 'Trade Sector']",0,181,0,,,
104,1995,1991,28,3,0.9679540000000001,1,4.2807724,"['Unknown', 'Trade Sector']",0,181,0,,,
106,1995,1995,28,3,0.9678046666666666,1,4.2806828,"['Unknown', 'Trade Sector']",0,181,0,,,
106,1995,1994,28,3,0.967596,1,4.2805576,"['Unknown', 'Trade Sector']",0,181,0,,,
110,1995,1991,28,3,0.9673160000000001,1,4.2803896,"['Unknown', 'Trade Sector']",0,181,0,,,
81,1995,1990,28,3,0.9671293333333334,1,4.2802776,"['Unknown', 'Trade Sector']",0,181,0,,,
228,1995,1990,28,3,0.96707,1,4.280242,"['Unknown', 'Trade Sector']",0,181,0,,,
153,1995,1990,28,3,0.9669713333333333,1,4.2801828,"['Unknown', 'Trade Sector']",0,181,0,,,
228,1995,1993,28,3,0.9667013333333333,1,4.2800208,"['Unknown', 'Trade Sector']",0,181,0,,,
104,1995,1990,28,3,0.9666453333333334,1,4.2799872,"['Unknown', 'Trade Sector']",0,181,0,,,
110,1995,1992,28,3,0.9661233333333333,1,4.279674,"['Unknown', 'Trade Sector']",0,181,0,,,
203,1995,1995,28,3,0.9660723076923077,1,4.279643384615385,"['Unknown', 'Trade Sector']",0,181,0,,,
110,1995,1990,28,3,0.965976,1,4.2795856,"['Unknown', 'Trade Sector']",0,181,0,,,
216,1995,1993,28,3,0.965622,1,4.2793732,"['Unknown', 'Trade Sector']",0,181,0,,,
21,1995,1994,28,3,0.9655726666666666,1,4.2793436,"['Unknown', 'Trade Sector']",0,181,0,,,
177,1995,1995,28,3,0.9654473333333333,1,4.2792684,"['Unknown', 'Trade Sector']",0,181,0,,,
153,1995,1991,28,3,0.9648766666666667,1,4.278926,"['Unknown', 'Trade Sector']",0,181,0,,,
156,1995,1993,28,3,0.964742,1,4.2788452,"['Unknown', 'Trade Sector']",0,181,0,,,
58,1995,1992,28,3,0.964408,1,4.2786448,"['Unknown', 'Trade Sector']",0,181,0,,,
236,1995,1993,28,3,0.964214,1,4.2785284,"['Unknown', 'Trade Sector']",0,181,0,,,
13,1995,1993,28,3,0.9642026666666667,1,4.2785216,"['Unknown', 'Trade Sector']",0,181,0,,,
177,1995,1992,28,3,0.96387,1,4.278322,"['Unknown', 'Trade Sector']",0,181,0,,,
21,1995,1995,28,3,0.9632093333333333,1,4.2779256,"['Unknown', 'Trade Sector']",0,181,0,,,
14,1995,1995,28,3,0.9630269230769232,1,4.277816153846154,"['Unknown', 'Trade Sector']",0,181,0,,,
13,1995,1995,28,3,0.9626773333333334,1,4.2776064,"['Unknown', 'Trade Sector']",0,181,0,,,
34,1990,1990,31,2,0.9626514285714285,1,4.277590857142857,['Unknown'],0,181,0,,,
13,1995,1994,28,3,0.9622786666666667,1,4.2773672000000005,"['Unknown', 'Trade Sector']",0,181,0,,,
98,1995,1995,28,3,0.9615357142857144,1,4.276921428571429,"['Unknown', 'Trade Sector']",0,181,0,,,
236,1995,1994,28,3,0.9611339999999999,1,4.2766804,"['Unknown', 'Trade Sector']",0,181,0,,,
21,1995,1993,28,3,0.9607273333333333,1,4.2764364,"['Unknown', 'Trade Sector']",0,181,0,,,
177,1995,1994,28,3,0.9607133333333333,1,4.276428,"['Unknown', 'Trade Sector']",0,181,0,,,
58,1995,1991,28,3,0.9605626666666666,1,4.2763376,"['Unknown', 'Trade Sector']",0,181,0,,,
215,1995,1990,28,3,0.9595253333333333,1,4.2757152000000005,"['Unknown', 'Trade Sector']",0,181,0,,,
104,1995,1993,28,3,0.9590273333333333,1,4.2754164,"['Unknown', 'Trade Sector']",0,181,0,,,
177,1995,1993,28,3,0.9578893333333334,1,4.2747336,"['Unknown', 'Trade Sector']",0,181,0,,,
110,1995,1993,28,3,0.9577593333333333,1,4.2746556,"['Unknown', 'Trade Sector']",0,181,0,,,
58,1995,1990,28,3,0.9577006666666666,1,4.2746204,"['Unknown', 'Trade Sector']",0,181,0,,,
52,1995,1995,28,3,0.9574428571428572,1,4.274465714285714,"['Unknown', 'Trade Sector']",0,181,0,,,
215,1995,1991,28,3,0.95744,1,4.274464,"['Unknown', 'Trade Sector']",0,181,0,,,
215,1995,1992,28,3,0.9573806666666668,1,4.274428400000001,"['Unknown', 'Trade Sector']",0,181,0,,,
153,1995,1992,28,3,0.9571973333333333,1,4.2743184,"['Unknown', 'Trade Sector']",0,181,0,,,
21,1995,1992,28,3,0.9563953333333333,1,4.2738372,"['Unknown', 'Trade Sector']",0,181,0,,,
74,1995,1990,28,3,0.9562306666666667,1,4.2737384,"['Unknown', 'Trade Sector']",0,181,0,,,
215,1995,1994,28,3,0.9561013333333334,1,4.2736608,"['Unknown', 'Trade Sector']",0,181,0,,,
215,1995,1995,28,3,0.95595,1,4.27357,"['Unknown', 'Trade Sector']",0,181,0,,,
74,1995,1991,28,3,0.9553326666666667,1,4.2731996,"['Unknown', 'Trade Sector']",0,181,0,,,
98,1995,1994,28,3,0.9552085714285715,1,4.273125142857143,"['Unknown', 'Trade Sector']",0,181,0,,,
110,1995,1994,28,3,0.9551773333333333,1,4.2731064000000005,"['Unknown', 'Trade Sector']",0,181,0,,,
215,1995,1993,28,3,0.955152,1,4.2730912000000005,"['Unknown', 'Trade Sector']",0,181,0,,,
110,1995,1995,28,3,0.9546093333333334,1,4.2727656000000005,"['Unknown', 'Trade Sector']",0,181,0,,,
74,1995,1992,28,3,0.9545093333333334,1,4.2727056,"['Unknown', 'Trade Sector']",0,181,0,,,
98,1995,1992,28,3,0.9529599999999999,1,4.271776,"['Unknown', 'Trade Sector']",0,181,0,,,
98,1995,1993,28,3,0.9517842857142857,1,4.271070571428572,"['Unknown', 'Trade Sector']",0,181,0,,,
21,1995,1991,28,3,0.950982,1,4.2705892,"['Unknown', 'Trade Sector']",0,181,0,,,
98,1995,1991,28,3,0.9505785714285714,1,4.270347142857143,"['Unknown', 'Trade Sector']",0,181,0,,,
52,1995,1994,28,3,0.9482614285714286,1,4.268956857142857,"['Unknown', 'Trade Sector']",0,181,0,,,
153,1995,1993,28,3,0.9468493333333332,1,4.2681096,"['Unknown', 'Trade Sector']",0,181,0,,,
52,1995,1992,28,3,0.9461771428571428,1,4.267706285714286,"['Unknown', 'Trade Sector']",0,181,0,,,
104,1995,1994,28,3,0.9460473333333332,1,4.2676284,"['Unknown', 'Trade Sector']",0,181,0,,,
21,1995,1990,28,3,0.9455133333333333,1,4.267308,"['Unknown', 'Trade Sector']",0,181,0,,,
104,1995,1995,28,3,0.9442653333333334,1,4.2665592000000006,"['Unknown', 'Trade Sector']",0,181,0,,,
202,2006,2008,13,8,0.9436424999999999,1,4.2661855,"['Finance Economy Sector', 'Human Rights Development', 'Social Sector', 'Sovereignty', 'Political State Sector']",0,181,0,,,
153,1995,1994,28,3,0.9413806666666668,1,4.2648284,"['Unknown', 'Trade Sector']",0,181,0,,,
53,1995,1995,28,3,0.9402869230769231,1,4.264172153846154,"['Unknown', 'Trade Sector']",0,181,0,,,
52,1995,1993,28,3,0.9397757142857143,1,4.263865428571429,"['Unknown', 'Trade Sector']",0,181,0,,,
52,1995,1991,28,3,0.9397628571428571,1,4.263857714285715,"['Unknown', 'Trade Sector']",0,181,0,,,
235,1995,1990,28,3,0.936092,1,4.2616552,"['Unknown', 'Trade Sector']",0,181,0,,,
202,2006,2007,13,8,0.93513,1,4.261078,"['Finance Economy Sector', 'Human Rights Development', 'Social Sector', 'Sovereignty', 'Political State Sector']",0,181,0,,,
202,2006,2006,13,8,0.9350625,1,4.2610375000000005,"['Finance Economy Sector', 'Human Rights Development', 'Social Sector', 'Sovereignty', 'Political State Sector']",0,181,0,,,
235,1995,1991,28,3,0.9323173333333333,1,4.2593904,"['Unknown', 'Trade Sector']",0,181,0,,,
153,1995,1995,28,3,0.9309353333333333,1,4.2585612,"['Unknown', 'Trade Sector']",0,181,0,,,
235,1995,1992,28,3,0.9303946666666666,1,4.258236800000001,"['Unknown', 'Trade Sector']",0,181,0,,,
74,1995,1995,28,3,0.9286653333333332,1,4.2571992000000005,"['Unknown', 'Trade Sector']",0,181,0,,,
235,1995,1993,28,3,0.9244846666666666,1,4.2546908000000006,"['Unknown', 'Trade Sector']",0,181,0,,,
235,1995,1994,28,3,0.9167526666666668,1,4.2500516,"['Unknown', 'Trade Sector']",0,181,0,,,
235,1995,1995,28,3,0.91287,1,4.247722,"['Unknown', 'Trade Sector']",0,181,0,,,
34,1995,1995,27,3,0.9856353846153846,1,4.191381230769231,"['Unknown', 'Trade Sector']",0,181,0,,,
126,1995,1995,27,3,0.9852953846153846,1,4.191177230769231,"['Unknown', 'Trade Sector']",0,181,0,,,
176,1995,1995,27,3,0.98508,1,4.191048,"['Unknown', 'Trade Sector']",0,181,0,,,
176,1995,1994,27,3,0.9828671428571428,1,4.1897202857142855,"['Unknown', 'Trade Sector']",0,181,0,,,
202,1995,1995,27,3,0.9824669230769231,1,4.189480153846154,"['Unknown', 'Trade Sector']",0,181,0,,,
176,1995,1996,27,3,0.9818328571428572,1,4.189099714285715,"['Unknown', 'Trade Sector']",0,181,0,,,
57,1995,1994,27,3,0.9817885714285713,1,4.189073142857143,"['Unknown', 'Trade Sector']",0,181,0,,,
120,1995,1995,27,3,0.9817276923076922,1,4.189036615384615,"['Unknown', 'Trade Sector']",0,181,0,,,
176,1995,1993,27,3,0.9811314285714285,1,4.1886788571428575,"['Unknown', 'Trade Sector']",0,181,0,,,
57,1995,1993,27,3,0.9811142857142857,1,4.188668571428572,"['Unknown', 'Trade Sector']",0,181,0,,,
57,1995,1995,27,3,0.9801928571428571,1,4.188115714285714,"['Unknown', 'Trade Sector']",0,181,0,,,
106,1995,1992,27,3,0.9799506666666667,1,4.1879704,"['Unknown', 'Trade Sector']",0,181,0,,,
126,1995,1996,27,3,0.9796730769230769,1,4.187803846153846,"['Unknown', 'Trade Sector']",0,181,0,,,
34,1995,1996,27,3,0.9790592307692307,1,4.187435538461538,"['Unknown', 'Trade Sector']",0,181,0,,,
106,1995,1993,27,3,0.9789,1,4.18734,"['Unknown', 'Trade Sector']",0,181,0,,,
13,1995,1990,27,3,0.9784780000000001,1,4.1870868,"['Unknown', 'Trade Sector']",0,181,0,,,
228,1995,1993,27,3,0.9784299999999999,1,4.187058,"['Unknown', 'Trade Sector']",0,181,0,,,
106,1995,1991,27,3,0.978212,1,4.1869272,"['Unknown', 'Trade Sector']",0,181,0,,,
202,1995,1996,27,3,0.9767223076923077,1,4.186033384615385,"['Unknown', 'Trade Sector']",0,181,0,,,
13,1995,1991,27,3,0.9765753333333334,1,4.1859452,"['Unknown', 'Trade Sector']",0,181,0,,,
216,1995,1990,27,3,0.9764653333333334,1,4.1858792000000005,"['Unknown', 'Trade Sector']",0,181,0,,,
58,1995,1995,27,3,0.9752573333333334,1,4.1851544,"['Unknown', 'Trade Sector']",0,181,0,,,
120,1995,1996,27,3,0.9752446153846154,1,4.185146769230769,"['Unknown', 'Trade Sector']",0,181,0,,,
58,1995,1994,27,3,0.975132,1,4.1850792000000006,"['Unknown', 'Trade Sector']",0,181,0,,,
228,1995,1992,27,3,0.974592,1,4.1847552,"['Unknown', 'Trade Sector']",0,181,0,,,
236,1995,1990,27,3,0.9743933333333333,1,4.184636,"['Unknown', 'Trade Sector']",0,181,0,,,
106,1995,1990,27,3,0.9737373333333333,1,4.1842424000000005,"['Unknown', 'Trade Sector']",0,181,0,,,
156,1995,1990,27,3,0.9731799999999999,1,4.183908,"['Unknown', 'Trade Sector']",0,181,0,,,
236,1995,1991,27,3,0.9731266666666667,1,4.183876,"['Unknown', 'Trade Sector']",0,181,0,,,
13,1995,1992,27,3,0.9724253333333334,1,4.1834552,"['Unknown', 'Trade Sector']",0,181,0,,,
156,1995,1992,27,3,0.9716319999999999,1,4.1829792,"['Unknown', 'Trade Sector']",0,181,0,,,
58,1995,1996,27,3,0.9714659999999999,1,4.1828796,"['Unknown', 'Trade Sector']",0,181,0,,,
228,1995,1995,27,3,0.9714053333333333,1,4.1828432,"['Unknown', 'Trade Sector']",0,181,0,,,
236,1995,1992,27,3,0.9712673333333333,1,4.1827604,"['Unknown', 'Trade Sector']",0,181,0,,,
228,1995,1991,27,3,0.9712426666666667,1,4.1827456000000005,"['Unknown', 'Trade Sector']",0,181,0,,,
156,1995,1993,27,3,0.9710733333333333,1,4.182644,"['Unknown', 'Trade Sector']",0,181,0,,,
228,1995,1996,27,3,0.970554,1,4.1823324,"['Unknown', 'Trade Sector']",0,181,0,,,
156,1995,1991,27,3,0.9698106666666667,1,4.1818864,"['Unknown', 'Trade Sector']",0,181,0,,,
216,1995,1991,27,3,0.9696366666666667,1,4.181782,"['Unknown', 'Trade Sector']",0,181,0,,,
57,1995,1996,27,3,0.9695614285714286,1,4.181736857142857,"['Unknown', 'Trade Sector']",0,181,0,,,
81,1995,1994,27,3,0.9693679999999999,1,4.1816208,"['Unknown', 'Trade Sector']",0,181,0,,,
58,1995,1993,27,3,0.9692786666666666,1,4.1815672,"['Unknown', 'Trade Sector']",0,181,0,,,
81,1995,1993,27,3,0.9689633333333333,1,4.1813780000000005,"['Unknown', 'Trade Sector']",0,181,0,,,
228,1995,1994,27,3,0.9689506666666666,1,4.1813704000000005,"['Unknown', 'Trade Sector']",0,181,0,,,
106,1995,1994,27,3,0.9689113333333332,1,4.1813468,"['Unknown', 'Trade Sector']",0,181,0,,,
104,1995,1992,27,3,0.9680526666666667,1,4.1808316,"['Unknown', 'Trade Sector']",0,181,0,,,
81,1995,1992,27,3,0.9677846666666666,1,4.1806708,"['Unknown', 'Trade Sector']",0,181,0,,,
216,1995,1995,27,3,0.9676906666666667,1,4.1806144,"['Unknown', 'Trade Sector']",0,181,0,,,
236,1995,1993,27,3,0.9672440000000001,1,4.1803464,"['Unknown', 'Trade Sector']",0,181,0,,,
216,1995,1992,27,3,0.96701,1,4.180206,"['Unknown', 'Trade Sector']",0,181,0,,,
216,1995,1994,27,3,0.9669519999999999,1,4.1801712,"['Unknown', 'Trade Sector']",0,181,0,,,
81,1995,1995,27,3,0.9668193333333334,1,4.1800916,"['Unknown', 'Trade Sector']",0,181,0,,,
104,1995,1993,27,3,0.9668019999999999,1,4.1800812,"['Unknown', 'Trade Sector']",0,181,0,,,
81,1995,1991,27,3,0.9666606666666666,1,4.1799964,"['Unknown', 'Trade Sector']",0,181,0,,,
153,1995,1990,27,3,0.9663273333333334,1,4.1797964,"['Unknown', 'Trade Sector']",0,181,0,,,
216,1995,1996,27,3,0.9659,1,4.17954,"['Unknown', 'Trade Sector']",0,181,0,,,
153,1995,1991,27,3,0.9658493333333333,1,4.1795096,"['Unknown', 'Trade Sector']",0,181,0,,,
216,1995,1993,27,3,0.9657213333333333,1,4.1794328,"['Unknown', 'Trade Sector']",0,181,0,,,
104,1995,1991,27,3,0.965674,1,4.1794044,"['Unknown', 'Trade Sector']",0,181,0,,,
13,1995,1993,27,3,0.9656046666666666,1,4.1793628,"['Unknown', 'Trade Sector']",0,181,0,,,
110,1995,1991,27,3,0.9652226666666667,1,4.1791336,"['Unknown', 'Trade Sector']",0,181,0,,,
106,1995,1995,27,3,0.9647806666666666,1,4.1788684,"['Unknown', 'Trade Sector']",0,181,0,,,
110,1995,1992,27,3,0.9645446666666667,1,4.1787268,"['Unknown', 'Trade Sector']",0,181,0,,,
81,1995,1990,27,3,0.9639566666666667,1,4.178374,"['Unknown', 'Trade Sector']",0,181,0,,,
110,1995,1990,27,3,0.9637939999999999,1,4.1782764,"['Unknown', 'Trade Sector']",0,181,0,,,
104,1995,1990,27,3,0.9637446666666667,1,4.1782468,"['Unknown', 'Trade Sector']",0,181,0,,,
203,1995,1995,27,3,0.9637230769230769,1,4.178233846153846,"['Unknown', 'Trade Sector']",0,181,0,,,
228,1995,1990,27,3,0.96348,1,4.178088,"['Unknown', 'Trade Sector']",0,181,0,,,
13,1995,1995,27,3,0.9631706666666667,1,4.1779024,"['Unknown', 'Trade Sector']",0,181,0,,,
21,1995,1995,27,3,0.963098,1,4.1778588,"['Unknown', 'Trade Sector']",0,181,0,,,
177,1995,1995,27,3,0.96266,1,4.177596,"['Unknown', 'Trade Sector']",0,181,0,,,
13,1995,1994,27,3,0.9625086666666667,1,4.1775052,"['Unknown', 'Trade Sector']",0,181,0,,,
110,1995,1993,27,3,0.9623073333333333,1,4.1773844,"['Unknown', 'Trade Sector']",0,181,0,,,
21,1995,1994,27,3,0.962296,1,4.1773776,"['Unknown', 'Trade Sector']",0,181,0,,,
106,1995,1996,27,3,0.9622259999999999,1,4.1773356,"['Unknown', 'Trade Sector']",0,181,0,,,
13,1995,1996,27,3,0.961816,1,4.1770896,"['Unknown', 'Trade Sector']",0,181,0,,,
34,1990,1990,30,2,0.9609228571428571,1,4.176553714285714,['Unknown'],0,181,0,,,
153,1995,1992,27,3,0.9607046666666667,1,4.1764228,"['Unknown', 'Trade Sector']",0,181,0,,,
156,1995,1994,27,3,0.9603286666666667,1,4.1761972,"['Unknown', 'Trade Sector']",0,181,0,,,
58,1995,1992,27,3,0.960292,1,4.1761752,"['Unknown', 'Trade Sector']",0,181,0,,,
236,1995,1994,27,3,0.960154,1,4.1760924,"['Unknown', 'Trade Sector']",0,181,0,,,
14,1995,1995,27,3,0.9597615384615386,1,4.175856923076923,"['Unknown', 'Trade Sector']",0,181,0,,,
81,1995,1996,27,3,0.9595373333333334,1,4.1757224,"['Unknown', 'Trade Sector']",0,181,0,,,
21,1995,1996,27,3,0.9594860000000001,1,4.1756916,"['Unknown', 'Trade Sector']",0,181,0,,,
177,1995,1993,27,3,0.9593333333333334,1,4.1756,"['Unknown', 'Trade Sector']",0,181,0,,,
21,1995,1993,27,3,0.959292,1,4.1755752,"['Unknown', 'Trade Sector']",0,181,0,,,
177,1995,1996,27,3,0.9592833333333334,1,4.1755700000000004,"['Unknown', 'Trade Sector']",0,181,0,,,
203,1995,1996,27,3,0.9590623076923077,1,4.1754373846153845,"['Unknown', 'Trade Sector']",0,181,0,,,
236,1995,1995,27,3,0.958604,1,4.1751624,"['Unknown', 'Trade Sector']",0,181,0,,,
215,1995,1990,27,3,0.9583566666666667,1,4.175014,"['Unknown', 'Trade Sector']",0,181,0,,,
52,1995,1996,27,3,0.9581728571428572,1,4.174903714285715,"['Unknown', 'Trade Sector']",0,181,0,,,
177,1995,1994,27,3,0.9577053333333333,1,4.1746232,"['Unknown', 'Trade Sector']",0,181,0,,,
98,1995,1995,27,3,0.9570442857142857,1,4.174226571428571,"['Unknown', 'Trade Sector']",0,181,0,,,
215,1995,1991,27,3,0.9565773333333334,1,4.1739464,"['Unknown', 'Trade Sector']",0,181,0,,,
58,1995,1991,27,3,0.956072,1,4.1736432,"['Unknown', 'Trade Sector']",0,181,0,,,
215,1995,1992,27,3,0.95482,1,4.172892,"['Unknown', 'Trade Sector']",0,181,0,,,
110,1995,1994,27,3,0.9548126666666666,1,4.1728876,"['Unknown', 'Trade Sector']",0,181,0,,,
215,1995,1993,27,3,0.9546333333333333,1,4.17278,"['Unknown', 'Trade Sector']",0,181,0,,,
21,1995,1992,27,3,0.9544346666666667,1,4.1726608,"['Unknown', 'Trade Sector']",0,181,0,,,
52,1995,1995,27,3,0.9534085714285714,1,4.172045142857143,"['Unknown', 'Trade Sector']",0,181,0,,,
58,1995,1990,27,3,0.953056,1,4.1718336,"['Unknown', 'Trade Sector']",0,181,0,,,
74,1995,1990,27,3,0.952926,1,4.1717556,"['Unknown', 'Trade Sector']",0,181,0,,,
153,1995,1993,27,3,0.9522226666666666,1,4.1713336,"['Unknown', 'Trade Sector']",0,181,0,,,
14,1995,1996,27,3,0.9521892307692308,1,4.171313538461538,"['Unknown', 'Trade Sector']",0,181,0,,,
104,1995,1994,27,3,0.952156,1,4.1712936,"['Unknown', 'Trade Sector']",0,181,0,,,
74,1995,1991,27,3,0.9520513333333332,1,4.1712308,"['Unknown', 'Trade Sector']",0,181,0,,,
44,1995,1990,27,3,0.9518866666666667,1,4.171132,"['Unknown', 'Trade Sector']",0,181,0,,,
110,1995,1995,27,3,0.9517353333333334,1,4.1710412,"['Unknown', 'Trade Sector']",0,181,0,,,
74,1995,1992,27,3,0.951634,1,4.1709804,"['Unknown', 'Trade Sector']",0,181,0,,,
98,1995,1994,27,3,0.9514857142857143,1,4.170891428571428,"['Unknown', 'Trade Sector']",0,181,0,,,
215,1995,1994,27,3,0.9511753333333334,1,4.1707052000000004,"['Unknown', 'Trade Sector']",0,181,0,,,
74,1995,1993,27,3,0.9509139999999999,1,4.1705484,"['Unknown', 'Trade Sector']",0,181,0,,,
215,1995,1995,27,3,0.950692,1,4.1704152,"['Unknown', 'Trade Sector']",0,181,0,,,
98,1995,1996,27,3,0.9501057142857142,1,4.170063428571429,"['Unknown', 'Trade Sector']",0,181,0,,,
98,1995,1993,27,3,0.9500585714285714,1,4.170035142857143,"['Unknown', 'Trade Sector']",0,181,0,,,
21,1995,1991,27,3,0.9492273333333333,1,4.1695364,"['Unknown', 'Trade Sector']",0,181,0,,,
98,1995,1992,27,3,0.9491185714285715,1,4.169471142857143,"['Unknown', 'Trade Sector']",0,181,0,,,
98,1995,1991,27,3,0.94885,1,4.16931,"['Unknown', 'Trade Sector']",0,181,0,,,
52,1995,1993,27,3,0.94839,1,4.169034,"['Unknown', 'Trade Sector']",0,181,0,,,
215,1995,1996,27,3,0.947072,1,4.1682432,"['Unknown', 'Trade Sector']",0,181,0,,,
74,1995,1994,27,3,0.943818,1,4.1662908000000005,"['Unknown', 'Trade Sector']",0,181,0,,,
104,1995,1996,27,3,0.9428746666666666,1,4.1657248,"['Unknown', 'Trade Sector']",0,181,0,,,
110,1995,1996,27,3,0.9428586666666666,1,4.1657152,"['Unknown', 'Trade Sector']",0,181,0,,,
21,1995,1990,27,3,0.942802,1,4.1656812,"['Unknown', 'Trade Sector']",0,181,0,,,
142,2006,2006,15,7,0.9427857142857142,1,4.165671428571429,"['Political State Sector', 'Finance Economy Sector', 'Human Rights Development', 'Social Sector']",0,181,0,,,
52,1995,1994,27,3,0.9426942857142857,1,4.165616571428571,"['Unknown', 'Trade Sector']",0,181,0,,,
104,1995,1995,27,3,0.9425720000000001,1,4.1655432,"['Unknown', 'Trade Sector']",0,181,0,,,
52,1995,1992,27,3,0.9405214285714286,1,4.164312857142857,"['Unknown', 'Trade Sector']",0,181,0,,,
153,1995,1994,27,3,0.9391373333333333,1,4.1634824,"['Unknown', 'Trade Sector']",0,181,0,,,
74,1995,1995,27,3,0.936868,1,4.1621208,"['Unknown', 'Trade Sector']",0,181,0,,,
235,1995,1990,27,3,0.935142,1,4.1610852000000005,"['Unknown', 'Trade Sector']",0,181,0,,,
53,1995,1995,27,3,0.93401,1,4.160406,"['Unknown', 'Trade Sector']",0,181,0,,,
52,1995,1991,27,3,0.9330057142857143,1,4.159803428571429,"['Unknown', 'Trade Sector']",0,181,0,,,
235,1995,1991,27,3,0.931608,1,4.1589648,"['Unknown', 'Trade Sector']",0,181,0,,,
235,1995,1992,27,3,0.9294899999999999,1,4.157694,"['Unknown', 'Trade Sector']",0,181,0,,,
153,1995,1995,27,3,0.9278193333333333,1,4.1566916,"['Unknown', 'Trade Sector']",0,181,0,,,
235,1995,1993,27,3,0.9275319999999999,1,4.1565192,"['Unknown', 'Trade Sector']",0,181,0,,,
235,1995,1994,27,3,0.9190246666666667,1,4.1514148,"['Unknown', 'Trade Sector']",0,181,0,,,
153,1995,1996,27,3,0.918566,1,4.1511396000000005,"['Unknown', 'Trade Sector']",0,181,0,,,
48,1995,1993,27,3,0.9145286666666668,1,4.1487172,"['Unknown', 'Trade Sector']",0,181,0,,,
74,1995,1996,27,3,0.9138853333333333,1,4.1483312,"['Unknown', 'Trade Sector']",0,181,0,,,
235,1995,1995,27,3,0.90894,1,4.145364,"['Unknown', 'Trade Sector']",0,181,0,,,
34,1995,1995,26,3,0.9851284615384616,1,4.091077076923077,"['Unknown', 'Trade Sector']",0,181,0,,,
126,1995,1995,26,3,0.9839707692307692,1,4.090382461538462,"['Unknown', 'Trade Sector']",0,181,0,,,
176,1995,1995,26,3,0.9833314285714285,1,4.089998857142857,"['Unknown', 'Trade Sector']",0,181,0,,,
57,1995,1994,26,3,0.9824571428571429,1,4.089474285714286,"['Unknown', 'Trade Sector']",0,181,0,,,
228,1995,1994,26,3,0.9823473333333334,1,4.0894084,"['Unknown', 'Trade Sector']",0,181,0,,,
202,1995,1995,26,3,0.9818107692307693,1,4.089086461538462,"['Unknown', 'Trade Sector']",0,181,0,,,
176,1995,1994,26,3,0.9811242857142857,1,4.088674571428571,"['Unknown', 'Trade Sector']",0,181,0,,,
176,1995,1996,26,3,0.9799100000000001,1,4.087946,"['Unknown', 'Trade Sector']",0,181,0,,,
176,1995,1993,26,3,0.9798114285714286,1,4.087886857142857,"['Unknown', 'Trade Sector']",0,181,0,,,
120,1995,1995,26,3,0.9794023076923076,1,4.0876413846153845,"['Unknown', 'Trade Sector']",0,181,0,,,
57,1995,1993,26,3,0.97936,1,4.087616,"['Unknown', 'Trade Sector']",0,181,0,,,
57,1995,1995,26,3,0.9792585714285714,1,4.087555142857143,"['Unknown', 'Trade Sector']",0,181,0,,,
228,1995,1993,26,3,0.9791426666666666,1,4.0874856,"['Unknown', 'Trade Sector']",0,181,0,,,
176,1995,1997,26,3,0.9785928571428572,1,4.087155714285714,"['Unknown', 'Trade Sector']",0,181,0,,,
126,1995,1996,26,3,0.9780630769230769,1,4.086837846153847,"['Unknown', 'Trade Sector']",0,181,0,,,
106,1995,1992,26,3,0.97758,1,4.086548,"['Unknown', 'Trade Sector']",0,181,0,,,
106,1995,1993,26,3,0.9775173333333333,1,4.0865104,"['Unknown', 'Trade Sector']",0,181,0,,,
34,1995,1996,26,3,0.97745,1,4.08647,"['Unknown', 'Trade Sector']",0,181,0,,,
13,1995,1990,26,3,0.9767926666666666,1,4.0860756,"['Unknown', 'Trade Sector']",0,181,0,,,
106,1995,1994,26,3,0.9766213333333333,1,4.0859728,"['Unknown', 'Trade Sector']",0,181,0,,,
106,1995,1991,26,3,0.97571,1,4.085426,"['Unknown', 'Trade Sector']",0,181,0,,,
126,1995,1997,26,3,0.9753607692307693,1,4.085216461538462,"['Unknown', 'Trade Sector']",0,181,0,,,
216,1995,1990,26,3,0.9753466666666667,1,4.085208,"['Unknown', 'Trade Sector']",0,181,0,,,
202,1995,1996,26,3,0.9749469230769231,1,4.0849681538461535,"['Unknown', 'Trade Sector']",0,181,0,,,
13,1995,1991,26,3,0.974364,1,4.0846184,"['Unknown', 'Trade Sector']",0,181,0,,,
58,1995,1994,26,3,0.974266,1,4.0845596,"['Unknown', 'Trade Sector']",0,181,0,,,
236,1995,1990,26,3,0.9740406666666667,1,4.0844244,"['Unknown', 'Trade Sector']",0,181,0,,,
228,1995,1992,26,3,0.97333,1,4.083998,"['Unknown', 'Trade Sector']",0,181,0,,,
34,1995,1997,26,3,0.97283,1,4.083698,"['Unknown', 'Trade Sector']",0,181,0,,,
58,1995,1995,26,3,0.9726473333333333,1,4.0835884,"['Unknown', 'Trade Sector']",0,181,0,,,
236,1995,1991,26,3,0.9724986666666667,1,4.0834992,"['Unknown', 'Trade Sector']",0,181,0,,,
120,1995,1996,26,3,0.9717407692307692,1,4.083044461538462,"['Unknown', 'Trade Sector']",0,181,0,,,
202,1995,1997,26,3,0.97155,1,4.08293,"['Unknown', 'Trade Sector']",0,181,0,,,
106,1995,1990,26,3,0.9710866666666667,1,4.0826519999999995,"['Unknown', 'Trade Sector']",0,181,0,,,
156,1995,1990,26,3,0.970902,1,4.0825412,"['Unknown', 'Trade Sector']",0,181,0,,,
228,1995,1995,26,3,0.97073,1,4.082438,"['Unknown', 'Trade Sector']",0,181,0,,,
13,1995,1992,26,3,0.9707126666666667,1,4.0824276,"['Unknown', 'Trade Sector']",0,181,0,,,
236,1995,1992,26,3,0.9702073333333333,1,4.0821244,"['Unknown', 'Trade Sector']",0,181,0,,,
156,1995,1993,26,3,0.969708,1,4.0818248,"['Unknown', 'Trade Sector']",0,181,0,,,
81,1995,1994,26,3,0.9689980000000001,1,4.0813988000000005,"['Unknown', 'Trade Sector']",0,181,0,,,
57,1995,1996,26,3,0.9687285714285715,1,4.081237142857143,"['Unknown', 'Trade Sector']",0,181,0,,,
228,1995,1991,26,3,0.9686826666666666,1,4.0812096,"['Unknown', 'Trade Sector']",0,181,0,,,
156,1995,1992,26,3,0.9685593333333333,1,4.0811356,"['Unknown', 'Trade Sector']",0,181,0,,,
104,1995,1993,26,3,0.9682346666666667,1,4.0809408000000005,"['Unknown', 'Trade Sector']",0,181,0,,,
58,1995,1996,26,3,0.9682113333333333,1,4.0809268,"['Unknown', 'Trade Sector']",0,181,0,,,
156,1995,1991,26,3,0.9678693333333332,1,4.0807216,"['Unknown', 'Trade Sector']",0,181,0,,,
228,1995,1996,26,3,0.967796,1,4.0806776,"['Unknown', 'Trade Sector']",0,181,0,,,
106,1995,1995,26,3,0.96749,1,4.080494,"['Unknown', 'Trade Sector']",0,181,0,,,
216,1995,1991,26,3,0.9674499999999999,1,4.08047,"['Unknown', 'Trade Sector']",0,181,0,,,
104,1995,1992,26,3,0.9674273333333333,1,4.0804564,"['Unknown', 'Trade Sector']",0,181,0,,,
216,1995,1997,26,3,0.967194,1,4.0803164,"['Unknown', 'Trade Sector']",0,181,0,,,
216,1995,1994,26,3,0.966592,1,4.0799552,"['Unknown', 'Trade Sector']",0,181,0,,,
228,1995,1997,26,3,0.9663933333333333,1,4.079836,"['Unknown', 'Trade Sector']",0,181,0,,,
216,1995,1995,26,3,0.9662893333333333,1,4.0797736,"['Unknown', 'Trade Sector']",0,181,0,,,
58,1995,1993,26,3,0.9661753333333334,1,4.0797052,"['Unknown', 'Trade Sector']",0,181,0,,,
236,1995,1993,26,3,0.9660346666666667,1,4.0796208,"['Unknown', 'Trade Sector']",0,181,0,,,
81,1995,1993,26,3,0.9658173333333333,1,4.0794904,"['Unknown', 'Trade Sector']",0,181,0,,,
156,1995,1994,26,3,0.9651366666666666,1,4.079082,"['Unknown', 'Trade Sector']",0,181,0,,,
153,1995,1990,26,3,0.96508,1,4.079048,"['Unknown', 'Trade Sector']",0,181,0,,,
13,1995,1993,26,3,0.9645926666666667,1,4.0787556,"['Unknown', 'Trade Sector']",0,181,0,,,
153,1995,1991,26,3,0.9644833333333334,1,4.07869,"['Unknown', 'Trade Sector']",0,181,0,,,
81,1995,1992,26,3,0.9644413333333334,1,4.0786648,"['Unknown', 'Trade Sector']",0,181,0,,,
104,1995,1991,26,3,0.9642046666666667,1,4.0785228,"['Unknown', 'Trade Sector']",0,181,0,,,
81,1995,1995,26,3,0.9641813333333332,1,4.0785088,"['Unknown', 'Trade Sector']",0,181,0,,,
58,1995,1997,26,3,0.9639099999999999,1,4.078346,"['Unknown', 'Trade Sector']",0,181,0,,,
216,1995,1992,26,3,0.9639066666666667,1,4.0783439999999995,"['Unknown', 'Trade Sector']",0,181,0,,,
216,1995,1993,26,3,0.9631713333333334,1,4.0779028,"['Unknown', 'Trade Sector']",0,181,0,,,
216,1995,1996,26,3,0.9631286666666666,1,4.0778772,"['Unknown', 'Trade Sector']",0,181,0,,,
81,1995,1991,26,3,0.962828,1,4.0776968,"['Unknown', 'Trade Sector']",0,181,0,,,
13,1995,1994,26,3,0.9628086666666668,1,4.0776852,"['Unknown', 'Trade Sector']",0,181,0,,,
106,1995,1997,26,3,0.962638,1,4.0775828,"['Unknown', 'Trade Sector']",0,181,0,,,
13,1995,1995,26,3,0.962638,1,4.0775828,"['Unknown', 'Trade Sector']",0,181,0,,,
110,1995,1991,26,3,0.9622186666666667,1,4.0773312,"['Unknown', 'Trade Sector']",0,181,0,,,
104,1995,1994,26,3,0.962162,1,4.0772972,"['Unknown', 'Trade Sector']",0,181,0,,,
52,1995,1997,26,3,0.9619371428571428,1,4.0771622857142855,"['Unknown', 'Trade Sector']",0,181,0,,,
104,1995,1990,26,3,0.961818,1,4.0770908,"['Unknown', 'Trade Sector']",0,181,0,,,
236,1995,1994,26,3,0.961718,1,4.0770308,"['Unknown', 'Trade Sector']",0,181,0,,,
110,1995,1992,26,3,0.9614606666666667,1,4.0768764,"['Unknown', 'Trade Sector']",0,181,0,,,
110,1995,1990,26,3,0.9611046666666667,1,4.0766628,"['Unknown', 'Trade Sector']",0,181,0,,,
13,1995,1996,26,3,0.960882,1,4.0765291999999995,"['Unknown', 'Trade Sector']",0,181,0,,,
81,1995,1990,26,3,0.9608206666666667,1,4.0764924,"['Unknown', 'Trade Sector']",0,181,0,,,
153,1995,1992,26,3,0.9606560000000001,1,4.0763936,"['Unknown', 'Trade Sector']",0,181,0,,,
21,1995,1994,26,3,0.9605526666666667,1,4.0763316,"['Unknown', 'Trade Sector']",0,181,0,,,
34,1990,1990,29,2,0.9599033333333333,1,4.075942,['Unknown'],0,181,0,,,
228,1995,1990,26,3,0.9598473333333334,1,4.0759084,"['Unknown', 'Trade Sector']",0,181,0,,,
106,1995,1996,26,3,0.9594193333333333,1,4.0756516,"['Unknown', 'Trade Sector']",0,181,0,,,
110,1995,1993,26,3,0.959394,1,4.0756364,"['Unknown', 'Trade Sector']",0,181,0,,,
203,1995,1995,26,3,0.9593584615384615,1,4.075615076923077,"['Unknown', 'Trade Sector']",0,181,0,,,
177,1995,1997,26,3,0.9591906666666666,1,4.0755144,"['Unknown', 'Trade Sector']",0,181,0,,,
21,1995,1995,26,3,0.9591293333333333,1,4.0754776,"['Unknown', 'Trade Sector']",0,181,0,,,
177,1995,1995,26,3,0.959128,1,4.0754768,"['Unknown', 'Trade Sector']",0,181,0,,,
14,1995,1995,26,3,0.9581638461538462,1,4.074898307692307,"['Unknown', 'Trade Sector']",0,181,0,,,
177,1995,1994,26,3,0.95794,1,4.074764,"['Unknown', 'Trade Sector']",0,181,0,,,
21,1995,1996,26,3,0.9578760000000001,1,4.0747256,"['Unknown', 'Trade Sector']",0,181,0,,,
110,1995,1994,26,3,0.957592,1,4.0745552,"['Unknown', 'Trade Sector']",0,181,0,,,
177,1995,1996,26,3,0.957372,1,4.0744232,"['Unknown', 'Trade Sector']",0,181,0,,,
21,1995,1997,26,3,0.957232,1,4.0743392,"['Unknown', 'Trade Sector']",0,181,0,,,
57,1995,1997,26,3,0.9567742857142857,1,4.074064571428571,"['Unknown', 'Trade Sector']",0,181,0,,,
21,1995,1993,26,3,0.9564986666666666,1,4.0738992,"['Unknown', 'Trade Sector']",0,181,0,,,
236,1995,1995,26,3,0.9564113333333334,1,4.0738468,"['Unknown', 'Trade Sector']",0,181,0,,,
215,1995,1990,26,3,0.9563366666666667,1,4.073802,"['Unknown', 'Trade Sector']",0,181,0,,,
58,1995,1992,26,3,0.956206,1,4.0737236,"['Unknown', 'Trade Sector']",0,181,0,,,
81,1995,1997,26,3,0.955512,1,4.0733072,"['Unknown', 'Trade Sector']",0,181,0,,,
81,1995,1996,26,3,0.9555053333333333,1,4.0733032,"['Unknown', 'Trade Sector']",0,181,0,,,
156,1995,1995,26,3,0.955356,1,4.0732136,"['Unknown', 'Trade Sector']",0,181,0,,,
203,1995,1996,26,3,0.9549961538461539,1,4.072997692307692,"['Unknown', 'Trade Sector']",0,181,0,,,
153,1995,1993,26,3,0.9545546666666667,1,4.0727328,"['Unknown', 'Trade Sector']",0,181,0,,,
215,1995,1991,26,3,0.954254,1,4.0725524,"['Unknown', 'Trade Sector']",0,181,0,,,
52,1995,1996,26,3,0.9540257142857144,1,4.0724154285714285,"['Unknown', 'Trade Sector']",0,181,0,,,
52,1995,1994,26,3,0.9529557142857144,1,4.071773428571428,"['Unknown', 'Trade Sector']",0,181,0,,,
215,1995,1992,26,3,0.9528073333333335,1,4.0716844000000005,"['Unknown', 'Trade Sector']",0,181,0,,,
98,1995,1995,26,3,0.9527857142857143,1,4.071671428571428,"['Unknown', 'Trade Sector']",0,181,0,,,
203,1995,1997,26,3,0.9526861538461537,1,4.071611692307692,"['Unknown', 'Trade Sector']",0,181,0,,,
21,1995,1992,26,3,0.9518066666666667,1,4.071084,"['Unknown', 'Trade Sector']",0,181,0,,,
236,1995,1996,26,3,0.951774,1,4.0710644,"['Unknown', 'Trade Sector']",0,181,0,,,
104,1995,1995,26,3,0.951398,1,4.0708388,"['Unknown', 'Trade Sector']",0,181,0,,,
44,1995,1990,26,3,0.9512533333333333,1,4.070752,"['Unknown', 'Trade Sector']",0,181,0,,,
58,1995,1991,26,3,0.9510753333333334,1,4.0706451999999995,"['Unknown', 'Trade Sector']",0,181,0,,,
215,1995,1993,26,3,0.950986,1,4.0705916,"['Unknown', 'Trade Sector']",0,181,0,,,
74,1995,1990,26,3,0.9505420000000001,1,4.0703252,"['Unknown', 'Trade Sector']",0,181,0,,,
110,1995,1995,26,3,0.9497266666666666,1,4.069836,"['Unknown', 'Trade Sector']",0,181,0,,,
215,1995,1994,26,3,0.94913,1,4.069478,"['Unknown', 'Trade Sector']",0,181,0,,,
52,1995,1995,26,3,0.9489714285714286,1,4.069382857142857,"['Unknown', 'Trade Sector']",0,181,0,,,
98,1995,1991,26,3,0.9488228571428571,1,4.069293714285714,"['Unknown', 'Trade Sector']",0,181,0,,,
98,1995,1994,26,3,0.94878,1,4.069268,"['Unknown', 'Trade Sector']",0,181,0,,,
58,1995,1990,26,3,0.94807,1,4.068842,"['Unknown', 'Trade Sector']",0,181,0,,,
74,1995,1991,26,3,0.9474926666666666,1,4.0684956,"['Unknown', 'Trade Sector']",0,181,0,,,
74,1995,1992,26,3,0.9471286666666666,1,4.0682772,"['Unknown', 'Trade Sector']",0,181,0,,,
14,1995,1996,26,3,0.9469053846153846,1,4.0681432307692305,"['Unknown', 'Trade Sector']",0,181,0,,,
14,1995,1997,26,3,0.9467438461538461,1,4.068046307692308,"['Unknown', 'Trade Sector']",0,181,0,,,
74,1995,1993,26,3,0.9467420000000001,1,4.0680452,"['Unknown', 'Trade Sector']",0,181,0,,,
74,1995,1994,26,3,0.9464933333333333,1,4.067896,"['Unknown', 'Trade Sector']",0,181,0,,,
98,1995,1992,26,3,0.9464371428571428,1,4.067862285714286,"['Unknown', 'Trade Sector']",0,181,0,,,
21,1995,1991,26,3,0.9455593333333334,1,4.0673356,"['Unknown', 'Trade Sector']",0,181,0,,,
98,1995,1993,26,3,0.9453114285714286,1,4.0671868571428575,"['Unknown', 'Trade Sector']",0,181,0,,,
215,1995,1995,26,3,0.9448186666666667,1,4.0668912,"['Unknown', 'Trade Sector']",0,181,0,,,
202,2006,2006,14,7,0.9442028571428571,1,4.066521714285714,"['Finance Economy Sector', 'Human Rights Development', 'Social Sector', 'Sovereignty', 'Political State Sector']",0,181,0,,,
98,1995,1996,26,3,0.9439599999999999,1,4.066376,"['Unknown', 'Trade Sector']",0,181,0,,,
52,1995,1993,26,3,0.9436285714285715,1,4.066177142857143,"['Unknown', 'Trade Sector']",0,181,0,,,
104,1995,1997,26,3,0.943536,1,4.0661216,"['Unknown', 'Trade Sector']",0,181,0,,,
104,1995,1996,26,3,0.9432706666666667,1,4.0659624,"['Unknown', 'Trade Sector']",0,181,0,,,
215,1995,1997,26,3,0.9430013333333332,1,4.0658008,"['Unknown', 'Trade Sector']",0,181,0,,,
153,1995,1994,26,3,0.942896,1,4.0657376,"['Unknown', 'Trade Sector']",0,181,0,,,
215,1995,1996,26,3,0.9403873333333334,1,4.0642324,"['Unknown', 'Trade Sector']",0,181,0,,,
74,1995,1995,26,3,0.938876,1,4.0633256,"['Unknown', 'Trade Sector']",0,181,0,,,
98,1995,1997,26,3,0.9384842857142858,1,4.063090571428571,"['Unknown', 'Trade Sector']",0,181,0,,,
21,1995,1990,26,3,0.9379966666666667,1,4.062798,"['Unknown', 'Trade Sector']",0,181,0,,,
235,1995,1990,26,3,0.9359133333333334,1,4.061548,"['Unknown', 'Trade Sector']",0,181,0,,,
52,1995,1992,26,3,0.9346985714285714,1,4.0608191428571425,"['Unknown', 'Trade Sector']",0,181,0,,,
235,1995,1991,26,3,0.929022,1,4.0574132,"['Unknown', 'Trade Sector']",0,181,0,,,
52,1995,1991,26,3,0.92763,1,4.056578,"['Unknown', 'Trade Sector']",0,181,0,,,
202,2006,2007,17,6,0.9275666666666668,1,4.05654,"['Finance Economy Sector', 'Human Rights Development', 'Social Sector']",0,181,0,,,
235,1995,1992,26,3,0.9271866666666667,1,4.056312,"['Unknown', 'Trade Sector']",0,181,0,,,
48,1995,1994,26,3,0.9263153333333333,1,4.0557891999999995,"['Unknown', 'Trade Sector']",0,181,0,,,
34,2006,2007,14,7,0.92631,1,4.055786,"['Sovereignty', 'Finance Economy Sector', 'Human Rights Development', 'Social Sector']",0,181,0,,,
235,1995,1993,26,3,0.9251326666666666,1,4.0550796,"['Unknown', 'Trade Sector']",0,181,0,,,
153,1995,1995,26,3,0.9235260000000001,1,4.0541156,"['Unknown', 'Trade Sector']",0,181,0,,,
235,1995,1994,26,3,0.9199973333333332,1,4.0519984,"['Unknown', 'Trade Sector']",0,181,0,,,
153,1995,1997,26,3,0.9161513333333333,1,4.0496908,"['Unknown', 'Trade Sector']",0,181,0,,,
235,1995,1995,26,3,0.908906,1,4.0453436,"['Unknown', 'Trade Sector']",0,181,0,,,
34,1995,1995,25,3,0.9840223076923077,1,3.9904133846153846,"['Unknown', 'Trade Sector']",0,181,0,,,
208,1995,1990,28,2,0.98234,1,3.9894040000000004,['Trade Sector'],0,181,0,,,
126,1995,1995,25,3,0.9823153846153846,1,3.9893892307692305,"['Unknown', 'Trade Sector']",0,181,0,,,
228,1995,1994,25,3,0.982296,1,3.9893776,"['Unknown', 'Trade Sector']",0,181,0,,,
176,1995,1995,25,3,0.9812814285714285,1,3.988768857142857,"['Unknown', 'Trade Sector']",0,181,0,,,
228,1995,1995,25,3,0.9812353333333333,1,3.9887411999999998,"['Unknown', 'Trade Sector']",0,181,0,,,
202,1995,1995,25,3,0.9809146153846153,1,3.988548769230769,"['Unknown', 'Trade Sector']",0,181,0,,,
57,1995,1994,25,3,0.9807657142857142,1,3.9884594285714283,"['Unknown', 'Trade Sector']",0,181,0,,,
176,1995,1994,25,3,0.9798885714285713,1,3.987933142857143,"['Unknown', 'Trade Sector']",0,181,0,,,
208,1995,1991,28,2,0.9796,1,3.98776,['Trade Sector'],0,181,0,,,
202,1995,1992,28,2,0.97949,1,3.9876940000000003,['Trade Sector'],0,181,0,,,
57,1995,1995,25,3,0.9782985714285715,1,3.986979142857143,"['Unknown', 'Trade Sector']",0,181,0,,,
176,1995,1996,25,3,0.9782771428571427,1,3.986966285714286,"['Unknown', 'Trade Sector']",0,181,0,,,
176,1995,1993,25,3,0.9780771428571429,1,3.9868462857142855,"['Unknown', 'Trade Sector']",0,181,0,,,
57,1995,1992,28,2,0.977935,1,3.9867610000000004,['Trade Sector'],0,181,0,,,
120,1995,1995,25,3,0.9779092307692309,1,3.9867455384615385,"['Unknown', 'Trade Sector']",0,181,0,,,
57,1995,1993,25,3,0.9777699999999999,1,3.986662,"['Unknown', 'Trade Sector']",0,181,0,,,
228,1995,1993,25,3,0.9777013333333334,1,3.9866208,"['Unknown', 'Trade Sector']",0,181,0,,,
176,1995,1998,25,3,0.9776614285714286,1,3.986596857142857,"['Unknown', 'Trade Sector']",0,181,0,,,
99,1995,1991,28,2,0.9774615384615385,1,3.9864769230769235,"['Unknown', 'Trade Sector']",0,181,0,,,
99,1995,1990,28,2,0.977123076923077,1,3.9862738461538463,"['Unknown', 'Trade Sector']",0,181,0,,,
40,1995,1991,28,2,0.976936923076923,1,3.9861621538461542,"['Unknown', 'Trade Sector']",0,181,0,,,
40,1995,1992,28,2,0.9768246153846154,1,3.9860947692307693,"['Unknown', 'Trade Sector']",0,181,0,,,
176,1995,1997,25,3,0.9767571428571429,1,3.9860542857142858,"['Unknown', 'Trade Sector']",0,181,0,,,
126,1995,1996,25,3,0.9765738461538462,1,3.9859443076923076,"['Unknown', 'Trade Sector']",0,181,0,,,
200,1995,1991,28,2,0.97656,1,3.9859360000000006,['Trade Sector'],0,181,0,,,
40,1995,1990,28,2,0.9765015384615384,1,3.9859009230769233,"['Unknown', 'Trade Sector']",0,181,0,,,
200,1995,1992,28,2,0.9765,1,3.9859000000000004,['Trade Sector'],0,181,0,,,
200,1995,1994,28,2,0.976105,1,3.985663,['Trade Sector'],0,181,0,,,
57,1995,1991,28,2,0.9760800000000001,1,3.9856480000000003,['Trade Sector'],0,181,0,,,
99,1995,1992,28,2,0.9759676923076923,1,3.985580615384616,"['Unknown', 'Trade Sector']",0,181,0,,,
126,1995,1997,25,3,0.9754330769230768,1,3.9852598461538458,"['Unknown', 'Trade Sector']",0,181,0,,,
176,1995,1992,28,2,0.975275,1,3.9851650000000003,['Trade Sector'],0,181,0,,,
200,1995,1995,28,2,0.9752099999999999,1,3.985126,['Trade Sector'],0,181,0,,,
177,1995,1991,28,2,0.9750930769230769,1,3.9850558461538466,"['Unknown', 'Trade Sector']",0,181,0,,,
216,1995,1990,25,3,0.974986,1,3.9849916,"['Unknown', 'Trade Sector']",0,181,0,,,
106,1995,1992,25,3,0.974952,1,3.9849712,"['Unknown', 'Trade Sector']",0,181,0,,,
34,1995,1996,25,3,0.9748061538461539,1,3.984883692307692,"['Unknown', 'Trade Sector']",0,181,0,,,
13,1995,1990,25,3,0.974746,1,3.9848476,"['Unknown', 'Trade Sector']",0,181,0,,,
106,1995,1993,25,3,0.97471,1,3.984826,"['Unknown', 'Trade Sector']",0,181,0,,,
176,1995,1990,28,2,0.9747049999999999,1,3.9848230000000004,['Trade Sector'],0,181,0,,,
177,1995,1990,28,2,0.9744723076923076,1,3.984683384615385,"['Unknown', 'Trade Sector']",0,181,0,,,
106,1995,1994,25,3,0.974328,1,3.9845968,"['Unknown', 'Trade Sector']",0,181,0,,,
57,1995,1990,28,2,0.974325,1,3.9845950000000006,['Trade Sector'],0,181,0,,,
176,1995,1991,28,2,0.974135,1,3.984481,['Trade Sector'],0,181,0,,,
200,1995,1990,28,2,0.9738,1,3.9842800000000005,['Trade Sector'],0,181,0,,,
126,1995,1998,25,3,0.9735107692307692,1,3.9841064615384614,"['Unknown', 'Trade Sector']",0,181,0,,,
106,1995,1991,25,3,0.9731486666666667,1,3.9838892,"['Unknown', 'Trade Sector']",0,181,0,,,
236,1995,1990,25,3,0.9730946666666667,1,3.9838568,"['Unknown', 'Trade Sector']",0,181,0,,,
208,1995,1992,28,2,0.9730399999999999,1,3.9838240000000003,['Trade Sector'],0,181,0,,,
67,1995,1995,28,2,0.9728049999999999,1,3.983683,['Trade Sector'],0,181,0,,,
13,1995,1991,25,3,0.9727406666666667,1,3.9836443999999998,"['Unknown', 'Trade Sector']",0,181,0,,,
202,1995,1994,28,2,0.9725600000000001,1,3.9835360000000004,['Trade Sector'],0,181,0,,,
100,1995,1990,28,2,0.972525,1,3.9835150000000006,['Trade Sector'],0,181,0,,,
236,1995,1991,25,3,0.97247,1,3.983482,"['Unknown', 'Trade Sector']",0,181,0,,,
200,1995,1993,28,2,0.9723550000000001,1,3.9834130000000005,['Trade Sector'],0,181,0,,,
202,1995,1996,25,3,0.9721807692307691,1,3.9833084615384613,"['Unknown', 'Trade Sector']",0,181,0,,,
106,1995,1995,25,3,0.97211,1,3.983266,"['Unknown', 'Trade Sector']",0,181,0,,,
202,1995,1993,28,2,0.97159,1,3.9829540000000003,['Trade Sector'],0,181,0,,,
58,1995,1994,25,3,0.97149,1,3.982894,"['Unknown', 'Trade Sector']",0,181,0,,,
97,1995,1991,28,2,0.971425,1,3.9828550000000003,['Trade Sector'],0,181,0,,,
34,1995,1998,25,3,0.9710684615384615,1,3.982641076923077,"['Unknown', 'Trade Sector']",0,181,0,,,
97,1995,1990,28,2,0.97081,1,3.982486,['Trade Sector'],0,181,0,,,
228,1995,1992,25,3,0.970446,1,3.9822676,"['Unknown', 'Trade Sector']",0,181,0,,,
34,1995,1997,25,3,0.9700553846153847,1,3.9820332307692308,"['Unknown', 'Trade Sector']",0,181,0,,,
236,1995,1992,25,3,0.9699673333333333,1,3.9819804,"['Unknown', 'Trade Sector']",0,181,0,,,
58,1995,1995,25,3,0.9699533333333333,1,3.981972,"['Unknown', 'Trade Sector']",0,181,0,,,
104,1995,1990,25,3,0.9699273333333333,1,3.9819563999999996,"['Unknown', 'Trade Sector']",0,181,0,,,
100,1995,1991,28,2,0.9698599999999999,1,3.9819160000000005,['Trade Sector'],0,181,0,,,
156,1995,1994,28,2,0.9694384615384615,1,3.981663076923077,"['Unknown', 'Trade Sector']",0,181,0,,,
67,1995,1994,28,2,0.969125,1,3.9814750000000005,['Trade Sector'],0,181,0,,,
40,1995,1993,28,2,0.9688884615384615,1,3.981333076923077,"['Unknown', 'Trade Sector']",0,181,0,,,
202,1995,1997,25,3,0.9686838461538462,1,3.9812103076923075,"['Unknown', 'Trade Sector']",0,181,0,,,
13,1995,1992,25,3,0.9683753333333333,1,3.9810252,"['Unknown', 'Trade Sector']",0,181,0,,,
104,1995,1993,25,3,0.9682486666666666,1,3.9809492,"['Unknown', 'Trade Sector']",0,181,0,,,
106,1995,1990,25,3,0.9679953333333333,1,3.9807972,"['Unknown', 'Trade Sector']",0,181,0,,,
156,1995,1992,25,3,0.9676226666666667,1,3.9805736,"['Unknown', 'Trade Sector']",0,181,0,,,
156,1995,1990,25,3,0.9673466666666666,1,3.9804079999999997,"['Unknown', 'Trade Sector']",0,181,0,,,
104,1995,1992,25,3,0.9673426666666667,1,3.9804056,"['Unknown', 'Trade Sector']",0,181,0,,,
156,1995,1995,28,2,0.9671730769230769,1,3.9803038461538467,"['Unknown', 'Trade Sector']",0,181,0,,,
99,1995,1993,28,2,0.967086923076923,1,3.980252153846154,"['Unknown', 'Trade Sector']",0,181,0,,,
156,1995,1993,25,3,0.967008,1,3.9802048,"['Unknown', 'Trade Sector']",0,181,0,,,
127,1995,1990,28,2,0.96669,1,3.9800140000000006,['Trade Sector'],0,181,0,,,
216,1995,1991,25,3,0.9665866666666666,1,3.979952,"['Unknown', 'Trade Sector']",0,181,0,,,
127,1995,1992,28,2,0.966385,1,3.9798310000000003,['Trade Sector'],0,181,0,,,
57,1995,1996,25,3,0.9659871428571429,1,3.979592285714286,"['Unknown', 'Trade Sector']",0,181,0,,,
156,1995,1991,25,3,0.9659139999999999,1,3.9795483999999997,"['Unknown', 'Trade Sector']",0,181,0,,,
81,1995,1994,25,3,0.9657993333333333,1,3.9794796,"['Unknown', 'Trade Sector']",0,181,0,,,
104,1995,1994,25,3,0.9656933333333332,1,3.9794159999999996,"['Unknown', 'Trade Sector']",0,181,0,,,
127,1995,1995,28,2,0.9656849999999999,1,3.9794110000000003,['Trade Sector'],0,181,0,,,
100,1995,1992,28,2,0.965635,1,3.9793810000000005,['Trade Sector'],0,181,0,,,
44,1995,1995,28,2,0.965533076923077,1,3.9793198461538464,"['Unknown', 'Trade Sector']",0,181,0,,,
228,1995,1996,25,3,0.965412,1,3.9792471999999997,"['Unknown', 'Trade Sector']",0,181,0,,,
127,1995,1994,28,2,0.965185,1,3.9791110000000005,['Trade Sector'],0,181,0,,,
236,1995,1993,25,3,0.9651673333333334,1,3.9791004,"['Unknown', 'Trade Sector']",0,181,0,,,
228,1995,1991,25,3,0.9646886666666667,1,3.9788132,"['Unknown', 'Trade Sector']",0,181,0,,,
140,1995,1995,28,2,0.96463,1,3.978778,['Trade Sector'],0,181,0,,,
127,1995,1991,28,2,0.964565,1,3.9787390000000005,['Trade Sector'],0,181,0,,,
140,1995,1992,28,2,0.9644950000000001,1,3.9786970000000004,['Trade Sector'],0,181,0,,,
67,1995,1993,28,2,0.964325,1,3.9785950000000003,['Trade Sector'],0,181,0,,,
153,1995,1991,25,3,0.9642206666666666,1,3.9785323999999997,"['Unknown', 'Trade Sector']",0,181,0,,,
104,1995,1991,25,3,0.9641186666666666,1,3.9784712,"['Unknown', 'Trade Sector']",0,181,0,,,
156,1995,1994,25,3,0.9640406666666668,1,3.9784243999999997,"['Unknown', 'Trade Sector']",0,181,0,,,
58,1995,1996,25,3,0.9640333333333333,1,3.97842,"['Unknown', 'Trade Sector']",0,181,0,,,
216,1995,1995,25,3,0.9639833333333333,1,3.97839,"['Unknown', 'Trade Sector']",0,181,0,,,
216,1995,1997,25,3,0.9638966666666667,1,3.978338,"['Unknown', 'Trade Sector']",0,181,0,,,
127,1995,1993,28,2,0.9633700000000001,1,3.978022,['Trade Sector'],0,181,0,,,
202,1995,1998,25,3,0.963296923076923,1,3.977978153846154,"['Unknown', 'Trade Sector']",0,181,0,,,
216,1995,1994,25,3,0.9632273333333333,1,3.9779364,"['Unknown', 'Trade Sector']",0,181,0,,,
99,1995,1994,28,2,0.9632230769230768,1,3.9779338461538467,"['Unknown', 'Trade Sector']",0,181,0,,,
153,1995,1990,25,3,0.963116,1,3.9778696,"['Unknown', 'Trade Sector']",0,181,0,,,
13,1995,1993,25,3,0.962666,1,3.9775996,"['Unknown', 'Trade Sector']",0,181,0,,,
208,1995,1993,28,2,0.96265,1,3.97759,['Trade Sector'],0,181,0,,,
40,1995,1994,28,2,0.9624492307692307,1,3.9774695384615386,"['Unknown', 'Trade Sector']",0,181,0,,,
58,1995,1993,25,3,0.9623700000000001,1,3.977422,"['Unknown', 'Trade Sector']",0,181,0,,,
52,1995,1998,25,3,0.9623657142857143,1,3.9774194285714284,"['Unknown', 'Trade Sector']",0,181,0,,,
216,1995,1998,25,3,0.9623546666666667,1,3.9774127999999997,"['Unknown', 'Trade Sector']",0,181,0,,,
81,1995,1993,25,3,0.962292,1,3.9773752,"['Unknown', 'Trade Sector']",0,181,0,,,
140,1995,1991,28,2,0.962025,1,3.977215,['Trade Sector'],0,181,0,,,
104,1995,1995,25,3,0.9617666666666665,1,3.97706,"['Unknown', 'Trade Sector']",0,181,0,,,
81,1995,1995,25,3,0.961684,1,3.9770103999999997,"['Unknown', 'Trade Sector']",0,181,0,,,
97,1995,1992,28,2,0.961615,1,3.9769690000000004,['Trade Sector'],0,181,0,,,
106,1995,1998,25,3,0.9615480000000001,1,3.9769288,"['Unknown', 'Trade Sector']",0,181,0,,,
203,1995,1994,28,2,0.9614050000000001,1,3.9768430000000006,['Trade Sector'],0,181,0,,,
216,1995,1992,25,3,0.96124,1,3.976744,"['Unknown', 'Trade Sector']",0,181,0,,,
13,1995,1995,25,3,0.9612193333333333,1,3.9767316,"['Unknown', 'Trade Sector']",0,181,0,,,
208,1995,1994,28,2,0.961195,1,3.9767170000000003,['Trade Sector'],0,181,0,,,
13,1995,1994,25,3,0.9610973333333334,1,3.9766584,"['Unknown', 'Trade Sector']",0,181,0,,,
58,1995,1997,25,3,0.9609806666666666,1,3.9765884,"['Unknown', 'Trade Sector']",0,181,0,,,
99,1995,1995,28,2,0.9609784615384616,1,3.976587076923077,"['Unknown', 'Trade Sector']",0,181,0,,,
106,1995,1997,25,3,0.96078,1,3.9764679999999997,"['Unknown', 'Trade Sector']",0,181,0,,,
106,1995,1996,25,3,0.9607153333333334,1,3.9764292,"['Unknown', 'Trade Sector']",0,181,0,,,
177,1995,1998,25,3,0.9603226666666667,1,3.9761935999999998,"['Unknown', 'Trade Sector']",0,181,0,,,
153,1995,1992,25,3,0.9603193333333333,1,3.9761916,"['Unknown', 'Trade Sector']",0,181,0,,,
81,1995,1992,25,3,0.9603026666666667,1,3.9761816,"['Unknown', 'Trade Sector']",0,181,0,,,
236,1995,1994,25,3,0.9602833333333333,1,3.9761699999999998,"['Unknown', 'Trade Sector']",0,181,0,,,
216,1995,1996,25,3,0.9599,1,3.97594,"['Unknown', 'Trade Sector']",0,181,0,,,
81,1995,1991,25,3,0.9596513333333334,1,3.9757908,"['Unknown', 'Trade Sector']",0,181,0,,,
52,1995,1997,25,3,0.9594242857142857,1,3.9756545714285716,"['Unknown', 'Trade Sector']",0,181,0,,,
110,1995,1991,25,3,0.9594153333333334,1,3.9756492,"['Unknown', 'Trade Sector']",0,181,0,,,
34,1990,1990,25,3,0.9591863636363637,2,3.9755118181818183,"['Finance Economy Sector', 'Unknown']",0,181,0,,,
48,1995,1990,28,2,0.959005,1,3.9754030000000005,['Trade Sector'],0,181,0,,,
216,1995,1993,25,3,0.9589326666666668,1,3.9753596,"['Unknown', 'Trade Sector']",0,181,0,,,
81,1995,1990,25,3,0.9585686666666666,1,3.9751412,"['Unknown', 'Trade Sector']",0,181,0,,,
228,1995,1998,25,3,0.9584893333333333,1,3.9750936,"['Unknown', 'Trade Sector']",0,181,0,,,
21,1995,1994,25,3,0.958376,1,3.9750256,"['Unknown', 'Trade Sector']",0,181,0,,,
13,1995,1996,25,3,0.9583393333333333,1,3.9750036,"['Unknown', 'Trade Sector']",0,181,0,,,
177,1995,1995,25,3,0.9583126666666666,1,3.9749876,"['Unknown', 'Trade Sector']",0,181,0,,,
110,1995,1992,25,3,0.9583113333333333,1,3.9749868,"['Unknown', 'Trade Sector']",0,181,0,,,
44,1995,1994,28,2,0.9583046153846154,1,3.9749827692307695,"['Unknown', 'Trade Sector']",0,181,0,,,
208,1995,1995,28,2,0.958275,1,3.974965,['Trade Sector'],0,181,0,,,
48,1995,1991,28,2,0.95826,1,3.9749560000000006,['Trade Sector'],0,181,0,,,
44,1995,1990,28,2,0.9581507692307694,1,3.974890461538462,"['Unknown', 'Trade Sector']",0,181,0,,,
177,1995,1997,25,3,0.9579913333333333,1,3.9747947999999997,"['Unknown', 'Trade Sector']",0,181,0,,,
140,1995,1990,28,2,0.957875,1,3.9747250000000003,['Trade Sector'],0,181,0,,,
156,1995,1995,25,3,0.9577413333333333,1,3.9746448,"['Unknown', 'Trade Sector']",0,181,0,,,
48,1995,1992,28,2,0.95764,1,3.974584,['Trade Sector'],0,181,0,,,
14,1995,1995,25,3,0.957573076923077,1,3.9745438461538463,"['Unknown', 'Trade Sector']",0,181,0,,,
58,1995,1998,25,3,0.9571866666666666,1,3.974312,"['Unknown', 'Trade Sector']",0,181,0,,,
140,1995,1994,28,2,0.95715,1,3.9742900000000003,['Trade Sector'],0,181,0,,,
110,1995,1990,25,3,0.9570853333333333,1,3.9742512,"['Unknown', 'Trade Sector']",0,181,0,,,
21,1995,1997,25,3,0.9569846666666667,1,3.9741907999999997,"['Unknown', 'Trade Sector']",0,181,0,,,
203,1995,1995,25,3,0.9565553846153847,1,3.9739332307692306,"['Unknown', 'Trade Sector']",0,181,0,,,
40,1995,1995,28,2,0.9561030769230769,1,3.9736618461538464,"['Unknown', 'Trade Sector']",0,181,0,,,
110,1995,1993,25,3,0.9560433333333334,1,3.973626,"['Unknown', 'Trade Sector']",0,181,0,,,
153,1995,1993,25,3,0.9559433333333334,1,3.973566,"['Unknown', 'Trade Sector']",0,181,0,,,
177,1995,1994,25,3,0.955784,1,3.9734704,"['Unknown', 'Trade Sector']",0,181,0,,,
236,1995,1995,25,3,0.9557,1,3.97342,"['Unknown', 'Trade Sector']",0,181,0,,,
44,1995,1991,28,2,0.9553792307692307,1,3.973227538461539,"['Unknown', 'Trade Sector']",0,181,0,,,
57,1995,1997,25,3,0.95529,1,3.9731739999999998,"['Unknown', 'Trade Sector']",0,181,0,,,
52,1995,1995,25,3,0.9552371428571428,1,3.9731422857142853,"['Unknown', 'Trade Sector']",0,181,0,,,
21,1995,1995,25,3,0.955092,1,3.9730552,"['Unknown', 'Trade Sector']",0,181,0,,,
228,1995,1990,25,3,0.9549246666666668,1,3.9729548,"['Unknown', 'Trade Sector']",0,181,0,,,
21,1995,1993,25,3,0.9548506666666666,1,3.9729104,"['Unknown', 'Trade Sector']",0,181,0,,,
53,2006,2006,16,6,0.9544683333333334,1,3.9726809999999997,"['Finance Economy Sector', 'Human Rights Development', 'Social Sector', 'Sovereignty', 'Political State Sector']",0,181,0,,,
74,1995,1993,28,2,0.9541623076923076,1,3.972497384615385,"['Unknown', 'Trade Sector']",0,181,0,,,
110,1995,1994,25,3,0.9539706666666666,1,3.9723824,"['Unknown', 'Trade Sector']",0,181,0,,,
21,1995,1996,25,3,0.953446,1,3.9720676,"['Unknown', 'Trade Sector']",0,181,0,,,
203,1995,1992,28,2,0.9534400000000001,1,3.9720640000000005,['Trade Sector'],0,181,0,,,
140,1995,1993,28,2,0.953325,1,3.971995,['Trade Sector'],0,181,0,,,
44,1995,1992,28,2,0.9531284615384615,1,3.9718770769230773,"['Unknown', 'Trade Sector']",0,181,0,,,
215,1995,1990,25,3,0.9530026666666667,1,3.9718016,"['Unknown', 'Trade Sector']",0,181,0,,,
98,1995,1991,25,3,0.9528985714285715,1,3.971739142857143,"['Unknown', 'Trade Sector']",0,181,0,,,
177,1995,1996,25,3,0.9528913333333333,1,3.9717348,"['Unknown', 'Trade Sector']",0,181,0,,,
14,1995,1990,28,2,0.95258,1,3.9715480000000003,['Trade Sector'],0,181,0,,,
14,1995,1992,28,2,0.951865,1,3.9711190000000003,['Trade Sector'],0,181,0,,,
44,1995,1993,28,2,0.9515361538461539,1,3.9709216923076927,"['Unknown', 'Trade Sector']",0,181,0,,,
104,1995,1996,25,3,0.9514633333333332,1,3.970878,"['Unknown', 'Trade Sector']",0,181,0,,,
81,1995,1998,25,3,0.951192,1,3.9707152,"['Unknown', 'Trade Sector']",0,181,0,,,
14,1995,1991,28,2,0.9511499999999999,1,3.9706900000000003,['Trade Sector'],0,181,0,,,
110,1995,1995,25,3,0.9509906666666665,1,3.9705944,"['Unknown', 'Trade Sector']",0,181,0,,,
81,1995,1996,25,3,0.9506613333333332,1,3.9703967999999996,"['Unknown', 'Trade Sector']",0,181,0,,,
58,1995,1992,25,3,0.950532,1,3.9703192,"['Unknown', 'Trade Sector']",0,181,0,,,
81,1995,1997,25,3,0.950498,1,3.9702988,"['Unknown', 'Trade Sector']",0,181,0,,,
203,1995,1993,28,2,0.94991,1,3.969946,['Trade Sector'],0,181,0,,,
100,1995,1993,28,2,0.949845,1,3.9699070000000005,['Trade Sector'],0,181,0,,,
98,1995,1995,25,3,0.9497728571428572,1,3.9698637142857143,"['Unknown', 'Trade Sector']",0,181,0,,,
203,1995,1996,25,3,0.9496046153846153,1,3.969762769230769,"['Unknown', 'Trade Sector']",0,181,0,,,
44,1995,1990,25,3,0.949534,1,3.9697204,"['Unknown', 'Trade Sector']",0,181,0,,,
21,1995,1998,25,3,0.949454,1,3.9696724,"['Unknown', 'Trade Sector']",0,181,0,,,
21,1995,1992,25,3,0.9492866666666667,1,3.969572,"['Unknown', 'Trade Sector']",0,181,0,,,
203,1995,1991,28,2,0.94917,1,3.9695020000000003,['Trade Sector'],0,181,0,,,
203,1995,1997,25,3,0.9490638461538462,1,3.9694383076923074,"['Unknown', 'Trade Sector']",0,181,0,,,
14,1995,1998,25,3,0.9484892307692309,1,3.9690935384615385,"['Unknown', 'Trade Sector']",0,181,0,,,
52,1995,1996,25,3,0.94839,1,3.9690339999999997,"['Unknown', 'Trade Sector']",0,181,0,,,
98,1995,1992,25,3,0.9477842857142856,1,3.9686705714285715,"['Unknown', 'Trade Sector']",0,181,0,,,
52,1995,1994,25,3,0.9476114285714285,1,3.968566857142857,"['Unknown', 'Trade Sector']",0,181,0,,,
153,1995,1994,25,3,0.9470473333333334,1,3.9682284,"['Unknown', 'Trade Sector']",0,181,0,,,
74,1995,1994,28,2,0.9464292307692308,1,3.967857538461539,"['Unknown', 'Trade Sector']",0,181,0,,,
215,1995,1994,25,3,0.9456046666666666,1,3.9673628,"['Unknown', 'Trade Sector']",0,181,0,,,
104,1995,1998,25,3,0.9453153333333333,1,3.9671892,"['Unknown', 'Trade Sector']",0,181,0,,,
