country_b_id_fk,start_year_a_fk,start_year_b_fk,pattern_length_fk,indexes,avg_corr,Power,country_a_id_fk
131,2006,2006,17,3,0.9535300000000001,3.172118,200
131,2006,2006,16,3,0.9489766666666667,3.0693859999999997,200
239,2006,2009,15,3,0.94828,2.968968,200
131,2006,2006,15,3,0.9387533333333332,2.9632519999999998,200
92,2006,2009,15,3,0.9152433333333333,2.949146,200
153,2006,2006,17,2,0.968105,2.880863,200
81,2006,2006,17,2,0.9594849999999999,2.875691,200
101,2006,2006,17,2,0.95919,2.8755140000000003,200
181,2006,2006,17,2,0.95381,2.8722860000000003,200
239,2006,2007,17,2,0.952195,2.8713170000000003,200
156,2006,2006,17,2,0.95024,2.8701440000000003,200
243,2006,2007,17,2,0.943985,2.866391,200
243,2006,2006,17,2,0.94267,2.865602,200
131,2006,2007,17,2,0.940095,2.8640570000000003,200
221,2006,2007,17,2,0.938195,2.8629170000000004,200
221,2006,2006,17,2,0.931,2.8586,200
239,2006,2008,16,2,0.96574,2.7794440000000002,200
153,2006,2006,16,2,0.9639,2.77834,200
101,2006,2006,16,2,0.9532750000000001,2.7719650000000002,200
81,2006,2006,16,2,0.952315,2.771389,200
181,2006,2006,16,2,0.9489650000000001,2.7693790000000003,200
38,2006,2006,16,2,0.948035,2.768821,200
239,2006,2007,16,2,0.94248,2.7654880000000004,200
243,2006,2008,16,2,0.94068,2.764408,200
156,2006,2006,16,2,0.940495,2.764297,200
66,2006,2011,13,3,0.9365366666666667,2.761922,200
181,2006,2007,16,2,0.93595,2.76157,200
243,2006,2006,16,2,0.93394,2.760364,200
243,2006,2007,16,2,0.9337,2.7602200000000003,200
134,2006,2008,16,2,0.92708,2.7562480000000003,200
219,2006,2008,16,2,0.92542,2.755252,200
134,2006,2007,16,2,0.923775,2.754265,200
61,2006,2008,16,2,0.9215599999999999,2.752936,200
58,2006,2006,16,2,0.92093,2.752558,200
92,2006,2008,16,2,0.919585,2.751751,200
226,2006,2007,16,2,0.9065650000000001,2.743939,200
219,2006,2009,15,2,0.974925,2.684955,200
239,2006,2008,15,2,0.96287,2.677722,200
153,2006,2006,15,2,0.9603999999999999,2.67624,200
134,2006,2007,15,2,0.950905,2.6705430000000003,200
181,2006,2006,15,2,0.95008,2.670048,200
38,2006,2006,15,2,0.94695,2.66817,200
101,2006,2006,15,2,0.94685,2.66811,200
81,2006,2006,15,2,0.946285,2.667771,200
134,2006,2008,15,2,0.941825,2.665095,200
239,2006,2007,15,2,0.94171,2.665026,200
114,2006,2009,15,2,0.935935,2.661561,200
243,2006,2006,15,2,0.935515,2.661309,200
243,2006,2008,15,2,0.93423,2.660538,200
181,2006,2007,15,2,0.933785,2.660271,200
243,2006,2007,15,2,0.9325749999999999,2.659545,200
130,2006,2009,15,2,0.92886,2.6573160000000002,200
243,2006,2009,15,2,0.927515,2.656509,200
219,2006,2008,15,2,0.926835,2.656101,200
40,2006,2006,15,2,0.925285,2.655171,200
14,2006,2006,15,2,0.92284,2.6537040000000003,200
58,2006,2006,15,2,0.918825,2.651295,200
134,2006,2009,15,2,0.9179649999999999,2.650779,200
158,2006,2007,15,2,0.9111899999999999,2.6467140000000002,200
153,2006,2009,15,2,0.909845,2.6459070000000002,200
92,2006,2008,15,2,0.90964,2.645784,200
219,2006,2009,14,2,0.9696400000000001,2.581784,200
219,2006,2010,14,2,0.96448,2.578688,200
239,2006,2009,14,2,0.958885,2.575331,200
153,2006,2006,14,2,0.955755,2.5734529999999998,200
239,2006,2008,14,2,0.953185,2.571911,200
131,2006,2006,14,2,0.95192,2.571152,200
181,2006,2007,14,2,0.94521,2.567126,200
14,2006,2006,14,2,0.9398949999999999,2.563937,200
54,2006,2006,14,2,0.93942,2.5636520000000003,200
66,2006,2010,14,2,0.9373750000000001,2.562425,200
92,2009,2011,11,3,0.9371133333333334,2.562268,200
101,2006,2006,14,2,0.9364250000000001,2.561855,200
239,2006,2010,14,2,0.93633,2.561798,200
134,2006,2007,14,2,0.9354,2.5612399999999997,200
114,2006,2009,14,2,0.934685,2.560811,200
114,2006,2010,14,2,0.930045,2.558027,200
44,2006,2007,14,2,0.926325,2.555795,200
243,2006,2008,14,2,0.92607,2.5556419999999997,200
239,2006,2007,14,2,0.925815,2.555489,200
134,2006,2008,14,2,0.9243250000000001,2.554595,200
243,2006,2007,14,2,0.923605,2.554163,200
243,2006,2006,14,2,0.9233750000000001,2.554025,200
243,2006,2009,14,2,0.9226099999999999,2.553566,200
166,2006,2007,14,2,0.920025,2.552015,200
158,2006,2007,14,2,0.91272,2.547632,200
243,2006,2010,14,2,0.91184,2.547104,200
219,2006,2008,14,2,0.9054500000000001,2.54327,200
58,2006,2006,14,2,0.90534,2.5432040000000002,200
99,2010,2010,10,3,0.9718333333333332,2.4831,200
249,2006,2011,13,2,0.96437,2.4786219999999997,200
92,2006,2011,13,2,0.962705,2.477623,200
219,2006,2009,13,2,0.96072,2.476432,200
239,2010,2012,10,3,0.9582133333333335,2.4749280000000002,200
234,2010,2010,10,3,0.95632,2.473792,200
23,2006,2011,13,2,0.955045,2.473027,200
58,2010,2010,10,3,0.95345,2.47207,200
219,2006,2010,13,2,0.950295,2.4701769999999996,200
239,2006,2009,13,2,0.9488300000000001,2.4692979999999998,200
239,2010,2011,10,3,0.9487733333333334,2.469264,200
153,2006,2006,13,2,0.948445,2.469067,200
113,2010,2008,10,3,0.9478766666666667,2.4687259999999998,200
129,2006,2009,13,2,0.947755,2.4686529999999998,200
181,2006,2007,13,2,0.947525,2.468515,200
131,2006,2006,13,2,0.946935,2.468161,200
219,2010,2012,10,3,0.9469133333333334,2.468148,200
54,2006,2006,13,2,0.94638,2.467828,200
66,2006,2010,13,2,0.945515,2.4673089999999998,200
129,2006,2010,13,2,0.94479,2.466874,200
131,2010,2011,10,3,0.94427,2.4665619999999997,200
239,2006,2008,13,2,0.94204,2.465224,200
113,2006,2011,13,2,0.94085,2.4645099999999998,200
129,2006,2011,13,2,0.93845,2.46307,200
92,2010,2012,10,3,0.9382100000000001,2.462926,200
92,2010,2013,10,3,0.9359299999999999,2.4615579999999997,200
243,2010,2009,10,3,0.9337833333333334,2.46027,200
243,2010,2011,10,3,0.9317266666666667,2.4590359999999998,200
114,2006,2010,13,2,0.930855,2.458513,200
219,2006,2011,13,2,0.930515,2.458309,200
129,2006,2008,13,2,0.92608,2.455648,200
114,2006,2009,13,2,0.92509,2.4550539999999996,200
170,2010,2010,10,3,0.92403,2.454418,200
239,2006,2010,13,2,0.92374,2.454244,200
118,2006,2008,13,2,0.923305,2.453983,200
170,2010,2011,10,3,0.92019,2.452114,200
13,2010,2010,10,3,0.9182266666666666,2.450936,200
137,2006,2011,13,2,0.9167350000000001,2.4500409999999997,200
142,2010,2006,10,3,0.9152933333333334,2.449176,200
44,2006,2007,13,2,0.9115800000000001,2.446948,200
219,2008,2011,12,2,0.97431,2.384586,200
239,2008,2010,12,2,0.970935,2.3825610000000004,200
101,2008,2007,12,2,0.970925,2.3825550000000004,200
219,2008,2012,12,2,0.96669,2.380014,200
239,2008,2011,12,2,0.965985,2.3795910000000005,200
249,2006,2011,12,2,0.9644299999999999,2.378658,200
54,2008,2007,12,2,0.9643349999999999,2.378601,200
234,2008,2009,12,2,0.9638,2.37828,200
153,2008,2008,12,2,0.9618,2.3770800000000003,200
219,2008,2010,12,2,0.9594050000000001,2.375643,200
127,2008,2008,12,2,0.958345,2.375007,200
14,2008,2008,12,2,0.958075,2.374845,200
181,2008,2009,12,2,0.951245,2.370747,200
131,2008,2007,12,2,0.9510799999999999,2.370648,200
89,2008,2012,12,2,0.950905,2.3705430000000005,200
173,2008,2007,12,2,0.95011,2.3700660000000005,200
173,2008,2006,12,2,0.94907,2.3694420000000003,200
38,2008,2008,12,2,0.949035,2.369421,200
118,2008,2009,12,2,0.9481200000000001,2.3688720000000005,200
44,2008,2009,12,2,0.947495,2.368497,200
101,2008,2006,12,2,0.9473849999999999,2.368431,200
131,2008,2008,12,2,0.947075,2.3682450000000004,200
243,2008,2008,12,2,0.9453199999999999,2.367192,200
170,2008,2006,12,2,0.945085,2.367051,200
243,2008,2007,12,2,0.943435,2.366061,200
54,2008,2006,12,2,0.94171,2.3650260000000003,200
92,2008,2010,12,2,0.941235,2.3647410000000004,200
239,2008,2009,12,2,0.9394450000000001,2.3636670000000004,200
114,2008,2011,12,2,0.938525,2.3631150000000005,200
114,2008,2012,12,2,0.938375,2.3630250000000004,200
54,2008,2008,12,2,0.938215,2.3629290000000003,200
239,2008,2012,12,2,0.937925,2.3627550000000004,200
118,2008,2008,12,2,0.937235,2.3623410000000002,200
170,2008,2007,12,2,0.935565,2.361339,200
101,2008,2008,12,2,0.9352050000000001,2.361123,200
20,2011,2012,9,3,0.9347966666666666,2.3608779999999996,200
44,2008,2012,12,2,0.932855,2.359713,200
66,2006,2008,12,2,0.9310849999999999,2.358651,200
147,2008,2006,12,2,0.930405,2.3582430000000003,200
58,2008,2008,12,2,0.930285,2.3581710000000005,200
158,2008,2012,12,2,0.928175,2.3569050000000002,200
137,2008,2012,12,2,0.9233849999999999,2.354031,200
165,2008,2008,12,2,0.92138,2.352828,200
243,2008,2009,12,2,0.921165,2.3526990000000003,200
243,2008,2010,12,2,0.9192199999999999,2.351532,200
89,2008,2011,12,2,0.91814,2.350884,200
49,2008,2012,12,2,0.9162349999999999,2.3497410000000003,200
40,2008,2007,12,2,0.913625,2.3481750000000003,200
153,2008,2012,12,2,0.913205,2.347923,200
198,2008,2009,12,2,0.912925,2.3477550000000003,200
13,2008,2008,12,2,0.91203,2.3472180000000002,200
243,2008,2012,12,2,0.91201,2.3472060000000003,200
239,2009,2011,11,2,0.9799150000000001,2.2879490000000002,200
219,2009,2012,11,2,0.97807,2.286842,200
239,2009,2012,11,2,0.974545,2.284727,200
101,2009,2008,11,2,0.97326,2.2839560000000003,200
219,2009,2013,11,2,0.9728749999999999,2.283725,200
234,2009,2009,11,2,0.971875,2.283125,200
54,2009,2008,11,2,0.970485,2.2822910000000003,200
234,2009,2010,11,2,0.969585,2.2817510000000003,200
249,2006,2011,11,2,0.964265,2.2785590000000004,200
153,2009,2009,11,2,0.9641249999999999,2.2784750000000003,200
173,2009,2008,11,2,0.96362,2.278172,200
92,2009,2013,11,2,0.963225,2.2779350000000003,200
99,2009,2009,11,2,0.962195,2.277317,200
127,2009,2009,11,2,0.961125,2.276675,200
89,2009,2013,11,2,0.9599599999999999,2.275976,200
173,2009,2007,11,2,0.95901,2.2754060000000003,200
219,2009,2011,11,2,0.9586950000000001,2.275217,200
101,2009,2007,11,2,0.95814,2.274884,200
44,2009,2010,11,2,0.9578450000000001,2.2747070000000003,200
38,2009,2009,11,2,0.957345,2.274407,200
14,2009,2009,11,2,0.9569399999999999,2.274164,200
66,2006,2008,11,2,0.9557249999999999,2.273435,200
181,2009,2010,11,2,0.953605,2.272163,200
131,2009,2009,11,2,0.9535750000000001,2.272145,200
239,2009,2013,11,2,0.9522550000000001,2.2713530000000004,200
131,2009,2008,11,2,0.9519150000000001,2.2711490000000003,200
99,2010,2010,8,3,0.9514066666666666,2.270844,200
239,2009,2010,11,2,0.95088,2.270528,200
170,2009,2007,11,2,0.9476549999999999,2.268593,200
54,2009,2007,11,2,0.947505,2.268503,200
89,2009,2012,11,2,0.9474,2.26844,200
158,2009,2013,11,2,0.9465,2.2679,200
170,2009,2008,11,2,0.945975,2.2675850000000004,200
181,2009,2009,11,2,0.94592,2.2675520000000002,200
118,2009,2009,11,2,0.94564,2.2673840000000003,200
236,2009,2009,11,2,0.9455899999999999,2.267354,200
118,2009,2010,11,2,0.94527,2.2671620000000003,200
243,2009,2009,11,2,0.94461,2.266766,200
243,2009,2008,11,2,0.944455,2.266673,200
158,2009,2012,11,2,0.9441999999999999,2.26652,200
58,2009,2009,11,2,0.94412,2.2664720000000003,200
114,2009,2012,11,2,0.94284,2.2657040000000004,200
54,2009,2009,11,2,0.9426399999999999,2.265584,200
137,2009,2013,11,2,0.9419200000000001,2.265152,200
229,2009,2006,11,2,0.941425,2.2648550000000003,200
183,2009,2013,11,2,0.941165,2.2646990000000002,200
81,2009,2012,11,2,0.939385,2.263631,200
179,2009,2007,11,2,0.938765,2.263259,200
44,2009,2013,11,2,0.93779,2.262674,200
183,2009,2012,11,2,0.937745,2.2626470000000003,200
66,2009,2013,11,2,0.937635,2.262581,200
108,2010,2013,8,3,0.9368400000000001,2.262104,200
92,2009,2012,11,2,0.93669,2.262014,200
101,2009,2009,11,2,0.93556,2.261336,200
147,2009,2007,11,2,0.93513,2.2610780000000004,200
158,2009,2011,11,2,0.934715,2.260829,200
181,2009,2007,11,2,0.934615,2.2607690000000003,200
114,2009,2013,11,2,0.93392,2.260352,200
229,2009,2007,11,2,0.932795,2.259677,200
66,2006,2009,11,2,0.9314150000000001,2.258849,200
243,2009,2010,11,2,0.9307449999999999,2.2584470000000003,200
140,2009,2008,11,2,0.930685,2.258411,200
202,2009,2012,11,2,0.9263650000000001,2.2558190000000002,200
165,2009,2009,11,2,0.92625,2.25575,200
93,2009,2013,11,2,0.9258599999999999,2.255516,200
58,2009,2013,11,2,0.925225,2.255135,200
243,2009,2013,11,2,0.921755,2.2530530000000004,200
13,2009,2009,11,2,0.91742,2.250452,200
156,2009,2013,11,2,0.9173,2.2503800000000003,200
40,2009,2009,11,2,0.917235,2.250341,200
153,2009,2013,11,2,0.91703,2.2502180000000003,200
93,2009,2012,11,2,0.91399,2.2483940000000002,200
104,2009,2011,11,2,0.91249,2.247494,200
40,2009,2008,11,2,0.910595,2.246357,200
198,2009,2010,11,2,0.903965,2.242379,200
219,2010,2014,10,2,0.991115,2.194669,200
234,2010,2011,10,2,0.985905,2.1915430000000002,200
239,2010,2013,10,2,0.983645,2.190187,200
219,2010,2013,10,2,0.9777800000000001,2.186668,200
173,2010,2008,10,2,0.9760800000000001,2.185648,200
229,2010,2007,10,2,0.976055,2.185633,200
236,2010,2010,10,2,0.97414,2.1844840000000003,200
173,2010,2009,10,2,0.97387,2.184322,200
101,2010,2009,10,2,0.972395,2.183437,200
92,2010,2014,10,2,0.97148,2.182888,200
89,2010,2014,10,2,0.97072,2.182432,200
54,2010,2009,10,2,0.969875,2.181925,200
239,2010,2014,10,2,0.969155,2.181493,200
81,2010,2010,10,2,0.968565,2.181139,200
38,2010,2010,10,2,0.9677450000000001,2.180647,200
153,2010,2010,10,2,0.966645,2.179987,200
127,2010,2010,10,2,0.9663349999999999,2.179801,200
38,2010,2011,10,2,0.96541,2.179246,200
229,2010,2006,10,2,0.96513,2.179078,200
179,2010,2008,10,2,0.963795,2.178277,200
131,2010,2009,10,2,0.963275,2.177965,200
14,2010,2010,10,2,0.962465,2.177479,200
216,2010,2010,10,2,0.96239,2.177434,200
229,2010,2008,10,2,0.960855,2.176513,200
238,2010,2010,10,2,0.96006,2.176036,200
158,2010,2014,10,2,0.959775,2.175865,200
131,2010,2010,10,2,0.95977,2.175862,200
113,2010,2011,10,2,0.959695,2.175817,200
101,2010,2010,10,2,0.959175,2.1755050000000002,200
181,2010,2011,10,2,0.95912,2.175472,200
44,2010,2011,10,2,0.95751,2.174506,200
59,2014,2015,7,3,0.9574733333333333,2.174484,200
158,2010,2013,10,2,0.9567399999999999,2.174044,200
222,2010,2012,10,2,0.9566749999999999,2.174005,200
181,2010,2010,10,2,0.95663,2.173978,200
101,2010,2011,10,2,0.9565,2.1739,200
101,2010,2008,10,2,0.955485,2.173291,200
137,2010,2014,10,2,0.954735,2.172841,200
54,2010,2010,10,2,0.953795,2.1722770000000002,200
36,2014,2017,7,3,0.9524166666666667,2.17145,200
89,2010,2013,10,2,0.9523550000000001,2.1714130000000003,200
101,2010,2012,10,2,0.951755,2.171053,200
239,2010,2010,10,2,0.9517150000000001,2.171029,200
243,2010,2010,10,2,0.951705,2.171023,200
250,2014,2009,7,3,0.95158,2.170948,200
158,2010,2012,10,2,0.95139,2.170834,200
170,2010,2008,10,2,0.95104,2.170624,200
54,2014,2010,7,3,0.9510366666666666,2.170622,200
226,2010,2010,10,2,0.95103,2.170618,200
170,2010,2009,10,2,0.9510000000000001,2.1706000000000003,200
118,2010,2011,10,2,0.9507300000000001,2.170438,200
234,2010,2012,10,2,0.9493,2.16958,200
239,2014,2006,7,3,0.9492466666666667,2.169548,200
181,2010,2008,10,2,0.948805,2.169283,200
229,2010,2009,10,2,0.948755,2.1692530000000003,200
25,2010,2006,10,2,0.94818,2.168908,200
243,2010,2013,10,2,0.947755,2.168653,200
113,2010,2010,10,2,0.947365,2.168419,200
44,2010,2014,10,2,0.9473100000000001,2.168386,200
142,2014,2009,7,3,0.9472866666666667,2.168372,200
40,2010,2010,10,2,0.94713,2.168278,200
243,2014,2017,7,3,0.9467933333333334,2.168076,200
213,2014,2014,7,3,0.9463766666666666,2.167826,200
173,2010,2011,10,2,0.9462200000000001,2.167732,200
54,2010,2008,10,2,0.9461,2.16766,200
108,2010,2009,10,2,0.945435,2.167261,200
54,2014,2011,7,3,0.9449933333333332,2.166996,200
81,2010,2009,10,2,0.9443999999999999,2.16664,200
158,2010,2011,10,2,0.94431,2.166586,200
101,2010,2013,10,2,0.944135,2.166481,200
226,2010,2011,10,2,0.94398,2.166388,200
183,2010,2013,10,2,0.943865,2.166319,200
147,2010,2008,10,2,0.9437450000000001,2.1662470000000003,200
66,2010,2014,10,2,0.9433149999999999,2.165989,200
226,2010,2008,10,2,0.942865,2.165719,200
183,2010,2014,10,2,0.94165,2.16499,200
213,2014,2013,7,3,0.9414966666666666,2.164898,200
129,2010,2012,10,2,0.94133,2.1647980000000002,200
131,2010,2012,10,2,0.94087,2.164522,200
56,2014,2011,7,3,0.9405733333333334,2.164344,200
81,2010,2013,10,2,0.94,2.164,200
33,2010,2011,10,2,0.93987,2.163922,200
118,2010,2010,10,2,0.939845,2.163907,200
65,2014,2013,7,3,0.93953,2.1637180000000003,200
234,2010,2013,10,2,0.939325,2.163595,200
114,2010,2013,10,2,0.938395,2.163037,200
101,2010,2014,10,2,0.93831,2.162986,200
54,2014,2012,7,3,0.9372699999999999,2.162362,200
108,2010,2014,10,2,0.936975,2.162185,200
57,2010,2009,10,2,0.9363,2.1617800000000003,200
38,2010,2009,10,2,0.9360850000000001,2.161651,200
26,2010,2009,10,2,0.9359649999999999,2.161579,200
165,2010,2010,10,2,0.93558,2.1613480000000003,200
181,2010,2007,10,2,0.9354899999999999,2.161294,200
29,2010,2012,10,2,0.935465,2.161279,200
132,2010,2011,10,2,0.935065,2.161039,200
93,2010,2014,10,2,0.934985,2.160991,200
234,2010,2014,10,2,0.934905,2.160943,200
167,2014,2016,7,3,0.9348233333333335,2.160894,200
119,2010,2012,10,2,0.934805,2.160883,200
58,2010,2014,10,2,0.934705,2.160823,200
117,2010,2011,10,2,0.93466,2.160796,200
36,2014,2016,7,3,0.9333466666666667,2.160008,200
29,2010,2011,10,2,0.932965,2.1597790000000003,200
114,2010,2014,10,2,0.93245,2.1594700000000002,200
108,2010,2010,10,2,0.93172,2.159032,200
119,2010,2011,10,2,0.93056,2.1583360000000003,200
220,2010,2013,10,2,0.9297949999999999,2.157877,200
229,2010,2012,10,2,0.9293549999999999,2.157613,200
38,2010,2012,10,2,0.928665,2.1571990000000003,200
93,2010,2013,10,2,0.927685,2.156611,200
213,2014,2015,7,3,0.9275500000000001,2.15653,200
162,2010,2008,10,2,0.92668,2.156008,200
108,2010,2011,10,2,0.9259850000000001,2.1555910000000003,200
156,2010,2014,10,2,0.9247799999999999,2.154868,200
113,2010,2006,10,2,0.9241900000000001,2.1545140000000003,200
202,2010,2013,10,2,0.923495,2.154097,200
229,2010,2011,10,2,0.92266,2.1535960000000003,200
183,2010,2012,10,2,0.922535,2.153521,200
33,2010,2007,10,2,0.92238,2.153428,200
219,2014,2016,7,3,0.9219033333333333,2.153142,200
25,2010,2011,10,2,0.92144,2.152864,200
213,2010,2011,10,2,0.921215,2.152729,200
26,2010,2010,10,2,0.920895,2.152537,200
54,2010,2006,10,2,0.9202699999999999,2.152162,200
204,2010,2011,10,2,0.92024,2.152144,200
57,2010,2010,10,2,0.9198,2.1518800000000002,200
222,2010,2013,10,2,0.91944,2.1516640000000002,200
110,2010,2014,10,2,0.9192849999999999,2.151571,200
103,2014,2015,7,3,0.9192066666666667,2.151524,200
119,2010,2009,10,2,0.91829,2.150974,200
92,2010,2011,10,2,0.918085,2.1508510000000003,200
65,2014,2014,7,3,0.9179333333333334,2.15076,200
197,2010,2011,10,2,0.9171750000000001,2.1503050000000004,200
108,2010,2012,10,2,0.916315,2.149789,200
138,2010,2011,10,2,0.91622,2.149732,200
150,2010,2013,10,2,0.914855,2.1489130000000003,200
222,2010,2014,10,2,0.90473,2.1428380000000002,200
23,2010,2012,10,2,0.90127,2.140762,200
173,2010,2009,9,2,0.98863,2.093178,200
219,2010,2014,9,2,0.988025,2.092815,200
219,2010,2015,9,2,0.986585,2.091951,200
234,2010,2011,9,2,0.98481,2.090886,200
239,2010,2012,9,2,0.98337,2.090022,200
234,2010,2010,9,2,0.98157,2.088942,200
181,2010,2011,9,2,0.9814400000000001,2.088864,200
229,2010,2007,9,2,0.980475,2.088285,200
239,2010,2013,9,2,0.97994,2.087964,200
234,2010,2012,9,2,0.9784200000000001,2.087052,200
137,2010,2015,9,2,0.977725,2.086635,200
89,2010,2014,9,2,0.976885,2.086131,200
179,2010,2009,9,2,0.9756199999999999,2.085372,200
101,2010,2009,9,2,0.97263,2.083578,200
173,2010,2008,9,2,0.972135,2.083281,200
219,2010,2013,9,2,0.971795,2.083077,200
131,2010,2009,9,2,0.9717899999999999,2.083074,200
113,2010,2015,9,2,0.9705950000000001,2.082357,200
138,2011,2011,9,2,0.970345,2.082207,200
99,2011,2011,9,2,0.970235,2.082141,200
54,2010,2010,9,2,0.96999,2.081994,200
216,2011,2011,9,2,0.969425,2.081655,200
54,2010,2009,9,2,0.968755,2.0812530000000002,200
56,2011,2011,9,2,0.96794,2.080764,200
239,2010,2014,9,2,0.967515,2.080509,200
40,2011,2011,9,2,0.96644,2.0798639999999997,200
222,2011,2013,9,2,0.9657450000000001,2.079447,200
92,2010,2015,9,2,0.965585,2.079351,200
173,2010,2010,9,2,0.965455,2.0792729999999997,200
89,2010,2015,9,2,0.963575,2.078145,200
92,2010,2014,9,2,0.96343,2.078058,200
131,2010,2010,9,2,0.961535,2.076921,200
197,2011,2012,9,2,0.96115,2.07669,200
239,2010,2015,9,2,0.96069,2.0764139999999998,200
113,2011,2009,9,2,0.9597450000000001,2.075847,200
229,2010,2008,9,2,0.9595899999999999,2.075754,200
229,2010,2006,9,2,0.9587049999999999,2.075223,200
179,2010,2008,9,2,0.958105,2.074863,200
170,2010,2009,9,2,0.9559500000000001,2.07357,200
37,2011,2011,9,2,0.95514,2.0730839999999997,200
158,2010,2013,9,2,0.9545999999999999,2.0727599999999997,200
113,2011,2011,9,2,0.95319,2.071914,200
101,2010,2010,9,2,0.95261,2.071566,200
104,2011,2011,9,2,0.952495,2.071497,200
53,2011,2006,9,2,0.95215,2.07129,200
158,2010,2014,9,2,0.95172,2.0710319999999998,200
239,2011,2012,9,2,0.95084,2.070504,200
131,2010,2011,9,2,0.95068,2.070408,200
219,2010,2012,9,2,0.9506,2.07036,200
129,2010,2012,9,2,0.95018,2.070108,200
234,2011,2011,9,2,0.950105,2.070063,200
119,2011,2012,9,2,0.949665,2.0697989999999997,200
229,2011,2011,9,2,0.949465,2.069679,200
25,2011,2012,9,2,0.94912,2.069472,200
183,2011,2014,9,2,0.9476100000000001,2.068566,200
66,2010,2015,9,2,0.94721,2.068326,200
101,2010,2011,9,2,0.946985,2.068191,200
101,2010,2012,9,2,0.946955,2.068173,200
26,2010,2009,9,2,0.9466000000000001,2.0679600000000002,200
229,2010,2009,9,2,0.9457599999999999,2.067456,200
114,2010,2015,9,2,0.9456800000000001,2.067408,200
202,2010,2012,9,2,0.945505,2.067303,200
89,2010,2013,9,2,0.944995,2.0669969999999998,200
58,2011,2011,9,2,0.944995,2.0669969999999998,200
92,2010,2013,9,2,0.94449,2.066694,200
158,2010,2015,9,2,0.944085,2.066451,200
142,2011,2006,9,2,0.943525,2.066115,200
142,2011,2007,9,2,0.9434400000000001,2.066064,200
137,2010,2014,9,2,0.9434400000000001,2.066064,200
158,2010,2012,9,2,0.943435,2.066061,200
229,2011,2013,9,2,0.94323,2.065938,200
243,2010,2015,9,2,0.94183,2.065098,200
131,2011,2012,9,2,0.9414,2.0648400000000002,200
81,2010,2014,9,2,0.941365,2.064819,200
239,2011,2011,9,2,0.940465,2.064279,200
26,2010,2010,9,2,0.9402349999999999,2.064141,200
101,2010,2013,9,2,0.939835,2.063901,200
131,2010,2012,9,2,0.9396450000000001,2.063787,200
243,2010,2009,9,2,0.9394750000000001,2.063685,200
243,2010,2010,9,2,0.939465,2.063679,200
243,2011,2012,9,2,0.939345,2.063607,200
219,2011,2013,9,2,0.93914,2.063484,200
140,2010,2009,9,2,0.9390799999999999,2.063448,200
114,2010,2014,9,2,0.938615,2.063169,200
134,2011,2011,9,2,0.93804,2.062824,200
58,2010,2014,9,2,0.93797,2.062782,200
37,2011,2012,9,2,0.93764,2.062584,200
229,2010,2010,9,2,0.93716,2.062296,200
118,2010,2012,9,2,0.93709,2.062254,200
101,2010,2014,9,2,0.93686,2.062116,200
198,2011,2011,9,2,0.93635,2.06181,200
132,2011,2012,9,2,0.93628,2.061768,200
118,2010,2011,9,2,0.9361550000000001,2.061693,200
65,2011,2007,9,2,0.936005,2.061603,200
229,2011,2012,9,2,0.935975,2.061585,200
81,2010,2013,9,2,0.9356,2.06136,200
54,2010,2011,9,2,0.93553,2.061318,200
132,2011,2011,9,2,0.934685,2.060811,200
222,2011,2014,9,2,0.93448,2.060688,200
29,2010,2012,9,2,0.934285,2.060571,200
119,2010,2009,9,2,0.934115,2.060469,200
181,2011,2011,9,2,0.933635,2.060181,200
170,2010,2010,9,2,0.932785,2.059671,200
114,2010,2013,9,2,0.93204,2.059224,200
226,2011,2011,9,2,0.93164,2.058984,200
58,2010,2015,9,2,0.93112,2.058672,200
20,2011,2011,9,2,0.930875,2.058525,200
138,2011,2012,9,2,0.93007,2.058042,200
203,2011,2006,9,2,0.929975,2.057985,200
223,2010,2010,9,2,0.92984,2.0579039999999997,200
44,2010,2010,9,2,0.9292400000000001,2.057544,200
101,2011,2007,9,2,0.92906,2.057436,200
113,2011,2012,9,2,0.928905,2.057343,200
33,2011,2011,9,2,0.927935,2.056761,200
92,2010,2012,9,2,0.927395,2.056437,200
202,2010,2013,9,2,0.927035,2.056221,200
219,2011,2012,9,2,0.926205,2.055723,200
15,2010,2010,9,2,0.926075,2.055645,200
170,2010,2011,9,2,0.92599,2.055594,200
234,2011,2012,9,2,0.925885,2.055531,200
56,2010,2014,9,2,0.9256599999999999,2.055396,200
176,2011,2006,9,2,0.925335,2.055201,200
170,2010,2012,9,2,0.925055,2.055033,200
108,2010,2012,9,2,0.92489,2.054934,200
243,2011,2011,9,2,0.92302,2.0538119999999997,200
63,2011,2012,9,2,0.922995,2.053797,200
45,2011,2010,9,2,0.9216150000000001,2.052969,200
134,2014,2010,6,3,0.9214533333333333,2.052872,200
119,2010,2010,9,2,0.9214199999999999,2.0528519999999997,200
118,2010,2010,9,2,0.9210499999999999,2.0526299999999997,200
20,2011,2010,9,2,0.920335,2.052201,200
203,2010,2014,9,2,0.9196150000000001,2.051769,200
144,2011,2012,9,2,0.919285,2.051571,200
227,2011,2012,9,2,0.9189700000000001,2.0513820000000003,200
56,2011,2012,9,2,0.9185099999999999,2.051106,200
198,2011,2008,9,2,0.91818,2.0509079999999997,200
169,2011,2012,9,2,0.917265,2.050359,200
80,2011,2011,9,2,0.9122250000000001,2.047335,200
13,2011,2011,9,2,0.910705,2.046423,200
131,2011,2011,9,2,0.90981,2.045886,200
219,2011,2011,9,2,0.9093249999999999,2.045595,200
52,2011,2011,9,2,0.90726,2.044356,200
239,2011,2013,9,2,0.907135,2.044281,200
28,2011,2012,9,2,0.9070100000000001,2.044206,200
25,2011,2011,9,2,0.90472,2.0428319999999998,200
67,2011,2014,9,2,0.9033549999999999,2.042013,200
156,2010,2014,9,2,0.902015,2.041209,200
173,2010,2009,8,2,0.9892650000000001,1.9935589999999999,200
48,2010,2012,8,2,0.9884649999999999,1.9930789999999998,200
234,2010,2010,8,2,0.9869399999999999,1.9921639999999998,200
179,2010,2010,8,2,0.985795,1.9914769999999997,200
173,2010,2010,8,2,0.985645,1.991387,200
219,2010,2016,8,2,0.984235,1.990541,200
234,2010,2011,8,2,0.984175,1.9905049999999997,200
219,2010,2014,8,2,0.98404,1.990424,200
63,2010,2016,8,2,0.9838,1.9902799999999998,200
219,2010,2015,8,2,0.98294,1.9897639999999999,200
239,2010,2012,8,2,0.9821249999999999,1.9892749999999997,200
243,2010,2016,8,2,0.9808,1.98848,200
181,2010,2011,8,2,0.98078,1.988468,200
99,2010,2013,8,2,0.9788,1.98728,200
113,2010,2015,8,2,0.978625,1.987175,200
89,2010,2014,8,2,0.9786,1.9871599999999998,200
229,2010,2007,8,2,0.97729,1.9863739999999999,200
131,2010,2010,8,2,0.977265,1.9863589999999998,200
239,2010,2013,8,2,0.9761550000000001,1.985693,200
137,2010,2016,8,2,0.97602,1.985612,200
137,2010,2015,8,2,0.97402,1.9844119999999998,200
179,2010,2009,8,2,0.97375,1.9842499999999998,200
234,2010,2012,8,2,0.9733149999999999,1.9839889999999998,200
58,2010,2010,8,2,0.97288,1.9837279999999997,200
89,2010,2015,8,2,0.971885,1.9831309999999998,200
54,2010,2010,8,2,0.971195,1.982717,200
89,2010,2016,8,2,0.97055,1.98233,200
173,2010,2008,8,2,0.9704999999999999,1.9823,200
202,2010,2013,8,2,0.9684200000000001,1.981052,200
181,2010,2012,8,2,0.968235,1.9809409999999998,200
219,2010,2013,8,2,0.96741,1.980446,200
140,2010,2009,8,2,0.966085,1.9796509999999998,200
234,2010,2013,8,2,0.96504,1.979024,200
153,2010,2010,8,2,0.96353,1.9781179999999998,200
92,2010,2014,8,2,0.963185,1.9779109999999998,200
101,2010,2009,8,2,0.962305,1.977383,200
229,2010,2008,8,2,0.962195,1.9773169999999998,200
131,2010,2009,8,2,0.9618450000000001,1.977107,200
54,2010,2009,8,2,0.9617100000000001,1.977026,200
239,2010,2016,8,2,0.961495,1.976897,200
26,2010,2010,8,2,0.960395,1.9762369999999998,200
239,2010,2015,8,2,0.960325,1.976195,200
14,2010,2010,8,2,0.95998,1.975988,200
239,2010,2014,8,2,0.9593700000000001,1.975622,200
92,2010,2015,8,2,0.958655,1.975193,200
173,2010,2011,8,2,0.95781,1.974686,200
179,2010,2008,8,2,0.9577249999999999,1.9746349999999997,200
129,2010,2013,8,2,0.9576800000000001,1.974608,200
114,2010,2015,8,2,0.957425,1.9744549999999998,200
131,2010,2011,8,2,0.9574,1.97444,200
81,2010,2013,8,2,0.95574,1.9734439999999998,200
229,2010,2006,8,2,0.95532,1.9731919999999998,200
54,2010,2011,8,2,0.954315,1.972589,200
223,2010,2010,8,2,0.95364,1.972184,200
26,2010,2012,8,2,0.95347,1.972082,200
89,2010,2013,8,2,0.9528099999999999,1.9716859999999998,200
91,2010,2015,8,2,0.952175,1.9713049999999999,200
26,2010,2009,8,2,0.952025,1.971215,200
158,2010,2014,8,2,0.95123,1.9707379999999999,200
119,2010,2010,8,2,0.949605,1.969763,200
104,2010,2013,8,2,0.9495899999999999,1.969754,200
92,2010,2016,8,2,0.94933,1.969598,200
101,2010,2010,8,2,0.948895,1.969337,200
44,2010,2011,8,2,0.94832,1.968992,200
158,2010,2013,8,2,0.94811,1.9688659999999998,200
92,2010,2013,8,2,0.947585,1.968551,200
113,2010,2016,8,2,0.9474849999999999,1.9684909999999998,200
44,2010,2010,8,2,0.94708,1.968248,200
101,2010,2008,8,2,0.9465749999999999,1.9679449999999998,200
170,2010,2009,8,2,0.946295,1.9677769999999999,200
236,2010,2010,8,2,0.9457249999999999,1.9674349999999998,200
213,2010,2013,8,2,0.945695,1.9674169999999997,200
243,2010,2015,8,2,0.94478,1.9668679999999998,200
238,2010,2009,8,2,0.9445049999999999,1.9667029999999999,200
229,2010,2011,8,2,0.9429050000000001,1.9657429999999998,200
81,2010,2014,8,2,0.942125,1.9652749999999999,200
131,2010,2013,8,2,0.942115,1.965269,200
235,2010,2010,8,2,0.942005,1.9652029999999998,200
229,2010,2009,8,2,0.941775,1.965065,200
170,2010,2010,8,2,0.9412050000000001,1.9647229999999998,200
15,2010,2010,8,2,0.9412,1.9647199999999998,200
82,2010,2015,8,2,0.94046,1.964276,200
26,2010,2011,8,2,0.939705,1.9638229999999999,200
219,2010,2012,8,2,0.9396500000000001,1.96379,200
81,2010,2010,8,2,0.9392199999999999,1.9635319999999998,200
114,2010,2014,8,2,0.9374450000000001,1.962467,200
101,2010,2011,8,2,0.937335,1.9624009999999998,200
140,2010,2010,8,2,0.9370499999999999,1.96223,200
158,2010,2016,8,2,0.9370350000000001,1.962221,200
202,2010,2012,8,2,0.93628,1.9617679999999997,200
101,2010,2014,8,2,0.935785,1.961471,200
58,2010,2015,8,2,0.93571,1.961426,200
223,2010,2011,8,2,0.934585,1.960751,200
131,2010,2012,8,2,0.934415,1.9606489999999999,200
229,2010,2010,8,2,0.933705,1.960223,200
127,2010,2010,8,2,0.9325000000000001,1.9594999999999998,200
119,2010,2009,8,2,0.9299200000000001,1.957952,200
93,2010,2016,8,2,0.929125,1.9574749999999999,200
66,2010,2015,8,2,0.928805,1.9572829999999999,200
66,2010,2016,8,2,0.928435,1.957061,200
170,2010,2011,8,2,0.927895,1.956737,200
114,2010,2013,8,2,0.927575,1.9565449999999998,200
243,2010,2010,8,2,0.9252400000000001,1.9551439999999998,200
170,2010,2012,8,2,0.9240649999999999,1.9544389999999998,200
56,2010,2014,8,2,0.922435,1.953461,200
243,2010,2009,8,2,0.92063,1.952378,200
62,2010,2009,8,2,0.918775,1.9512649999999998,200
49,2010,2016,8,2,0.91867,1.9512019999999999,200
103,2010,2006,8,2,0.9174800000000001,1.950488,200
118,2010,2011,8,2,0.915575,1.9493449999999999,200
92,2010,2012,8,2,0.91516,1.949096,200
220,2010,2015,8,2,0.914445,1.948667,200
54,2010,2012,8,2,0.913975,1.948385,200
65,2013,2006,8,2,0.90452,1.9427119999999998,200
216,2014,2014,7,2,0.9874149999999999,1.892449,200
219,2014,2014,7,2,0.984855,1.890913,200
179,2011,2011,7,2,0.98239,1.889434,200
239,2014,2014,7,2,0.9822299999999999,1.889338,200
236,2011,2011,7,2,0.980315,1.8881890000000001,200
134,2014,2011,7,2,0.978125,1.886875,200
25,2011,2012,7,2,0.97583,1.8854980000000001,200
99,2014,2014,7,2,0.97554,1.885324,200
192,2014,2014,7,2,0.9750399999999999,1.885024,200
25,2014,2015,7,2,0.97499,1.884994,200
243,2014,2013,7,2,0.97482,1.884892,200
25,2014,2014,7,2,0.974195,1.884517,200
239,2014,2015,7,2,0.97296,1.8837760000000001,200
113,2014,2014,7,2,0.97292,1.8837519999999999,200
229,2014,2015,7,2,0.9721599999999999,1.883296,200
142,2014,2014,7,2,0.9718,1.88308,200
150,2014,2017,7,2,0.971775,1.8830650000000002,200
165,2014,2014,7,2,0.97131,1.882786,200
138,2014,2014,7,2,0.97087,1.882522,200
37,2014,2017,7,2,0.970745,1.882447,200
80,2014,2011,7,2,0.970395,1.882237,200
234,2011,2011,7,2,0.97037,1.882222,200
163,2014,2008,7,2,0.96899,1.881394,200
103,2014,2007,7,2,0.96885,1.88131,200
25,2014,2011,7,2,0.9688049999999999,1.8812829999999998,200
167,2014,2015,7,2,0.968225,1.880935,200
54,2014,2014,7,2,0.967525,1.880515,200
25,2014,2013,7,2,0.96748,1.8804880000000002,200
80,2014,2013,7,2,0.96707,1.880242,200
243,2014,2012,7,2,0.96667,1.8800020000000002,200
142,2014,2013,7,2,0.966585,1.8799510000000001,200
239,2014,2012,7,2,0.96629,1.879774,200
119,2014,2015,7,2,0.9652700000000001,1.879162,200
167,2014,2014,7,2,0.965215,1.879129,200
229,2014,2017,7,2,0.965185,1.879111,200
48,2014,2008,7,2,0.965085,1.879051,200
239,2014,2016,7,2,0.964855,1.878913,200
113,2014,2013,7,2,0.964755,1.8788529999999999,200
229,2014,2016,7,2,0.964265,1.878559,200
3,2014,2016,7,2,0.96348,1.878088,200
108,2014,2015,7,2,0.96348,1.878088,200
33,2014,2014,7,2,0.9633849999999999,1.878031,200
80,2014,2014,7,2,0.963355,1.8780130000000002,200
181,2014,2013,7,2,0.963355,1.8780130000000002,200
229,2014,2006,7,2,0.962995,1.8777970000000002,200
101,2014,2010,7,2,0.96253,1.877518,200
177,2014,2014,7,2,0.96245,1.8774700000000002,200
63,2014,2016,7,2,0.962035,1.877221,200
28,2014,2012,7,2,0.9619150000000001,1.8771490000000002,200
25,2014,2012,7,2,0.9617100000000001,1.877026,200
181,2014,2012,7,2,0.96134,1.876804,200
239,2014,2013,7,2,0.960605,1.876363,200
68,2014,2017,7,2,0.96004,1.8760240000000001,200
219,2014,2013,7,2,0.960035,1.8760210000000002,200
102,2014,2013,7,2,0.95992,1.875952,200
196,2014,2015,7,2,0.959855,1.8759130000000002,200
147,2014,2017,7,2,0.95946,1.875676,200
54,2014,2013,7,2,0.959445,1.875667,200
222,2014,2017,7,2,0.959155,1.875493,200
181,2014,2014,7,2,0.95911,1.875466,200
54,2014,2015,7,2,0.959055,1.8754330000000001,200
229,2014,2014,7,2,0.958825,1.875295,200
101,2014,2009,7,2,0.95874,1.875244,200
25,2014,2016,7,2,0.9572350000000001,1.874341,200
222,2014,2015,7,2,0.9568300000000001,1.874098,200
179,2011,2007,7,2,0.9560649999999999,1.8736389999999998,200
250,2014,2010,7,2,0.9555400000000001,1.8733240000000002,200
239,2011,2014,7,2,0.9554849999999999,1.873291,200
118,2014,2011,7,2,0.9554400000000001,1.873264,200
183,2014,2017,7,2,0.955375,1.8732250000000001,200
119,2014,2014,7,2,0.9551700000000001,1.873102,200
127,2014,2014,7,2,0.954895,1.872937,200
89,2014,2017,7,2,0.9540599999999999,1.872436,200
131,2014,2015,7,2,0.9534400000000001,1.872064,200
101,2014,2007,7,2,0.9532499999999999,1.87195,200
239,2014,2011,7,2,0.95288,1.871728,200
15,2014,2014,7,2,0.951765,1.871059,200
42,2014,2015,7,2,0.951675,1.871005,200
222,2014,2016,7,2,0.951515,1.8709090000000002,200
144,2014,2014,7,2,0.95151,1.870906,200
142,2014,2008,7,2,0.95123,1.870738,200
199,2014,2016,7,2,0.9510749999999999,1.8706450000000001,200
239,2014,2017,7,2,0.9509000000000001,1.87054,200
222,2014,2014,7,2,0.95068,1.8704079999999998,200
54,2014,2009,7,2,0.9505,1.8703,200
211,2014,2013,7,2,0.9503550000000001,1.8702130000000001,200
92,2014,2016,7,2,0.95016,1.870096,200
119,2014,2016,7,2,0.950015,1.870009,200
243,2014,2009,7,2,0.950005,1.870003,200
144,2014,2011,7,2,0.94981,1.8698860000000002,200
40,2014,2011,7,2,0.949775,1.8698649999999999,200
229,2014,2013,7,2,0.949525,1.869715,200
152,2014,2015,7,2,0.94865,1.8691900000000001,200
202,2014,2006,7,2,0.948385,1.869031,200
213,2014,2012,7,2,0.94821,1.868926,200
61,2014,2008,7,2,0.948125,1.868875,200
53,2014,2014,7,2,0.94807,1.868842,200
31,2014,2008,7,2,0.94801,1.8688060000000002,200
53,2014,2013,7,2,0.94799,1.868794,200
171,2014,2017,7,2,0.947775,1.868665,200
25,2014,2017,7,2,0.9476100000000001,1.868566,200
59,2014,2016,7,2,0.947415,1.868449,200
142,2014,2012,7,2,0.9470799999999999,1.868248,200
243,2014,2014,7,2,0.947035,1.8682210000000001,200
114,2014,2016,7,2,0.94675,1.86805,200
180,2014,2008,7,2,0.946275,1.867765,200
233,2014,2015,7,2,0.946175,1.867705,200
238,2014,2014,7,2,0.945955,1.8675730000000001,200
126,2011,2014,7,2,0.94591,1.867546,200
119,2014,2017,7,2,0.94584,1.867504,200
48,2014,2006,7,2,0.945665,1.867399,200
142,2014,2007,7,2,0.94562,1.867372,200
138,2014,2015,7,2,0.9455100000000001,1.8673060000000001,200
48,2014,2007,7,2,0.9454400000000001,1.867264,200
62,2014,2014,7,2,0.9452,1.86712,200
132,2014,2017,7,2,0.945085,1.867051,200
197,2014,2013,7,2,0.9450449999999999,1.867027,200
152,2014,2014,7,2,0.94479,1.8668740000000001,200
152,2014,2009,7,2,0.944785,1.8668710000000002,200
196,2014,2017,7,2,0.944295,1.866577,200
33,2014,2015,7,2,0.9442699999999999,1.866562,200
163,2014,2009,7,2,0.944195,1.866517,200
195,2014,2017,7,2,0.944095,1.866457,200
48,2014,2011,7,2,0.943765,1.866259,200
3,2014,2015,7,2,0.94333,1.865998,200
92,2014,2015,7,2,0.94314,1.8658839999999999,200
213,2014,2011,7,2,0.9429350000000001,1.865761,200
211,2014,2014,7,2,0.94293,1.865758,200
239,2014,2010,7,2,0.94278,1.8656679999999999,200
33,2014,2017,7,2,0.94259,1.865554,200
126,2014,2007,7,2,0.94229,1.865374,200
192,2014,2013,7,2,0.942145,1.865287,200
152,2014,2016,7,2,0.94197,1.865182,200
61,2014,2010,7,2,0.94184,1.865104,200
243,2014,2016,7,2,0.94177,1.865062,200
48,2014,2010,7,2,0.94174,1.8650440000000001,200
63,2014,2017,7,2,0.941375,1.864825,200
22,2014,2013,7,2,0.9413,1.86478,200
180,2014,2007,7,2,0.94112,1.864672,200
144,2014,2013,7,2,0.940595,1.864357,200
142,2014,2011,7,2,0.94051,1.864306,200
243,2014,2011,7,2,0.9403900000000001,1.8642340000000002,200
142,2011,2007,7,2,0.940385,1.8642310000000002,200
126,2014,2006,7,2,0.940365,1.864219,200
119,2014,2008,7,2,0.940205,1.864123,200
37,2014,2013,7,2,0.940195,1.864117,200
65,2014,2009,7,2,0.940175,1.864105,200
78,2014,2009,7,2,0.9399900000000001,1.863994,200
113,2014,2015,7,2,0.9398949999999999,1.863937,200
131,2014,2017,7,2,0.938825,1.863295,200
144,2014,2012,7,2,0.93845,1.86307,200
134,2014,2010,7,2,0.93794,1.8627639999999999,200
62,2014,2010,7,2,0.937835,1.862701,200
195,2014,2014,7,2,0.9374750000000001,1.862485,200
28,2014,2008,7,2,0.937315,1.862389,200
131,2014,2016,7,2,0.93685,1.86211,200
142,2014,2010,7,2,0.9363250000000001,1.861795,200
212,2014,2015,7,2,0.9361349999999999,1.861681,200
174,2011,2014,7,2,0.936055,1.8616329999999999,200
181,2011,2011,7,2,0.936025,1.861615,200
34,2014,2006,7,2,0.935865,1.861519,200
213,2014,2010,7,2,0.9358500000000001,1.86151,200
197,2014,2006,7,2,0.9358150000000001,1.8614890000000002,200
141,2014,2017,7,2,0.9350400000000001,1.861024,200
117,2011,2013,7,2,0.93503,1.861018,200
33,2014,2013,7,2,0.93484,1.8609040000000001,200
199,2014,2017,7,2,0.934545,1.860727,200
102,2014,2011,7,2,0.9344699999999999,1.860682,200
65,2014,2008,7,2,0.9337500000000001,1.8602500000000002,200
86,2014,2016,7,2,0.9333400000000001,1.860004,200
64,2011,2014,7,2,0.933175,1.859905,200
167,2014,2013,7,2,0.933145,1.859887,200
179,2014,2015,7,2,0.93302,1.859812,200
138,2014,2013,7,2,0.9329799999999999,1.859788,200
197,2014,2012,7,2,0.93295,1.8597700000000001,200
48,2014,2014,7,2,0.932895,1.859737,200
19,2014,2008,7,2,0.932865,1.8597190000000001,200
54,2014,2008,7,2,0.932655,1.859593,200
239,2014,2009,7,2,0.93248,1.859488,200
144,2014,2009,7,2,0.932185,1.859311,200
202,2014,2016,7,2,0.93198,1.859188,200
102,2014,2014,7,2,0.9319,1.85914,200
233,2014,2006,7,2,0.931505,1.8589030000000002,200
18,2014,2016,7,2,0.931405,1.858843,200
20,2014,2010,7,2,0.931365,1.858819,200
248,2014,2016,7,2,0.930855,1.8585129999999999,200
228,2011,2011,7,2,0.93077,1.858462,200
103,2014,2017,7,2,0.9307000000000001,1.8584200000000002,200
223,2014,2011,7,2,0.930355,1.8582130000000001,200
9,2014,2014,7,2,0.9298500000000001,1.85791,200
183,2014,2015,7,2,0.92935,1.85761,200
61,2014,2009,7,2,0.929265,1.8575590000000002,200
157,2011,2014,7,2,0.92882,1.8572920000000002,200
249,2014,2017,7,2,0.928545,1.857127,200
172,2011,2014,7,2,0.92851,1.857106,200
234,2011,2013,7,2,0.9284600000000001,1.8570760000000002,200
239,2014,2008,7,2,0.928335,1.857001,200
233,2014,2016,7,2,0.92816,1.8568959999999999,200
65,2014,2010,7,2,0.92799,1.856794,200
113,2014,2011,7,2,0.9276150000000001,1.856569,200
142,2014,2015,7,2,0.927225,1.856335,200
196,2014,2014,7,2,0.9270449999999999,1.856227,200
65,2014,2012,7,2,0.92691,1.856146,200
67,2011,2014,7,2,0.9265300000000001,1.855918,200
130,2014,2014,7,2,0.926285,1.855771,200
65,2014,2011,7,2,0.9262349999999999,1.855741,200
28,2014,2006,7,2,0.926195,1.855717,200
222,2014,2013,7,2,0.9259200000000001,1.855552,200
209,2007,2016,7,2,0.9253549999999999,1.855213,200
62,2011,2010,7,2,0.92526,1.855156,200
144,2014,2015,7,2,0.925055,1.8550330000000002,200
102,2014,2010,7,2,0.92427,1.854562,200
33,2014,2016,7,2,0.92404,1.8544239999999999,200
120,2011,2011,7,2,0.9239999999999999,1.8544,200
34,2014,2010,7,2,0.923735,1.854241,200
238,2014,2008,7,2,0.923165,1.8538990000000002,200
197,2014,2014,7,2,0.922975,1.853785,200
119,2014,2013,7,2,0.922375,1.853425,200
176,2014,2009,7,2,0.92195,1.85317,200
243,2011,2009,7,2,0.92135,1.85281,200
48,2014,2009,7,2,0.9212400000000001,1.852744,200
94,2014,2015,7,2,0.921095,1.852657,200
98,2011,2014,7,2,0.9208799999999999,1.852528,200
62,2014,2009,7,2,0.920795,1.852477,200
43,2014,2017,7,2,0.92069,1.852414,200
142,2011,2006,7,2,0.920585,1.852351,200
177,2014,2012,7,2,0.92057,1.8523420000000002,200
182,2014,2015,7,2,0.919675,1.8518050000000001,200
179,2014,2014,7,2,0.91938,1.851628,200
132,2014,2016,7,2,0.9192549999999999,1.851553,200
202,2014,2007,7,2,0.91824,1.8509440000000001,200
192,2014,2015,7,2,0.918045,1.850827,200
157,2014,2008,7,2,0.9172100000000001,1.850326,200
195,2014,2013,7,2,0.91684,1.850104,200
170,2014,2009,7,2,0.91672,1.8500320000000001,200
137,2014,2017,7,2,0.916585,1.849951,200
142,2014,2016,7,2,0.9145300000000001,1.848718,200
167,2014,2017,7,2,0.91428,1.848568,200
182,2014,2007,7,2,0.913295,1.847977,200
62,2014,2015,7,2,0.912785,1.847671,200
86,2014,2017,7,2,0.91248,1.847488,200
219,2014,2011,7,2,0.9122250000000001,1.8473350000000002,200
141,2014,2016,7,2,0.912085,1.847251,200
192,2014,2011,7,2,0.910065,1.846039,200
15,2014,2011,7,2,0.90879,1.8452739999999999,200
233,2014,2008,7,2,0.9087449999999999,1.845247,200
93,2014,2009,7,2,0.908215,1.844929,200
112,2014,2009,7,2,0.906945,1.8441670000000001,200
38,2014,2016,7,2,0.9068849999999999,1.844131,200
28,2014,2014,7,2,0.9067000000000001,1.84402,200
173,2014,2006,7,2,0.905535,1.843321,200
243,2011,2010,7,2,0.905505,1.8433030000000001,200
28,2014,2013,7,2,0.905295,1.8431769999999998,200
44,2011,2012,7,2,0.90503,1.843018,200
65,2014,2007,7,2,0.9046449999999999,1.842787,200
120,2014,2007,7,2,0.90463,1.842778,200
15,2014,2010,7,2,0.904345,1.842607,200
113,2012,2010,6,2,0.995275,1.7971650000000001,200
179,2012,2012,6,2,0.9941150000000001,1.796469,200
48,2012,2014,6,2,0.9929399999999999,1.7957640000000001,200
104,2012,2012,6,2,0.9915700000000001,1.7949420000000003,200
17,2012,2012,6,2,0.991535,1.7949210000000002,200
234,2012,2012,6,2,0.99048,1.7942880000000003,200
102,2012,2013,6,2,0.99036,1.794216,200
58,2012,2012,6,2,0.98882,1.793292,200
108,2012,2015,6,2,0.98601,1.7916060000000003,200
45,2014,2018,6,2,0.98448,1.7906880000000003,200
108,2014,2015,6,2,0.9832650000000001,1.789959,200
99,2012,2012,6,2,0.98297,1.7897820000000002,200
147,2014,2018,6,2,0.98229,1.789374,200
99,2006,2018,3,3,0.9804866666666667,1.788292,200
26,2012,2014,6,2,0.977965,1.7867790000000001,200
37,2014,2017,6,2,0.977465,1.7864790000000002,200
28,2012,2007,6,2,0.977285,1.7863710000000002,200
134,2012,2014,6,2,0.9768399999999999,1.7861040000000001,200
239,2014,2015,6,2,0.976615,1.7859690000000001,200
31,2012,2008,6,2,0.975875,1.7855250000000003,200
219,2014,2014,6,2,0.9752700000000001,1.7851620000000001,200
63,2014,2016,6,2,0.97302,1.7838120000000002,200
219,2012,2014,6,2,0.97166,1.7829960000000002,200
229,2012,2015,6,2,0.97158,1.7829480000000002,200
113,2012,2015,6,2,0.97158,1.7829480000000002,200
239,2012,2012,6,2,0.9711449999999999,1.7826870000000001,200
221,2012,2015,6,2,0.97089,1.782534,200
150,2014,2017,6,2,0.9707749999999999,1.7824650000000002,200
131,2012,2009,6,2,0.9705649999999999,1.7823390000000001,200
181,2012,2012,6,2,0.97018,1.782108,200
131,2012,2015,6,2,0.969775,1.7818650000000003,200
101,2014,2010,6,2,0.9693350000000001,1.7816010000000002,200
150,2014,2018,6,2,0.969325,1.7815950000000003,200
183,2014,2017,6,2,0.968805,1.7812830000000002,200
98,2012,2009,6,2,0.96866,1.781196,200
25,2014,2015,6,2,0.9685900000000001,1.7811540000000003,200
48,2014,2008,6,2,0.9683900000000001,1.7810340000000002,200
183,2012,2014,6,2,0.96833,1.7809980000000003,200
37,2014,2018,6,2,0.96827,1.7809620000000002,200
66,2012,2015,6,2,0.967975,1.7807850000000003,200
132,2014,2018,6,2,0.967605,1.7805630000000003,200
197,2012,2013,6,2,0.967415,1.7804490000000002,200
192,2014,2014,6,2,0.9672350000000001,1.7803410000000002,200
141,2014,2018,6,2,0.966615,1.7799690000000001,200
229,2014,2015,6,2,0.966505,1.779903,200
132,2012,2015,6,2,0.96639,1.7798340000000001,200
103,2012,2008,6,2,0.9662649999999999,1.779759,200
119,2012,2015,6,2,0.9657,1.77942,200
99,2014,2014,6,2,0.96566,1.7793960000000002,200
243,2014,2018,6,2,0.9655549999999999,1.7793330000000003,200
142,2014,2009,6,2,0.965435,1.7792610000000002,200
15,2012,2015,6,2,0.965325,1.779195,200
54,2014,2015,6,2,0.965125,1.7790750000000002,200
243,2014,2017,6,2,0.9650650000000001,1.779039,200
229,2012,2008,6,2,0.964915,1.7789490000000001,200
243,2014,2013,6,2,0.964865,1.7789190000000001,200
134,2012,2012,6,2,0.964805,1.7788830000000002,200
239,2014,2006,6,2,0.9647749999999999,1.7788650000000001,200
25,2014,2014,6,2,0.96441,1.7786460000000002,200
199,2014,2016,6,2,0.964375,1.7786250000000001,200
101,2014,2018,6,2,0.963335,1.7780010000000002,200
226,2012,2012,6,2,0.96333,1.7779980000000002,200
222,2014,2018,6,2,0.96326,1.777956,200
113,2014,2014,6,2,0.96208,1.7772480000000002,200
113,2014,2015,6,2,0.961865,1.7771190000000001,200
101,2012,2008,6,2,0.961615,1.7769690000000002,200
80,2014,2011,6,2,0.9611799999999999,1.7767080000000002,200
138,2014,2015,6,2,0.9610099999999999,1.7766060000000001,200
167,2014,2015,6,2,0.96097,1.776582,200
239,2014,2016,6,2,0.960925,1.776555,200
229,2014,2018,6,2,0.96054,1.7763240000000002,200
239,2012,2013,6,2,0.95993,1.7759580000000001,200
89,2014,2018,6,2,0.95974,1.7758440000000002,200
54,2014,2010,6,2,0.9594050000000001,1.775643,200
239,2014,2018,6,2,0.9591799999999999,1.775508,200
213,2012,2015,6,2,0.95894,1.7753640000000002,200
26,2012,2015,6,2,0.958915,1.7753490000000003,200
142,2014,2014,6,2,0.9588300000000001,1.7752980000000003,200
80,2012,2010,6,2,0.95882,1.7752920000000003,200
113,2012,2014,6,2,0.958515,1.775109,200
229,2012,2014,6,2,0.958515,1.775109,200
20,2012,2015,6,2,0.95841,1.7750460000000001,200
79,2014,2018,6,2,0.95801,1.7748060000000003,200
54,2014,2014,6,2,0.95768,1.7746080000000002,200
138,2014,2014,6,2,0.95767,1.7746020000000002,200
113,2012,2012,6,2,0.9575,1.7745000000000002,200
216,2012,2012,6,2,0.957445,1.774467,200
239,2014,2012,6,2,0.957395,1.7744370000000003,200
80,2014,2014,6,2,0.95724,1.7743440000000001,200
118,2014,2011,6,2,0.95709,1.774254,200
144,2014,2011,6,2,0.95696,1.7741760000000002,200
183,2014,2018,6,2,0.95669,1.7740140000000002,200
243,2014,2012,6,2,0.9565250000000001,1.7739150000000001,200
219,2012,2015,6,2,0.9564950000000001,1.7738970000000003,200
61,2014,2008,6,2,0.956475,1.7738850000000002,200
152,2012,2014,6,2,0.956465,1.7738790000000002,200
101,2014,2009,6,2,0.95641,1.7738460000000003,200
119,2014,2015,6,2,0.9563900000000001,1.7738340000000004,200
235,2012,2012,6,2,0.956295,1.7737770000000002,200
57,2012,2011,6,2,0.95617,1.7737020000000001,200
137,2014,2018,6,2,0.95544,1.7732640000000002,200
221,2012,2014,6,2,0.9554149999999999,1.773249,200
25,2014,2011,6,2,0.9553,1.7731800000000002,200
250,2014,2010,6,2,0.955295,1.773177,200
3,2014,2016,6,2,0.95523,1.7731380000000003,200
44,2012,2013,6,2,0.955055,1.7730330000000003,200
250,2014,2009,6,2,0.95502,1.773012,200
68,2014,2018,6,2,0.954875,1.7729250000000003,200
53,2014,2009,6,2,0.9546600000000001,1.772796,200
80,2014,2013,6,2,0.954375,1.7726250000000001,200
226,2012,2013,6,2,0.95424,1.7725440000000001,200
2,2014,2009,6,2,0.9537450000000001,1.7722470000000001,200
142,2014,2013,6,2,0.95374,1.7722440000000002,200
31,2014,2009,6,2,0.95361,1.7721660000000001,200
45,2012,2013,6,2,0.9536,1.7721600000000002,200
113,2012,2013,6,2,0.9536,1.7721600000000002,200
243,2012,2010,6,2,0.95336,1.7720160000000003,200
25,2014,2013,6,2,0.953145,1.7718870000000002,200
233,2014,2015,6,2,0.95299,1.7717940000000003,200
54,2012,2012,6,2,0.95275,1.7716500000000002,200
196,2014,2015,6,2,0.9520500000000001,1.77123,200
229,2014,2016,6,2,0.95183,1.7710980000000003,200
3,2012,2015,6,2,0.9517450000000001,1.7710470000000003,200
89,2014,2017,6,2,0.95154,1.7709240000000002,200
229,2014,2008,6,2,0.951485,1.7708910000000002,200
15,2014,2014,6,2,0.95106,1.770636,200
239,2008,2017,6,2,0.950995,1.7705970000000002,200
54,2014,2011,6,2,0.950665,1.7703990000000003,200
213,2014,2010,6,2,0.9505699999999999,1.770342,200
91,2014,2016,6,2,0.95051,1.7703060000000002,200
219,2014,2013,6,2,0.9502,1.7701200000000001,200
31,2012,2007,6,2,0.94995,1.7699700000000003,200
222,2014,2017,6,2,0.9497800000000001,1.7698680000000002,200
25,2014,2016,6,2,0.94965,1.7697900000000002,200
243,2014,2015,6,2,0.949615,1.7697690000000001,200
167,2014,2014,6,2,0.94931,1.769586,200
20,2014,2015,6,2,0.949235,1.7695410000000003,200
229,2014,2017,6,2,0.94919,1.769514,200
213,2014,2015,6,2,0.94872,1.7692320000000001,200
181,2014,2013,6,2,0.948675,1.7692050000000001,200
119,2014,2016,6,2,0.948645,1.769187,200
181,2014,2014,6,2,0.94864,1.769184,200
80,2014,2015,6,2,0.94845,1.7690700000000001,200
33,2014,2014,6,2,0.948335,1.7690010000000003,200
162,2014,2018,6,2,0.9480949999999999,1.7688570000000001,200
113,2014,2013,6,2,0.94792,1.768752,200
167,2014,2016,6,2,0.94762,1.7685720000000003,200
102,2014,2014,6,2,0.947155,1.7682930000000001,200
101,2012,2014,6,2,0.947085,1.7682510000000002,200
211,2012,2013,6,2,0.94698,1.7681880000000003,200
211,2014,2014,6,2,0.9467049999999999,1.7680230000000001,200
239,2014,2013,6,2,0.94669,1.7680140000000002,200
234,2012,2014,6,2,0.946455,1.7678730000000002,200
144,2014,2014,6,2,0.9462649999999999,1.767759,200
68,2014,2017,6,2,0.9461550000000001,1.7676930000000002,200
28,2014,2012,6,2,0.9454100000000001,1.767246,200
134,2012,2015,6,2,0.945355,1.7672130000000001,200
239,2012,2014,6,2,0.94514,1.767084,200
181,2014,2012,6,2,0.9448799999999999,1.766928,200
177,2014,2014,6,2,0.944835,1.7669010000000003,200
33,2012,2012,6,2,0.9448000000000001,1.7668800000000002,200
126,2008,2006,6,2,0.9445,1.7667000000000002,200
81,2012,2012,6,2,0.94414,1.7664840000000002,200
54,2014,2013,6,2,0.944115,1.7664690000000003,200
108,2014,2018,6,2,0.943945,1.7663670000000002,200
243,2014,2009,6,2,0.943855,1.7663130000000002,200
229,2014,2014,6,2,0.943065,1.7658390000000002,200
25,2014,2012,6,2,0.9425300000000001,1.7655180000000001,200
196,2014,2017,6,2,0.941675,1.7650050000000002,200
204,2014,2016,6,2,0.941665,1.764999,200
63,2014,2018,6,2,0.94155,1.76493,200
196,2014,2018,6,2,0.940645,1.7643870000000001,200
147,2014,2017,6,2,0.940585,1.764351,200
102,2014,2013,6,2,0.9396500000000001,1.7637900000000002,200
92,2014,2016,6,2,0.939615,1.7637690000000001,200
119,2014,2017,6,2,0.9394,1.76364,200
25,2014,2017,6,2,0.9385749999999999,1.7631450000000002,200
33,2014,2017,6,2,0.9385600000000001,1.7631360000000003,200
182,2012,2015,6,2,0.938035,1.7628210000000002,200
181,2014,2015,6,2,0.93799,1.7627940000000002,200
180,2014,2008,6,2,0.937975,1.762785,200
179,2014,2018,6,2,0.93797,1.762782,200
234,2012,2015,6,2,0.937805,1.762683,200
152,2014,2009,6,2,0.93757,1.7625420000000003,200
208,2008,2008,6,2,0.93705,1.7622300000000002,200
239,2012,2007,6,2,0.936505,1.7619030000000002,200
197,2014,2015,6,2,0.9364250000000001,1.7618550000000002,200
25,2014,2018,6,2,0.936075,1.7616450000000001,200
211,2014,2013,6,2,0.9357800000000001,1.7614680000000003,200
213,2014,2013,6,2,0.93565,1.76139,200
142,2014,2010,6,2,0.9355549999999999,1.761333,200
209,2014,2015,6,2,0.9353400000000001,1.7612040000000002,200
142,2014,2015,6,2,0.93526,1.7611560000000002,200
239,2012,2008,6,2,0.9352,1.76112,200
59,2014,2016,6,2,0.93498,1.7609880000000002,200
131,2014,2018,6,2,0.93485,1.76091,200
198,2014,2015,6,2,0.9346650000000001,1.7607990000000002,200
65,2014,2010,6,2,0.934405,1.7606430000000002,200
239,2012,2006,6,2,0.934135,1.7604810000000002,200
119,2014,2008,6,2,0.93397,1.7603820000000001,200
222,2014,2016,6,2,0.933805,1.7602830000000003,200
131,2014,2017,6,2,0.93343,1.7600580000000001,200
101,2012,2015,6,2,0.9332199999999999,1.759932,200
129,2014,2016,6,2,0.93318,1.7599080000000002,200
114,2014,2016,6,2,0.9330499999999999,1.75983,200
131,2014,2015,6,2,0.932805,1.759683,200
152,2014,2015,6,2,0.93266,1.7595960000000002,200
33,2014,2018,6,2,0.93259,1.759554,200
222,2014,2015,6,2,0.932415,1.759449,200
195,2014,2018,6,2,0.9324049999999999,1.759443,200
103,2012,2007,6,2,0.932295,1.7593770000000002,200
54,2014,2012,6,2,0.93152,1.758912,200
59,2014,2017,6,2,0.931335,1.758801,200
142,2014,2011,6,2,0.931125,1.7586750000000002,200
239,2014,2017,6,2,0.9309350000000001,1.7585610000000003,200
209,2012,2015,6,2,0.9306300000000001,1.7583780000000002,200
42,2014,2016,6,2,0.9304250000000001,1.7582550000000001,200
92,2014,2017,6,2,0.93023,1.7581380000000002,200
162,2014,2016,6,2,0.930045,1.7580270000000002,200
119,2014,2014,6,2,0.929905,1.757943,200
217,2014,2018,6,2,0.929685,1.7578110000000002,200
31,2014,2008,6,2,0.9296150000000001,1.7577690000000001,200
131,2014,2016,6,2,0.9290849999999999,1.757451,200
29,2012,2007,6,2,0.928965,1.7573790000000002,200
131,2012,2013,6,2,0.928725,1.757235,200
152,2014,2017,6,2,0.928545,1.757127,200
34,2012,2011,6,2,0.92835,1.7570100000000002,200
28,2014,2006,6,2,0.92805,1.7568300000000003,200
132,2014,2017,6,2,0.927535,1.7565210000000002,200
152,2014,2016,6,2,0.92689,1.7561340000000003,200
222,2014,2014,6,2,0.926535,1.7559210000000003,200
197,2014,2013,6,2,0.925675,1.755405,200
169,2012,2008,6,2,0.9253,1.7551800000000002,200
180,2014,2007,6,2,0.92473,1.7548380000000003,200
33,2014,2012,6,2,0.92453,1.754718,200
101,2012,2007,6,2,0.92394,1.7543640000000003,200
54,2014,2009,6,2,0.92391,1.7543460000000002,200
213,2014,2012,6,2,0.9238649999999999,1.7543190000000002,200
65,2014,2013,6,2,0.923585,1.7541510000000002,200
40,2012,2014,6,2,0.9233750000000001,1.7540250000000002,200
33,2014,2013,6,2,0.923345,1.754007,200
54,2014,2016,6,2,0.923245,1.7539470000000001,200
80,2012,2011,6,2,0.922615,1.7535690000000002,200
94,2014,2016,6,2,0.92257,1.7535420000000002,200
18,2014,2016,6,2,0.922015,1.753209,200
109,2008,2010,6,2,0.92184,1.753104,200
53,2014,2014,6,2,0.921745,1.753047,200
101,2014,2011,6,2,0.92144,1.7528640000000002,200
213,2014,2011,6,2,0.9214,1.7528400000000002,200
40,2012,2015,6,2,0.921375,1.752825,200
65,2014,2014,6,2,0.920855,1.752513,200
119,2014,2018,6,2,0.92084,1.752504,200
119,2014,2009,6,2,0.92078,1.7524680000000001,200
33,2012,2009,6,2,0.92048,1.752288,200
131,2012,2014,6,2,0.9203749999999999,1.7522250000000001,200
18,2014,2008,6,2,0.9198999999999999,1.7519400000000003,200
202,2014,2016,6,2,0.919775,1.751865,200
86,2014,2017,6,2,0.9197150000000001,1.7518290000000003,200
169,2012,2009,6,2,0.919635,1.7517810000000003,200
239,2014,2008,6,2,0.91963,1.7517780000000003,200
180,2014,2009,6,2,0.91961,1.7517660000000002,200
157,2014,2009,6,2,0.919205,1.7515230000000002,200
239,2014,2009,6,2,0.918965,1.751379,200
212,2012,2007,6,2,0.9184650000000001,1.7510790000000003,200
216,2014,2012,6,2,0.91727,1.7503620000000002,200
142,2014,2012,6,2,0.916885,1.750131,200
134,2012,2008,6,2,0.91639,1.7498340000000003,200
86,2014,2016,6,2,0.916,1.7496,200
233,2014,2016,6,2,0.91553,1.7493180000000002,200
62,2012,2011,6,2,0.915065,1.7490390000000002,200
243,2012,2011,6,2,0.9145099999999999,1.748706,200
212,2014,2015,6,2,0.91417,1.7485020000000002,200
65,2014,2009,6,2,0.9136299999999999,1.7481780000000002,200
45,2012,2014,6,2,0.912995,1.7477970000000003,200
226,2012,2014,6,2,0.912995,1.7477970000000003,200
238,2008,2007,6,2,0.9121600000000001,1.7472960000000002,200
172,2014,2018,6,2,0.91208,1.7472480000000001,200
222,2014,2013,6,2,0.911135,1.7466810000000002,200
29,2014,2009,6,2,0.91046,1.7462760000000002,200
33,2012,2011,6,2,0.91008,1.746048,200
29,2014,2017,6,2,0.9077949999999999,1.7446770000000003,200
216,2008,2015,6,2,0.9043950000000001,1.7426370000000002,200
162,2014,2017,6,2,0.9041699999999999,1.742502,200
153,2006,2006,5,2,0.9920100000000001,1.6952060000000002,200
219,2014,2013,5,2,0.985995,1.691597,200
53,2014,2009,5,2,0.97828,1.6869680000000002,200
98,2014,2009,5,2,0.97038,1.682228,200
131,2014,2019,5,2,0.9667399999999999,1.680044,200
108,2006,2009,5,2,0.964885,1.678931,200
65,2006,2016,5,2,0.961925,1.677155,200
48,2008,2012,5,2,0.956275,1.673765,200
180,2014,2010,5,2,0.9537899999999999,1.672274,200
208,2006,2006,5,2,0.948645,1.669187,200
52,2006,2008,5,2,0.946925,1.668155,200
243,2014,2015,5,2,0.946435,1.667861,200
159,2006,2006,5,2,0.9462349999999999,1.667741,200
2,2014,2009,5,2,0.9433100000000001,1.6659860000000002,200
73,2008,2011,5,2,0.942855,1.6657130000000002,200
36,2006,2006,5,2,0.9363600000000001,1.661816,200
29,2014,2019,5,2,0.9363349999999999,1.661801,200
42,2006,2018,5,2,0.9362900000000001,1.661774,200
236,2008,2013,5,2,0.935545,1.661327,200
249,2014,2019,5,2,0.9338,1.6602800000000002,200
126,2008,2006,5,2,0.931855,1.659113,200
31,2014,2010,5,2,0.9296249999999999,1.657775,200
204,2006,2018,5,2,0.926625,1.6559750000000002,200
81,2008,2006,5,2,0.9243049999999999,1.6545830000000001,200
249,2006,2019,5,2,0.923915,1.654349,200
103,2008,2018,5,2,0.913645,1.648187,200
52,2006,2007,5,2,0.91191,1.6471460000000002,200
84,2006,2007,5,2,0.9097999999999999,1.64588,200
91,2006,2006,4,2,0.992985,1.595791,200
165,2008,2007,4,2,0.974485,1.5846909999999998,200
26,2008,2008,4,2,0.97116,1.5826959999999999,200
103,2008,2007,4,2,0.963445,1.5780669999999999,200
208,2008,2012,4,2,0.961585,1.576951,200
3,2008,2014,4,2,0.960405,1.5762429999999998,200
250,2008,2020,4,2,0.9559500000000001,1.5735700000000001,200
209,2008,2017,4,2,0.955155,1.573093,200
98,2006,2015,4,2,0.951465,1.5708790000000001,200
28,2006,2009,4,2,0.951395,1.570837,200
9,2008,2020,4,2,0.950545,1.5703269999999998,200
156,2008,2020,4,2,0.9498800000000001,1.569928,200
119,2008,2011,4,2,0.948095,1.568857,200
68,2008,2012,4,2,0.947685,1.568611,200
238,2006,2016,4,2,0.94686,1.5681159999999998,200
169,2008,2008,4,2,0.9464049999999999,1.5678429999999999,200
22,2006,2018,4,2,0.946295,1.567777,200
64,2006,2006,4,2,0.946035,1.567621,200
104,2006,2016,4,2,0.9443250000000001,1.566595,200
68,2006,2014,4,2,0.944305,1.566583,200
107,2006,2009,4,2,0.943305,1.565983,200
58,2006,2011,4,2,0.941165,1.564699,200
242,2006,2010,4,2,0.940295,1.564177,200
29,2008,2007,4,2,0.93982,1.563892,200
122,2008,2012,4,2,0.9392,1.56352,200
234,2006,2014,4,2,0.93875,1.56325,200
144,2008,2008,4,2,0.929925,1.557955,200
179,2006,2013,4,2,0.929855,1.557913,200
221,2006,2014,4,2,0.9298299999999999,1.5578979999999998,200
33,2006,2014,4,2,0.926505,1.555903,200
109,2006,2016,4,2,0.926045,1.5556269999999999,200
208,2008,2007,4,2,0.92582,1.555492,200
29,2006,2016,4,2,0.92582,1.555492,200
157,2006,2018,4,2,0.92344,1.554064,200
210,2006,2020,4,2,0.921745,1.5530469999999998,200
31,2006,2020,4,2,0.92132,1.552792,200
235,2006,2020,4,2,0.918125,1.550875,200
205,2006,2007,4,2,0.91585,1.5495100000000002,200
48,2006,2020,4,2,0.9153249999999999,1.549195,200
180,2006,2014,4,2,0.9153199999999999,1.549192,200
63,2006,2016,4,2,0.9153199999999999,1.549192,200
239,2006,2011,4,2,0.913955,1.548373,200
235,2006,2019,4,2,0.913955,1.548373,200
66,2008,2017,4,2,0.913845,1.5483069999999999,200
13,2006,2020,4,2,0.9112849999999999,1.546771,200
140,2006,2010,4,2,0.9080349999999999,1.5448209999999998,200
219,2006,2016,4,2,0.90481,1.542886,200
124,2006,2017,3,2,1.0,1.5,200
56,2006,2007,3,2,1.0,1.5,200
28,2006,2007,3,2,1.0,1.5,200
89,2006,2009,3,2,1.0,1.5,200
152,2006,2007,3,2,1.0,1.5,200
236,2006,2021,3,2,1.0,1.5,200
169,2006,2010,3,2,1.0,1.5,200
249,2006,2010,3,2,1.0,1.5,200
63,2006,2008,3,2,1.0,1.5,200
173,2006,2007,3,2,1.0,1.5,200
234,2006,2019,3,2,1.0,1.5,200
234,2006,2009,3,2,1.0,1.5,200
238,2006,2007,3,2,1.0,1.5,200
6,2006,2015,3,2,1.0,1.5,200
228,2006,2008,3,2,1.0,1.5,200
108,2006,2008,3,2,1.0,1.5,200
101,2006,2007,3,2,1.0,1.5,200
35,2006,2007,3,2,1.0,1.5,200
205,2006,2007,3,2,1.0,1.5,200
62,2006,2011,3,2,1.0,1.5,200
26,2006,2007,3,2,1.0,1.5,200
20,2006,2008,3,2,1.0,1.5,200
204,2006,2007,3,2,1.0,1.5,200
198,2006,2008,3,2,1.0,1.5,200
239,2006,2007,3,2,1.0,1.5,200
169,2006,2008,3,2,1.0,1.5,200
31,2006,2007,3,2,1.0,1.5,200
208,2006,2008,3,2,1.0,1.5,200
91,2007,2013,3,2,0.99994,1.499964,200
250,2007,2006,3,2,0.999455,1.499673,200
25,2006,2017,3,2,0.998895,1.4993370000000001,200
223,2007,2008,3,2,0.99859,1.4991539999999999,200
133,2006,2019,3,2,0.99854,1.4991240000000001,200
121,2007,2014,3,2,0.9984299999999999,1.499058,200
94,2007,2021,3,2,0.99797,1.498782,200
158,2006,2018,3,2,0.997865,1.498719,200
243,2006,2017,3,2,0.997835,1.498701,200
242,2007,2014,3,2,0.99758,1.498548,200
249,2007,2007,3,2,0.9970950000000001,1.4982570000000002,200
102,2007,2019,3,2,0.9958199999999999,1.4974919999999998,200
94,2007,2014,3,2,0.99527,1.4971619999999999,200
113,2007,2007,3,2,0.9948699999999999,1.496922,200
158,2007,2009,3,2,0.9948699999999999,1.496922,200
78,2006,2021,3,2,0.993915,1.496349,200
107,2007,2006,3,2,0.993355,1.496013,200
58,2006,2018,3,2,0.99158,1.494948,200
68,2007,2015,3,2,0.991215,1.494729,200
52,2007,2007,3,2,0.99099,1.494594,200
158,2006,2013,3,2,0.99099,1.494594,200
3,2006,2009,3,2,0.99099,1.494594,200
156,2007,2006,3,2,0.98993,1.4939580000000001,200
248,2007,2014,3,2,0.988685,1.493211,200
179,2006,2019,3,2,0.98771,1.492626,200
13,2007,2008,3,2,0.9872749999999999,1.492365,200
62,2007,2009,3,2,0.98586,1.4915159999999998,200
213,2006,2014,3,2,0.985365,1.491219,200
156,2006,2018,3,2,0.985365,1.491219,200
183,2006,2021,3,2,0.985365,1.491219,200
33,2006,2021,3,2,0.985365,1.491219,200
123,2006,2013,3,2,0.985365,1.491219,200
10,2006,2021,3,2,0.985365,1.491219,200
162,2006,2018,3,2,0.985365,1.491219,200
50,2006,2014,3,2,0.985365,1.491219,200
176,2006,2007,3,2,0.985365,1.491219,200
29,2006,2009,3,2,0.985365,1.491219,200
130,2006,2013,3,2,0.985365,1.491219,200
216,2006,2018,3,2,0.985365,1.491219,200
144,2006,2009,3,2,0.985365,1.491219,200
20,2007,2021,3,2,0.98535,1.49121,200
66,2007,2006,3,2,0.98316,1.4898959999999999,200
50,2006,2018,3,2,0.981795,1.489077,200
215,2006,2018,3,2,0.9814499999999999,1.48887,200
112,2007,2011,3,2,0.9806349999999999,1.488381,200
239,2006,2016,3,2,0.9803850000000001,1.488231,200
66,2007,2012,3,2,0.980235,1.488141,200
129,2007,2009,3,2,0.97959,1.487754,200
242,2007,2018,3,2,0.97938,1.487628,200
31,2007,2015,3,2,0.9791650000000001,1.4874990000000001,200
59,2007,2012,3,2,0.97891,1.487346,200
91,2007,2020,3,2,0.978605,1.487163,200
114,2007,2006,3,2,0.977125,1.486275,200
170,2006,2011,3,2,0.976355,1.4858129999999998,200
56,2007,2012,3,2,0.97451,1.484706,200
150,2006,2006,3,2,0.974045,1.4844270000000002,200
227,2007,2011,3,2,0.972645,1.483587,200
250,2006,2021,3,2,0.9724550000000001,1.483473,200
26,2006,2014,3,2,0.9724550000000001,1.483473,200
103,2006,2008,3,2,0.9724550000000001,1.483473,200
170,2006,2009,3,2,0.9724550000000001,1.483473,200
157,2006,2018,3,2,0.9724550000000001,1.483473,200
82,2006,2011,3,2,0.9724550000000001,1.483473,200
92,2006,2013,3,2,0.9724550000000001,1.483473,200
174,2006,2008,3,2,0.9724550000000001,1.483473,200
112,2006,2006,3,2,0.9724550000000001,1.483473,200
48,2006,2009,3,2,0.9724550000000001,1.483473,200
29,2006,2007,3,2,0.9724550000000001,1.483473,200
217,2007,2013,3,2,0.9721850000000001,1.483311,200
148,2007,2009,3,2,0.972165,1.483299,200
36,2007,2008,3,2,0.9720949999999999,1.483257,200
13,2006,2020,3,2,0.971875,1.483125,200
235,2007,2019,3,2,0.9716750000000001,1.483005,200
54,2007,2020,3,2,0.97122,1.482732,200
159,2006,2020,3,2,0.97102,1.482612,200
44,2007,2007,3,2,0.9707950000000001,1.482477,200
153,2006,2013,3,2,0.97073,1.4824380000000001,200
165,2006,2018,3,2,0.97073,1.4824380000000001,200
94,2006,2017,3,2,0.97073,1.4824380000000001,200
42,2007,2015,3,2,0.9699949999999999,1.481997,200
59,2006,2017,3,2,0.96839,1.481034,200
82,2006,2017,3,2,0.9681500000000001,1.48089,200
79,2007,2006,3,2,0.968135,1.4808810000000001,200
86,2006,2019,3,2,0.967325,1.4803950000000001,200
133,2007,2021,3,2,0.966445,1.479867,200
108,2007,2010,3,2,0.96637,1.479822,200
23,2007,2007,3,2,0.96604,1.479624,200
50,2007,2016,3,2,0.9642850000000001,1.478571,200
29,2006,2008,3,2,0.9642850000000001,1.478571,200
227,2007,2007,3,2,0.9642850000000001,1.478571,200
69,2006,2017,3,2,0.9641,1.47846,200
39,2006,2019,3,2,0.963445,1.478067,200
92,2007,2009,3,2,0.9628099999999999,1.4776859999999998,200
228,2007,2016,3,2,0.9621,1.47726,200
44,2007,2019,3,2,0.961025,1.476615,200
121,2007,2020,3,2,0.96071,1.476426,200
149,2007,2007,3,2,0.9592499999999999,1.47555,200
1,2006,2016,3,2,0.9588300000000001,1.475298,200
134,2006,2007,3,2,0.9588300000000001,1.475298,200
172,2006,2008,3,2,0.9588300000000001,1.475298,200
140,2006,2018,3,2,0.9588300000000001,1.475298,200
229,2006,2007,3,2,0.9588300000000001,1.475298,200
102,2006,2016,3,2,0.9588300000000001,1.475298,200
81,2006,2010,3,2,0.9588300000000001,1.475298,200
84,2006,2016,3,2,0.9588300000000001,1.475298,200
26,2006,2009,3,2,0.9588300000000001,1.475298,200
57,2006,2007,3,2,0.9588300000000001,1.475298,200
119,2006,2016,3,2,0.9588300000000001,1.475298,200
103,2006,2016,3,2,0.9588300000000001,1.475298,200
74,2007,2007,3,2,0.95821,1.474926,200
36,2006,2019,3,2,0.95782,1.4746920000000001,200
42,2006,2021,3,2,0.95782,1.4746920000000001,200
223,2006,2021,3,2,0.95782,1.4746920000000001,200
232,2007,2011,3,2,0.95782,1.4746920000000001,200
112,2006,2010,3,2,0.95782,1.4746920000000001,200
119,2006,2021,3,2,0.95782,1.4746920000000001,200
82,2006,2021,3,2,0.95782,1.4746920000000001,200
145,2007,2015,3,2,0.95782,1.4746920000000001,200
159,2006,2011,3,2,0.95782,1.4746920000000001,200
242,2007,2017,3,2,0.957685,1.474611,200
209,2007,2013,3,2,0.95733,1.4743979999999999,200
198,2006,2019,3,2,0.955885,1.473531,200
249,2007,2011,3,2,0.9556450000000001,1.473387,200
217,2007,2011,3,2,0.9549300000000001,1.472958,200
112,2007,2015,3,2,0.954215,1.472529,200
84,2007,2013,3,2,0.953955,1.4723730000000002,200
42,2007,2007,3,2,0.95383,1.4722979999999999,200
212,2007,2014,3,2,0.9537,1.47222,200
43,2007,2007,3,2,0.95321,1.4719259999999998,200
58,2006,2013,3,2,0.952745,1.471647,200
81,2006,2020,3,2,0.952585,1.471551,200
147,2006,2018,3,2,0.952455,1.471473,200
86,2006,2007,3,2,0.952095,1.471257,200
229,2006,2008,3,2,0.952095,1.471257,200
227,2007,2010,3,2,0.95204,1.4712239999999999,200
248,2007,2011,3,2,0.9519299999999999,1.471158,200
129,2007,2021,3,2,0.95172,1.4710320000000001,200
68,2006,2009,3,2,0.94982,1.469892,200
177,2006,2013,3,2,0.94965,1.4697900000000002,200
31,2007,2017,3,2,0.948975,1.469385,200
10,2007,2014,3,2,0.94889,1.469334,200
107,2007,2008,3,2,0.94852,1.469112,200
174,2007,2008,3,2,0.94811,1.468866,200
1,2007,2008,3,2,0.94784,1.468704,200
158,2007,2006,3,2,0.9475800000000001,1.4685480000000002,200
206,2007,2007,3,2,0.947065,1.468239,200
195,2006,2009,3,2,0.94491,1.466946,200
39,2006,2009,3,2,0.94491,1.466946,200
17,2006,2009,3,2,0.94491,1.466946,200
148,2006,2010,3,2,0.94491,1.466946,200
134,2006,2015,3,2,0.94491,1.466946,200
34,2006,2016,3,2,0.944195,1.466517,200
120,2006,2010,3,2,0.944195,1.466517,200
172,2006,2009,3,2,0.944195,1.466517,200
48,2006,2016,3,2,0.943465,1.4660790000000001,200
158,2007,2008,3,2,0.94135,1.46481,200
69,2007,2019,3,2,0.9410700000000001,1.464642,200
121,2006,2020,3,2,0.940385,1.464231,200
122,2007,2014,3,2,0.940205,1.4641229999999998,200
15,2007,2007,3,2,0.93991,1.463946,200
92,2007,2008,3,2,0.93935,1.46361,200
212,2006,2016,3,2,0.939215,1.4635289999999999,200
174,2006,2009,3,2,0.939215,1.4635289999999999,200
50,2007,2008,3,2,0.93842,1.463052,200
104,2007,2010,3,2,0.9371,1.4622600000000001,200
120,2007,2008,3,2,0.9328000000000001,1.45968,200
113,2006,2009,3,2,0.931285,1.458771,200
228,2006,2009,3,2,0.931285,1.458771,200
126,2006,2009,3,2,0.931285,1.458771,200
181,2006,2014,3,2,0.931285,1.458771,200
65,2006,2010,3,2,0.931285,1.458771,200
183,2006,2013,3,2,0.931285,1.458771,200
100,2006,2009,3,2,0.931285,1.458771,200
137,2006,2021,3,2,0.92857,1.4571420000000002,200
39,2007,2018,3,2,0.9284399999999999,1.457064,200
1,2006,2019,3,2,0.9269700000000001,1.456182,200
43,2006,2016,3,2,0.9238850000000001,1.454331,200
99,2006,2011,3,2,0.923115,1.453869,200
98,2006,2009,3,2,0.91766,1.450596,200
31,2006,2009,3,2,0.91766,1.450596,200
56,2006,2016,3,2,0.91766,1.450596,200
96,2006,2016,3,2,0.91766,1.450596,200
134,2006,2016,3,2,0.91766,1.450596,200
233,2006,2016,3,2,0.91766,1.450596,200
54,2006,2016,3,2,0.91766,1.450596,200
213,2006,2016,3,2,0.91766,1.450596,200
61,2006,2016,3,2,0.91766,1.450596,200
217,2006,2009,3,2,0.91766,1.450596,200
208,2006,2009,3,2,0.91766,1.450596,200
65,2006,2016,3,2,0.91766,1.450596,200
20,2007,2020,3,2,0.917145,1.4502869999999999,200
211,2006,2016,3,2,0.9159349999999999,1.449561,200
