country_b_id_fk,start_year_a_fk,start_year_b_fk,pattern_length_fk,indexes,avg_corr,orgs,Power,Sectors,event_correlation_score,country_a_id_fk
177,1990,1990,32,6,0.9610282142857143,1,5.576616928571428,"['Trade Sector', 'Unknown']",0,216
153,1990,1990,32,6,0.9479581578947368,1,5.568774894736842,"['Trade Sector', 'Unknown']",0,216
74,1990,1990,32,6,0.9449143243243243,1,5.566948594594595,"['Trade Sector', 'Unknown']",0,216
21,1990,1990,32,6,0.9410856756756756,1,5.564651405405406,"['Trade Sector', 'Unknown']",0,216
177,1990,1990,31,6,0.961595,1,5.4769570000000005,"['Trade Sector', 'Unknown']",0,216
236,1990,1990,31,6,0.959804054054054,1,5.4758824324324324,"['Trade Sector', 'Unknown']",0,216
14,1990,1990,31,6,0.9581438888888889,1,5.474886333333334,"['Trade Sector', 'Unknown']",0,216
74,1990,1990,31,6,0.9468932432432432,1,5.468135945945946,"['Trade Sector', 'Unknown']",0,216
153,1990,1990,31,6,0.9452915789473684,1,5.467174947368421,"['Trade Sector', 'Unknown']",0,216
21,1990,1990,31,6,0.9411837837837838,1,5.46471027027027,"['Trade Sector', 'Unknown']",0,216
74,1990,1990,27,7,0.9455869565217391,1,5.367352173913044,"['Trade Sector', 'Unknown']",0,216
206,1997,1997,14,11,0.9870525,1,5.2922315,"['Investments Sector', 'Trade Sector']",0,216
13,1990,1990,32,5,0.9680197222222221,1,5.280811833333333,"['Trade Sector', 'Unknown']",0,216
14,1990,1990,32,5,0.9615811538461538,1,5.276948692307693,"['Trade Sector', 'Unknown']",0,216
177,1990,1990,29,6,0.9608314285714286,1,5.276498857142857,"['Trade Sector', 'Unknown']",0,216
236,1990,1990,32,5,0.9601451851851851,1,5.276087111111111,"['Trade Sector', 'Unknown']",0,216
236,1990,1990,29,6,0.9539524324324323,1,5.2723714594594595,"['Trade Sector', 'Unknown']",0,216
14,1990,1990,29,6,0.9515172222222223,1,5.270910333333333,"['Trade Sector', 'Unknown']",0,216
235,1990,1990,32,5,0.9493933333333333,1,5.269636,"['Trade Sector', 'Unknown']",0,216
74,1990,1990,29,6,0.9471389189189189,1,5.268283351351352,"['Trade Sector', 'Unknown']",0,216
110,1990,1990,32,5,0.9431986111111113,1,5.2659191666666665,"['Trade Sector', 'Unknown']",0,216
21,1990,1990,29,6,0.9389013513513514,1,5.263340810810811,"['Trade Sector', 'Unknown']",0,216
13,1990,1990,31,5,0.9666758333333334,1,5.1800055,"['Trade Sector', 'Unknown']",0,216
177,1990,1990,28,6,0.96394,1,5.178363999999999,"['Trade Sector', 'Unknown']",0,216
177,1990,1991,31,5,0.9635848148148148,1,5.178150888888888,"['Trade Sector', 'Unknown']",0,216
74,1990,1990,28,6,0.9588437142857144,1,5.175306228571428,"['Trade Sector', 'Unknown']",0,216
81,1990,1990,31,5,0.9540700000000001,1,5.172441999999999,"['Trade Sector', 'Unknown']",0,216
13,1990,1991,31,5,0.952555,1,5.171532999999999,"['Trade Sector', 'Unknown']",0,216
14,1990,1991,31,5,0.948923142857143,1,5.169353885714285,"['Trade Sector', 'Unknown']",0,216
235,1990,1990,31,5,0.9488274999999999,1,5.1692965,"['Trade Sector', 'Unknown']",0,216
74,1990,1991,31,5,0.9410066666666668,1,5.164604,"['Trade Sector', 'Unknown']",0,216
21,1990,1991,31,5,0.9397444444444444,1,5.163846666666666,"['Trade Sector', 'Unknown']",0,216
235,1990,1991,31,5,0.9363513888888888,1,5.161810833333333,"['Trade Sector', 'Unknown']",0,216
177,1990,1990,30,5,0.9696905882352941,1,5.081814352941176,"['Trade Sector', 'Unknown']",0,216
177,1990,1990,27,6,0.9627335714285714,1,5.077640142857143,"['Trade Sector', 'Unknown']",0,216
236,1990,1990,30,5,0.9554296296296297,1,5.073257777777778,"['Trade Sector', 'Unknown']",0,216
14,1990,1990,30,5,0.9486688461538463,1,5.069201307692308,"['Trade Sector', 'Unknown']",0,216
21,1990,1990,30,5,0.9483674074074074,1,5.069020444444444,"['Trade Sector', 'Unknown']",0,216
236,1990,1990,27,6,0.947872972972973,1,5.068723783783784,"['Trade Sector', 'Unknown']",0,216
14,1990,1990,27,6,0.9468477777777777,1,5.068108666666666,"['Trade Sector', 'Unknown']",0,216
74,1990,1990,30,5,0.9465496296296296,1,5.067929777777778,"['Trade Sector', 'Unknown']",0,216
21,1990,1990,27,6,0.9374191891891893,1,5.062451513513514,"['Trade Sector', 'Unknown']",0,216
206,1997,1997,11,11,0.9846291666666667,1,4.9907775,"['Investments Sector', 'Trade Sector']",0,216
81,1990,1990,32,4,0.9750167999999999,1,4.98501008,"['Trade Sector', 'Unknown']",0,216
215,1990,1990,32,4,0.9742144,1,4.984528640000001,"['Trade Sector', 'Unknown']",0,216
81,1990,1990,29,5,0.969388888888889,1,4.981633333333334,"['Trade Sector', 'Unknown']",0,216
58,1990,1990,32,4,0.9682683999999999,1,4.98096104,"['Trade Sector', 'Unknown']",0,216
106,1990,1990,32,4,0.9660176,1,4.97961056,"['Trade Sector', 'Unknown']",0,216
44,1990,1990,32,4,0.9649692307692308,1,4.978981538461539,"['Trade Sector', 'Unknown']",0,216
177,1990,1991,32,4,0.9648311538461539,1,4.978898692307693,"['Trade Sector', 'Unknown']",0,216
153,1990,1990,29,5,0.964607037037037,1,4.978764222222223,"['Trade Sector', 'Unknown']",0,216
153,1990,1991,32,4,0.9638499999999999,1,4.9783100000000005,"['Trade Sector', 'Unknown']",0,216
177,1990,1991,29,5,0.961702962962963,1,4.977021777777778,"['Trade Sector', 'Unknown']",0,216
177,1990,1990,26,6,0.9616714285714286,1,4.977002857142858,"['Trade Sector', 'Unknown']",0,216
13,1990,1990,29,5,0.9605950000000001,1,4.976357,"['Trade Sector', 'Unknown']",0,216
44,1990,1991,32,4,0.96011,1,4.976066,"['Trade Sector', 'Unknown']",0,216
98,1990,1991,29,5,0.9595517647058824,1,4.97573105882353,"['Trade Sector', 'Unknown']",0,216
74,1990,1990,26,6,0.9575728571428572,1,4.974543714285715,"['Trade Sector', 'Unknown']",0,216
106,1990,1993,29,5,0.9555138461538462,1,4.973308307692308,"['Trade Sector', 'Unknown']",0,216
13,1990,1991,32,4,0.9523903846153845,1,4.971434230769231,"['Trade Sector', 'Unknown']",0,216
73,1990,1990,32,4,0.950308,1,4.9701848,"['Trade Sector', 'Unknown']",0,216
98,1990,1994,26,6,0.9495611428571428,1,4.969736685714286,"['Trade Sector', 'Unknown']",0,216
57,1990,1990,32,4,0.9458704,1,4.96752224,"['Trade Sector', 'Unknown']",0,216
13,1990,1991,29,5,0.9451291666666667,1,4.9670775,"['Trade Sector', 'Unknown']",0,216
14,1990,1990,26,6,0.9450069444444443,1,4.967004166666667,"['Trade Sector', 'Unknown']",0,216
14,1990,1991,29,5,0.9439948571428571,1,4.966396914285714,"['Trade Sector', 'Unknown']",0,216
235,1990,1990,29,5,0.9433825,1,4.9660295,"['Trade Sector', 'Unknown']",0,216
153,1990,1993,29,5,0.940575925925926,1,4.964345555555556,"['Trade Sector', 'Unknown']",0,216
235,1990,1991,32,4,0.9379511538461538,1,4.962770692307693,"['Trade Sector', 'Unknown']",0,216
74,1990,1991,32,4,0.9378265384615385,1,4.962695923076923,"['Trade Sector', 'Unknown']",0,216
203,1990,1995,26,6,0.9254942857142857,1,4.955296571428572,"['Trade Sector', 'Unknown']",0,216
84,1990,1990,32,4,0.9100314285714285,1,4.946018857142858,"['Trade Sector', 'Unknown']",0,216
206,1997,1997,13,10,0.999469,1,4.8996813999999995,['Investments Sector'],0,216
81,1990,1991,31,4,0.975458,1,4.8852747999999995,"['Trade Sector', 'Unknown']",0,216
215,1990,1990,31,4,0.973382,1,4.8840292,"['Trade Sector', 'Unknown']",0,216
81,1990,1990,28,5,0.9703903703703703,1,4.882234222222223,"['Trade Sector', 'Unknown']",0,216
98,1990,1991,31,4,0.9703358333333334,1,4.8822015,"['Trade Sector', 'Unknown']",0,216
215,1990,1991,31,4,0.9691647999999999,1,4.88149888,"['Trade Sector', 'Unknown']",0,216
236,1990,1990,28,5,0.9684961538461538,1,4.8810976923076925,"['Trade Sector', 'Unknown']",0,216
106,1990,1990,31,4,0.9668492,1,4.8801095199999995,"['Trade Sector', 'Unknown']",0,216
58,1990,1990,31,4,0.966126,1,4.8796756,"['Trade Sector', 'Unknown']",0,216
44,1990,1990,31,4,0.9642507692307691,1,4.878550461538461,"['Trade Sector', 'Unknown']",0,216
153,1990,1990,28,5,0.9639081481481482,1,4.87834488888889,"['Trade Sector', 'Unknown']",0,216
177,1990,1992,31,4,0.9627338461538462,1,4.877640307692308,"['Trade Sector', 'Unknown']",0,216
177,1990,1991,28,5,0.9622585185185186,1,4.877355111111112,"['Trade Sector', 'Unknown']",0,216
44,1990,1991,31,4,0.9613003846153846,1,4.8767802307692305,"['Trade Sector', 'Unknown']",0,216
106,1990,1991,31,4,0.9609656,1,4.87657936,"['Trade Sector', 'Unknown']",0,216
110,1990,1990,31,4,0.9601588,1,4.8760952799999995,"['Trade Sector', 'Unknown']",0,216
153,1990,1991,31,4,0.9581568,1,4.87489408,"['Trade Sector', 'Unknown']",0,216
106,1990,1993,28,5,0.9571019230769231,1,4.874261153846154,"['Trade Sector', 'Unknown']",0,216
98,1990,1991,28,5,0.9569617647058825,1,4.8741770588235305,"['Trade Sector', 'Unknown']",0,216
110,1990,1991,31,4,0.9566711999999999,1,4.87400272,"['Trade Sector', 'Unknown']",0,216
203,1990,1990,31,4,0.9560641666666667,1,4.8736385,"['Trade Sector', 'Unknown']",0,216
98,1990,1992,28,5,0.9552458823529413,1,4.873147529411765,"['Trade Sector', 'Unknown']",0,216
74,1990,1990,25,6,0.9544868571428572,1,4.872692114285714,"['Trade Sector', 'Unknown']",0,216
14,1990,1990,28,5,0.9540576000000001,1,4.87243456,"['Trade Sector', 'Unknown']",0,216
98,1990,1994,28,5,0.9531532,1,4.87189192,"['Trade Sector', 'Unknown']",0,216
40,1990,1990,31,4,0.9531145833333333,1,4.87186875,"['Trade Sector', 'Unknown']",0,216
21,1990,1990,28,5,0.9529711538461539,1,4.8717826923076935,"['Trade Sector', 'Unknown']",0,216
58,1990,1991,31,4,0.9522848,1,4.87137088,"['Trade Sector', 'Unknown']",0,216
73,1990,1990,31,4,0.9519096,1,4.87114576,"['Trade Sector', 'Unknown']",0,216
98,1990,1995,25,6,0.95085,1,4.8705099999999995,"['Trade Sector', 'Unknown']",0,216
177,1990,1990,25,6,0.9503448648648648,1,4.870206918918918,"['Trade Sector', 'Unknown']",0,216
236,1990,1991,31,4,0.9487665384615384,1,4.869259923076923,"['Trade Sector', 'Unknown']",0,216
98,1990,1994,25,6,0.9465057142857142,1,4.867903428571428,"['Trade Sector', 'Unknown']",0,216
57,1990,1990,31,4,0.9425744,1,4.8655446399999995,"['Trade Sector', 'Unknown']",0,216
73,1990,1991,31,4,0.9408715999999999,1,4.8645229599999995,"['Trade Sector', 'Unknown']",0,216
165,1990,1990,31,4,0.9393725714285713,1,4.863623542857143,"['Trade Sector', 'Unknown']",0,216
210,1990,1990,31,4,0.9393112499999999,1,4.86358675,"['Trade Sector', 'Unknown']",0,216
176,1990,1990,31,4,0.9369468000000001,1,4.86216808,"['Trade Sector', 'Unknown']",0,216
57,1990,1991,31,4,0.9363928,1,4.8618356799999995,"['Trade Sector', 'Unknown']",0,216
84,1990,1990,31,4,0.9124992857142856,1,4.847499571428571,"['Trade Sector', 'Unknown']",0,216
206,1997,1997,12,10,0.9994540000000001,1,4.7996724,['Investments Sector'],0,216
153,1990,1990,30,4,0.9741417647058824,1,4.784485058823529,"['Trade Sector', 'Unknown']",0,216
177,1990,1991,30,4,0.972143125,1,4.783285875,"['Trade Sector', 'Unknown']",0,216
81,1990,1990,27,5,0.9693703703703703,1,4.781622222222222,"['Trade Sector', 'Unknown']",0,216
153,1990,1993,30,4,0.9639641176470588,1,4.778378470588235,"['Trade Sector', 'Unknown']",0,216
13,1990,1990,30,4,0.9634915384615385,1,4.778094923076923,"['Trade Sector', 'Unknown']",0,216
177,1990,1991,27,5,0.9630948148148148,1,4.7778568888888895,"['Trade Sector', 'Unknown']",0,216
106,1990,1993,27,5,0.9624338461538462,1,4.777460307692308,"['Trade Sector', 'Unknown']",0,216
57,1990,1994,27,5,0.9610692307692308,1,4.776641538461538,"['Trade Sector', 'Unknown']",0,216
74,1990,1991,27,5,0.95766,1,4.774596,"['Trade Sector', 'Unknown']",0,216
13,1990,1991,30,4,0.9545699999999999,1,4.772742,"['Trade Sector', 'Unknown']",0,216
13,1990,1990,27,5,0.9541519444444445,1,4.772491166666667,"['Trade Sector', 'Unknown']",0,216
98,1990,1993,27,5,0.9538994117647059,1,4.772339647058824,"['Trade Sector', 'Unknown']",0,216
98,1990,1991,27,5,0.95368,1,4.772208,"['Trade Sector', 'Unknown']",0,216
126,1990,1995,27,5,0.9533960606060606,1,4.7720376363636365,"['Trade Sector', 'Unknown']",0,216
98,1990,1995,27,5,0.9520824,1,4.77124944,"['Trade Sector', 'Unknown']",0,216
98,1990,1992,27,5,0.9517394117647058,1,4.771043647058824,"['Trade Sector', 'Unknown']",0,216
98,1990,1994,27,5,0.9498363999999999,1,4.76990184,"['Trade Sector', 'Unknown']",0,216
13,1990,1992,30,4,0.9486165384615385,1,4.769169923076923,"['Trade Sector', 'Unknown']",0,216
236,1990,1991,30,4,0.9482696153846154,1,4.76896176923077,"['Trade Sector', 'Unknown']",0,216
21,1990,1991,30,4,0.9430661538461538,1,4.765839692307693,"['Trade Sector', 'Unknown']",0,216
235,1990,1990,30,4,0.942481923076923,1,4.765489153846154,"['Trade Sector', 'Unknown']",0,216
235,1990,1990,27,5,0.9415772222222222,1,4.7649463333333335,"['Trade Sector', 'Unknown']",0,216
14,1990,1991,30,4,0.9395167999999999,1,4.76371008,"['Trade Sector', 'Unknown']",0,216
14,1990,1991,27,5,0.9378462857142859,1,4.7627077714285715,"['Trade Sector', 'Unknown']",0,216
203,1990,1995,27,5,0.9361644,1,4.7616986400000005,"['Trade Sector', 'Unknown']",0,216
235,1990,1995,27,5,0.9307875,1,4.7584725,"['Trade Sector', 'Unknown']",0,216
81,1990,1991,32,3,0.9818013333333333,1,4.689080799999999,"['Trade Sector', 'Unknown']",0,216
98,1990,1991,32,3,0.9783214285714286,1,4.686992857142856,"['Trade Sector', 'Unknown']",0,216
215,1990,1991,32,3,0.9775539999999999,1,4.6865324,"['Trade Sector', 'Unknown']",0,216
127,1990,1990,32,3,0.9761700000000001,1,4.685702,"['Trade Sector', 'Unknown']",0,216
156,1990,1990,32,3,0.976044,1,4.685626399999999,"['Trade Sector', 'Unknown']",0,216
176,1990,1993,29,4,0.9758849999999999,1,4.685531,"['Trade Sector', 'Unknown']",0,216
156,1990,1991,32,3,0.9756773333333333,1,4.6854064,"['Trade Sector', 'Unknown']",0,216
236,1990,1991,29,4,0.9756644,1,4.685398640000001,"['Trade Sector', 'Unknown']",0,216
200,1990,1990,32,3,0.9754166666666667,1,4.68525,['Trade Sector'],0,216
236,1990,1992,29,4,0.9740436,1,4.684426160000001,"['Trade Sector', 'Unknown']",0,216
81,1990,1991,29,4,0.9737699999999999,1,4.684262,"['Trade Sector', 'Unknown']",0,216
110,1990,1991,32,3,0.9735193333333334,1,4.6841116,"['Trade Sector', 'Unknown']",0,216
81,1990,1992,29,4,0.9731988,1,4.6839192800000005,"['Trade Sector', 'Unknown']",0,216
215,1990,1990,29,4,0.9727316,1,4.683638960000001,"['Trade Sector', 'Unknown']",0,216
57,1990,1993,29,4,0.9725133333333332,1,4.683508000000001,"['Trade Sector', 'Unknown']",0,216
81,1990,1993,29,4,0.9702415999999999,1,4.6821449600000005,"['Trade Sector', 'Unknown']",0,216
106,1990,1990,29,4,0.9701591999999999,1,4.682095520000001,"['Trade Sector', 'Unknown']",0,216
215,1990,1991,29,4,0.9698892000000001,1,4.68193352,"['Trade Sector', 'Unknown']",0,216
58,1990,1991,32,3,0.969464,1,4.681678399999999,"['Trade Sector', 'Unknown']",0,216
21,1990,1991,32,3,0.9689599999999999,1,4.681375999999999,"['Trade Sector', 'Unknown']",0,216
81,1990,1990,26,5,0.9687177777777778,1,4.681230666666666,"['Trade Sector', 'Unknown']",0,216
200,1990,1991,32,3,0.9674466666666666,1,4.680467999999999,['Trade Sector'],0,216
106,1990,1991,29,4,0.9667356000000001,1,4.680041360000001,"['Trade Sector', 'Unknown']",0,216
106,1990,1992,29,4,0.9661584000000001,1,4.67969504,"['Trade Sector', 'Unknown']",0,216
153,1990,1994,29,4,0.9657452941176471,1,4.679447176470589,"['Trade Sector', 'Unknown']",0,216
98,1990,1994,29,4,0.965124,1,4.6790744,"['Trade Sector', 'Unknown']",0,216
236,1990,1990,26,5,0.9647619230769231,1,4.678857153846153,"['Trade Sector', 'Unknown']",0,216
177,1990,1993,29,4,0.964491923076923,1,4.678695153846155,"['Trade Sector', 'Unknown']",0,216
110,1990,1993,29,4,0.9644176,1,4.67865056,"['Trade Sector', 'Unknown']",0,216
44,1990,1990,29,4,0.9636288461538461,1,4.678177307692308,"['Trade Sector', 'Unknown']",0,216
58,1990,1990,29,4,0.9634431999999999,1,4.678065920000001,"['Trade Sector', 'Unknown']",0,216
106,1990,1993,26,5,0.9632038461538461,1,4.677922307692308,"['Trade Sector', 'Unknown']",0,216
203,1990,1990,32,3,0.962957142857143,1,4.677774285714285,"['Trade Sector', 'Unknown']",0,216
177,1990,1992,29,4,0.9619461538461539,1,4.677167692307693,"['Trade Sector', 'Unknown']",0,216
228,1990,1990,32,3,0.9619253333333333,1,4.6771552,"['Trade Sector', 'Unknown']",0,216
98,1990,1992,29,4,0.9618441666666667,1,4.677106500000001,"['Trade Sector', 'Unknown']",0,216
106,1990,1991,32,3,0.9614766666666666,1,4.676886,"['Trade Sector', 'Unknown']",0,216
57,1990,1994,26,5,0.9613907692307693,1,4.676834461538461,"['Trade Sector', 'Unknown']",0,216
74,1990,1991,29,4,0.9613512,1,4.676810720000001,"['Trade Sector', 'Unknown']",0,216
153,1990,1991,29,4,0.9609211999999999,1,4.67655272,"['Trade Sector', 'Unknown']",0,216
110,1990,1992,29,4,0.9601612,1,4.67609672,"['Trade Sector', 'Unknown']",0,216
21,1990,1992,29,4,0.9589795999999999,1,4.6753877600000004,"['Trade Sector', 'Unknown']",0,216
44,1990,1991,29,4,0.9589757692307692,1,4.675385461538462,"['Trade Sector', 'Unknown']",0,216
140,1990,1990,32,3,0.958807142857143,1,4.675284285714286,"['Trade Sector', 'Unknown']",0,216
98,1990,1993,29,4,0.9587150000000001,1,4.675229000000001,"['Trade Sector', 'Unknown']",0,216
215,1990,1992,29,4,0.9585144,1,4.67510864,"['Trade Sector', 'Unknown']",0,216
110,1990,1990,29,4,0.9580031999999999,1,4.67480192,"['Trade Sector', 'Unknown']",0,216
215,1990,1993,29,4,0.95761,1,4.674566,"['Trade Sector', 'Unknown']",0,216
228,1990,1991,32,3,0.957504,1,4.6745024,"['Trade Sector', 'Unknown']",0,216
74,1990,1991,26,5,0.9570623529411765,1,4.674237411764706,"['Trade Sector', 'Unknown']",0,216
13,1990,1992,29,4,0.9556136,1,4.673368160000001,"['Trade Sector', 'Unknown']",0,216
176,1990,1990,32,3,0.9555671428571427,1,4.673340285714286,"['Trade Sector', 'Unknown']",0,216
21,1990,1991,29,4,0.955548,1,4.6733288,"['Trade Sector', 'Unknown']",0,216
110,1990,1991,29,4,0.954694,1,4.6728164,"['Trade Sector', 'Unknown']",0,216
165,1990,1990,32,3,0.9542195833333333,1,4.672531749999999,"['Trade Sector', 'Unknown']",0,216
48,1990,1990,32,3,0.9541042857142857,1,4.6724625714285715,"['Trade Sector', 'Unknown']",0,216
74,1990,1992,26,5,0.953869705882353,1,4.672321823529411,"['Trade Sector', 'Unknown']",0,216
203,1990,1990,29,4,0.9527441666666667,1,4.6716465000000005,"['Trade Sector', 'Unknown']",0,216
73,1990,1990,29,4,0.95245,1,4.67147,"['Trade Sector', 'Unknown']",0,216
120,1990,1996,26,5,0.9520024242424243,1,4.6712014545454545,"['Trade Sector', 'Unknown']",0,216
21,1990,1993,29,4,0.9518692,1,4.671121520000001,"['Trade Sector', 'Unknown']",0,216
14,1990,1991,32,3,0.9517166666666665,1,4.67103,"['Trade Sector', 'Unknown']",0,216
177,1990,1994,29,4,0.9516196153846154,1,4.6709717692307695,"['Trade Sector', 'Unknown']",0,216
74,1990,1992,29,4,0.951464,1,4.6708784,"['Trade Sector', 'Unknown']",0,216
21,1990,1990,26,5,0.9507584615384614,1,4.670455076923076,"['Trade Sector', 'Unknown']",0,216
126,1990,1995,26,5,0.9501436363636363,1,4.670086181818181,"['Trade Sector', 'Unknown']",0,216
98,1990,1993,26,5,0.9500117647058822,1,4.670007058823529,"['Trade Sector', 'Unknown']",0,216
40,1990,1990,29,4,0.9498808333333334,1,4.669928500000001,"['Trade Sector', 'Unknown']",0,216
98,1990,1991,26,5,0.949869411764706,1,4.669921647058823,"['Trade Sector', 'Unknown']",0,216
13,1990,1990,26,5,0.9492774999999999,1,4.669566499999999,"['Trade Sector', 'Unknown']",0,216
98,1990,1995,26,5,0.9492484,1,4.66954904,"['Trade Sector', 'Unknown']",0,216
98,1990,1992,26,5,0.9477011764705883,1,4.668620705882352,"['Trade Sector', 'Unknown']",0,216
14,1990,1992,29,4,0.9476508333333333,1,4.6685905000000005,"['Trade Sector', 'Unknown']",0,216
235,1990,1991,29,4,0.9475408000000001,1,4.66852448,"['Trade Sector', 'Unknown']",0,216
58,1990,1991,29,4,0.9468752,1,4.668125120000001,"['Trade Sector', 'Unknown']",0,216
126,1990,1996,26,5,0.9467930303030303,1,4.668075818181817,"['Trade Sector', 'Unknown']",0,216
73,1990,1991,32,3,0.944824,1,4.666894399999999,"['Trade Sector', 'Unknown']",0,216
176,1990,1990,29,4,0.9438096,1,4.666285760000001,"['Trade Sector', 'Unknown']",0,216
107,1990,1990,32,3,0.9420228571428572,1,4.665213714285714,"['Trade Sector', 'Unknown']",0,216
210,1990,1990,32,3,0.9414578260869565,1,4.664874695652173,"['Trade Sector', 'Unknown']",0,216
235,1990,1990,26,5,0.940801388888889,1,4.664480833333333,"['Trade Sector', 'Unknown']",0,216
57,1990,1991,32,3,0.9406693333333334,1,4.6644016,"['Trade Sector', 'Unknown']",0,216
14,1990,1993,29,4,0.9403591666666666,1,4.664215500000001,"['Trade Sector', 'Unknown']",0,216
177,1990,1990,23,6,0.9401639285714286,1,4.664098357142857,"['Trade Sector', 'Unknown']",0,216
235,1990,1992,29,4,0.9399996,1,4.66399976,"['Trade Sector', 'Unknown']",0,216
58,1990,1992,29,4,0.9391752,1,4.663505120000001,"['Trade Sector', 'Unknown']",0,216
203,1990,1992,29,4,0.9390075000000001,1,4.6634045,"['Trade Sector', 'Unknown']",0,216
21,1990,1993,26,5,0.938670294117647,1,4.6632021764705875,"['Trade Sector', 'Unknown']",0,216
74,1990,1993,29,4,0.9375840000000001,1,4.662550400000001,"['Trade Sector', 'Unknown']",0,216
104,1990,1990,29,4,0.9370468,1,4.66222808,"['Trade Sector', 'Unknown']",0,216
165,1990,1990,29,4,0.9359108571428573,1,4.661546514285715,"['Trade Sector', 'Unknown']",0,216
57,1990,1990,29,4,0.9358732,1,4.6615239200000005,"['Trade Sector', 'Unknown']",0,216
235,1990,1993,29,4,0.9352652,1,4.661159120000001,"['Trade Sector', 'Unknown']",0,216
14,1990,1991,26,5,0.9351074285714286,1,4.6610644571428566,"['Trade Sector', 'Unknown']",0,216
203,1990,1991,29,4,0.9334725,1,4.660083500000001,"['Trade Sector', 'Unknown']",0,216
235,1990,1994,29,4,0.9320719230769231,1,4.6592431538461545,"['Trade Sector', 'Unknown']",0,216
104,1990,1990,32,3,0.9318443478260869,1,4.659106608695652,"['Trade Sector', 'Unknown']",0,216
210,1990,1990,29,4,0.9312933333333334,1,4.6587760000000005,"['Trade Sector', 'Unknown']",0,216
208,1990,1991,32,3,0.9310673333333332,1,4.6586403999999995,"['Trade Sector', 'Unknown']",0,216
208,1990,1990,32,3,0.9278453333333334,1,4.6567072,"['Trade Sector', 'Unknown']",0,216
104,1990,1991,32,3,0.9274020000000001,1,4.6564412,"['Trade Sector', 'Unknown']",0,216
235,1990,1995,26,5,0.9271697222222222,1,4.656301833333333,"['Trade Sector', 'Unknown']",0,216
153,1990,1996,26,5,0.9254053571428571,1,4.655243214285714,"['Trade Sector', 'Unknown']",0,216
235,1990,1996,26,5,0.9248494444444445,1,4.654909666666667,"['Trade Sector', 'Unknown']",0,216
52,1990,1991,32,3,0.9219053333333334,1,4.6531432,"['Trade Sector', 'Unknown']",0,216
84,1990,1990,29,4,0.9119385714285714,1,4.647163142857144,"['Trade Sector', 'Unknown']",0,216
206,1997,1997,10,10,0.9994160000000001,1,4.5996496,['Investments Sector'],0,216
13,1990,1992,31,3,0.9828453333333333,1,4.5897072,"['Trade Sector', 'Unknown']",0,216
127,1990,1990,31,3,0.979762,1,4.5878572,"['Trade Sector', 'Unknown']",0,216
156,1990,1992,31,3,0.9781533333333333,1,4.586892,"['Trade Sector', 'Unknown']",0,216
81,1990,1992,31,3,0.97766,1,4.586596,"['Trade Sector', 'Unknown']",0,216
156,1990,1990,31,3,0.9769766666666667,1,4.586186,"['Trade Sector', 'Unknown']",0,216
176,1990,1993,28,4,0.9768883333333332,1,4.586133,"['Trade Sector', 'Unknown']",0,216
176,1990,1994,28,4,0.9767691666666667,1,4.5860615,"['Trade Sector', 'Unknown']",0,216
156,1990,1991,31,3,0.976376,1,4.5858256,"['Trade Sector', 'Unknown']",0,216
176,1990,1994,25,5,0.9755844,1,4.58535064,"['Trade Sector', 'Unknown']",0,216
236,1990,1991,28,4,0.9743368,1,4.58460208,"['Trade Sector', 'Unknown']",0,216
215,1990,1992,31,3,0.9740306666666666,1,4.5844184,"['Trade Sector', 'Unknown']",0,216
98,1990,1992,31,3,0.9739057142857143,1,4.584343428571429,"['Trade Sector', 'Unknown']",0,216
13,1990,1990,28,4,0.9738716,1,4.58432296,"['Trade Sector', 'Unknown']",0,216
236,1990,1992,28,4,0.973552,1,4.5841312,"['Trade Sector', 'Unknown']",0,216
81,1990,1991,28,4,0.973354,1,4.5840124,"['Trade Sector', 'Unknown']",0,216
200,1990,1990,31,3,0.9730599999999999,1,4.583836,['Trade Sector'],0,216
57,1990,1993,28,4,0.9725416666666667,1,4.583525,"['Trade Sector', 'Unknown']",0,216
215,1990,1990,28,4,0.9725239999999999,1,4.5835144,"['Trade Sector', 'Unknown']",0,216
81,1990,1992,28,4,0.9722892000000001,1,4.58337352,"['Trade Sector', 'Unknown']",0,216
21,1990,1992,31,3,0.9713746666666666,1,4.5828248,"['Trade Sector', 'Unknown']",0,216
110,1990,1992,31,3,0.9709666666666668,1,4.58258,"['Trade Sector', 'Unknown']",0,216
153,1990,1992,31,3,0.9701766666666667,1,4.582106,"['Trade Sector', 'Unknown']",0,216
215,1990,1991,28,4,0.9692284000000001,1,4.58153704,"['Trade Sector', 'Unknown']",0,216
106,1990,1990,28,4,0.9690608,1,4.58143648,"['Trade Sector', 'Unknown']",0,216
106,1990,1992,28,4,0.9687648,1,4.58125888,"['Trade Sector', 'Unknown']",0,216
81,1990,1993,28,4,0.9682267999999999,1,4.58093608,"['Trade Sector', 'Unknown']",0,216
176,1990,1996,25,5,0.9673584,1,4.58041504,"['Trade Sector', 'Unknown']",0,216
200,1990,1992,31,3,0.9670433333333334,1,4.580226,['Trade Sector'],0,216
57,1990,1994,28,4,0.9670283333333334,1,4.580217,"['Trade Sector', 'Unknown']",0,216
81,1990,1990,25,5,0.9668344444444444,1,4.580100666666667,"['Trade Sector', 'Unknown']",0,216
106,1990,1991,28,4,0.9662108,1,4.57972648,"['Trade Sector', 'Unknown']",0,216
81,1990,1994,28,4,0.9654168,1,4.57925008,"['Trade Sector', 'Unknown']",0,216
236,1990,1993,28,4,0.965006,1,4.5790036,"['Trade Sector', 'Unknown']",0,216
74,1990,1991,28,4,0.9646736,1,4.57880416,"['Trade Sector', 'Unknown']",0,216
98,1990,1995,28,4,0.9646653333333333,1,4.5787992,"['Trade Sector', 'Unknown']",0,216
200,1990,1991,31,3,0.9644633333333333,1,4.578678,['Trade Sector'],0,216
58,1990,1992,31,3,0.9641813333333334,1,4.5785088,"['Trade Sector', 'Unknown']",0,216
44,1990,1990,28,4,0.963801923076923,1,4.578281153846154,"['Trade Sector', 'Unknown']",0,216
153,1990,1994,28,4,0.9637958823529412,1,4.578277529411765,"['Trade Sector', 'Unknown']",0,216
106,1990,1993,25,5,0.9632392307692308,1,4.577943538461539,"['Trade Sector', 'Unknown']",0,216
177,1990,1993,28,4,0.9631680769230768,1,4.577900846153846,"['Trade Sector', 'Unknown']",0,216
153,1990,1991,28,4,0.9627832,1,4.57766992,"['Trade Sector', 'Unknown']",0,216
110,1990,1993,28,4,0.9625096000000001,1,4.57750576,"['Trade Sector', 'Unknown']",0,216
176,1990,1991,31,3,0.9618957142857143,1,4.577137428571429,"['Trade Sector', 'Unknown']",0,216
177,1990,1992,28,4,0.9614526923076923,1,4.576871615384615,"['Trade Sector', 'Unknown']",0,216
58,1990,1990,28,4,0.9612608,1,4.57675648,"['Trade Sector', 'Unknown']",0,216
44,1990,1992,31,3,0.9611020833333334,1,4.57666125,"['Trade Sector', 'Unknown']",0,216
13,1990,1991,28,4,0.961082,1,4.5766492,"['Trade Sector', 'Unknown']",0,216
44,1990,1990,25,5,0.9609325925925926,1,4.576559555555556,"['Trade Sector', 'Unknown']",0,216
235,1990,1990,28,4,0.960328,1,4.5761968,"['Trade Sector', 'Unknown']",0,216
215,1990,1992,28,4,0.9598987999999999,1,4.57593928,"['Trade Sector', 'Unknown']",0,216
110,1990,1992,28,4,0.9598108000000001,1,4.57588648,"['Trade Sector', 'Unknown']",0,216
57,1990,1994,25,5,0.9596384615384614,1,4.575783076923077,"['Trade Sector', 'Unknown']",0,216
44,1990,1991,28,4,0.9593076923076923,1,4.575584615384615,"['Trade Sector', 'Unknown']",0,216
21,1990,1992,28,4,0.958964,1,4.5753784,"['Trade Sector', 'Unknown']",0,216
21,1990,1991,28,4,0.9588592,1,4.57531552,"['Trade Sector', 'Unknown']",0,216
110,1990,1994,28,4,0.9587972,1,4.57527832,"['Trade Sector', 'Unknown']",0,216
140,1990,1990,31,3,0.95766,1,4.574596,"['Trade Sector', 'Unknown']",0,216
228,1990,1990,31,3,0.9573006666666667,1,4.5743804,"['Trade Sector', 'Unknown']",0,216
106,1990,1992,31,3,0.9567840000000001,1,4.5740704,"['Trade Sector', 'Unknown']",0,216
203,1990,1995,28,4,0.9566300000000001,1,4.573978,"['Trade Sector', 'Unknown']",0,216
74,1990,1992,31,3,0.9564806666666666,1,4.5738883999999995,"['Trade Sector', 'Unknown']",0,216
98,1990,1993,28,4,0.9559541666666665,1,4.5735725,"['Trade Sector', 'Unknown']",0,216
235,1990,1992,31,3,0.9556013333333333,1,4.5733608,"['Trade Sector', 'Unknown']",0,216
110,1990,1990,28,4,0.95536,1,4.573216,"['Trade Sector', 'Unknown']",0,216
74,1990,1991,25,5,0.9545341176470589,1,4.572720470588235,"['Trade Sector', 'Unknown']",0,216
74,1990,1992,28,4,0.9541936,1,4.57251616,"['Trade Sector', 'Unknown']",0,216
126,1990,1995,28,4,0.9538981818181818,1,4.5723389090909095,"['Trade Sector', 'Unknown']",0,216
215,1990,1993,28,4,0.953784,1,4.5722704,"['Trade Sector', 'Unknown']",0,216
13,1990,1992,28,4,0.9534724,1,4.57208344,"['Trade Sector', 'Unknown']",0,216
228,1990,1991,31,3,0.9527806666666667,1,4.5716684,"['Trade Sector', 'Unknown']",0,216
73,1990,1990,28,4,0.9527624,1,4.57165744,"['Trade Sector', 'Unknown']",0,216
48,1990,1990,31,3,0.9523057142857143,1,4.571383428571428,"['Trade Sector', 'Unknown']",0,216
177,1990,1994,28,4,0.9522876923076923,1,4.5713726153846155,"['Trade Sector', 'Unknown']",0,216
74,1990,1992,25,5,0.9522479411764706,1,4.571348764705882,"['Trade Sector', 'Unknown']",0,216
228,1990,1992,31,3,0.952092,1,4.5712551999999995,"['Trade Sector', 'Unknown']",0,216
110,1990,1991,28,4,0.9519643999999999,1,4.57117864,"['Trade Sector', 'Unknown']",0,216
106,1990,1994,28,4,0.9501832,1,4.57010992,"['Trade Sector', 'Unknown']",0,216
140,1990,1991,31,3,0.9501299999999999,1,4.570078,"['Trade Sector', 'Unknown']",0,216
203,1990,1990,28,4,0.9495049999999999,1,4.569703,"['Trade Sector', 'Unknown']",0,216
177,1990,1995,28,4,0.9493103846153846,1,4.5695862307692305,"['Trade Sector', 'Unknown']",0,216
21,1990,1993,28,4,0.9490596000000001,1,4.56943576,"['Trade Sector', 'Unknown']",0,216
40,1990,1990,28,4,0.9485741666666666,1,4.5691445,"['Trade Sector', 'Unknown']",0,216
48,1990,1991,31,3,0.9484928571428571,1,4.569095714285714,"['Trade Sector', 'Unknown']",0,216
21,1990,1990,25,5,0.948271923076923,1,4.568963153846154,"['Trade Sector', 'Unknown']",0,216
126,1990,1995,25,5,0.9482499999999999,1,4.56895,"['Trade Sector', 'Unknown']",0,216
98,1990,1996,25,5,0.9477420000000001,1,4.5686452,"['Trade Sector', 'Unknown']",0,216
98,1990,1993,25,5,0.9476088235294117,1,4.568565294117647,"['Trade Sector', 'Unknown']",0,216
126,1990,1997,25,5,0.9475021212121212,1,4.568501272727273,"['Trade Sector', 'Unknown']",0,216
98,1990,1991,25,5,0.9473399999999998,1,4.568404,"['Trade Sector', 'Unknown']",0,216
235,1990,1991,28,4,0.9472019999999999,1,4.5683212,"['Trade Sector', 'Unknown']",0,216
14,1990,1991,28,4,0.9469108333333334,1,4.5681465,"['Trade Sector', 'Unknown']",0,216
14,1990,1992,28,4,0.9461791666666667,1,4.5677075,"['Trade Sector', 'Unknown']",0,216
21,1990,1994,28,4,0.9452984000000001,1,4.56717904,"['Trade Sector', 'Unknown']",0,216
98,1990,1992,25,5,0.9452258823529412,1,4.567135529411765,"['Trade Sector', 'Unknown']",0,216
126,1990,1996,25,5,0.9450721212121213,1,4.567043272727273,"['Trade Sector', 'Unknown']",0,216
73,1990,1990,25,5,0.9443967647058824,1,4.566638058823529,"['Trade Sector', 'Unknown']",0,216
215,1990,1994,28,4,0.94435,1,4.56661,"['Trade Sector', 'Unknown']",0,216
13,1990,1994,28,4,0.9443088000000001,1,4.56658528,"['Trade Sector', 'Unknown']",0,216
74,1990,1993,25,5,0.9441594117647059,1,4.566495647058823,"['Trade Sector', 'Unknown']",0,216
14,1990,1990,25,5,0.9430477142857143,1,4.5658286285714285,"['Trade Sector', 'Unknown']",0,216
58,1990,1991,28,4,0.9426171999999999,1,4.56557032,"['Trade Sector', 'Unknown']",0,216
120,1990,1997,25,5,0.9423315151515151,1,4.565398909090909,"['Trade Sector', 'Unknown']",0,216
74,1990,1993,28,4,0.9417564,1,4.56505384,"['Trade Sector', 'Unknown']",0,216
203,1990,1991,31,3,0.9407814285714285,1,4.564468857142857,"['Trade Sector', 'Unknown']",0,216
210,1990,1991,31,3,0.9405147826086957,1,4.564308869565218,"['Trade Sector', 'Unknown']",0,216
235,1990,1992,28,4,0.9386852,1,4.56321112,"['Trade Sector', 'Unknown']",0,216
203,1990,1992,28,4,0.9375416666666667,1,4.562525,"['Trade Sector', 'Unknown']",0,216
52,1990,1991,31,3,0.9367346666666667,1,4.5620408,"['Trade Sector', 'Unknown']",0,216
100,1990,1990,31,3,0.9365871428571427,1,4.561952285714286,"['Trade Sector', 'Unknown']",0,216
14,1990,1993,28,4,0.9357116666666667,1,4.561427,"['Trade Sector', 'Unknown']",0,216
235,1990,1993,28,4,0.9356668,1,4.56140008,"['Trade Sector', 'Unknown']",0,216
21,1990,1993,25,5,0.935385,1,4.561231,"['Trade Sector', 'Unknown']",0,216
74,1990,1994,28,4,0.9344463999999999,1,4.56066784,"['Trade Sector', 'Unknown']",0,216
104,1990,1990,28,4,0.9342804,1,4.56056824,"['Trade Sector', 'Unknown']",0,216
58,1990,1992,28,4,0.9338299999999999,1,4.5602979999999995,"['Trade Sector', 'Unknown']",0,216
104,1990,1990,31,3,0.9336217391304347,1,4.560173043478261,"['Trade Sector', 'Unknown']",0,216
235,1990,1994,28,4,0.9324532000000001,1,4.55947192,"['Trade Sector', 'Unknown']",0,216
203,1990,1991,28,4,0.9316791666666667,1,4.5590075,"['Trade Sector', 'Unknown']",0,216
14,1990,1991,25,5,0.9312914285714285,1,4.558774857142857,"['Trade Sector', 'Unknown']",0,216
127,1990,1990,28,4,0.930276875,1,4.558166125,"['Trade Sector', 'Unknown']",0,216
14,1990,1994,28,4,0.9259508333333333,1,4.5555705,"['Trade Sector', 'Unknown']",0,216
235,1990,1995,25,5,0.9247583333333333,1,4.554855,"['Trade Sector', 'Unknown']",0,216
104,1990,1991,31,3,0.9240513333333333,1,4.5544308000000004,"['Trade Sector', 'Unknown']",0,216
208,1990,1992,31,3,0.9230006666666667,1,4.5538004,"['Trade Sector', 'Unknown']",0,216
52,1990,1992,31,3,0.9221528571428571,1,4.553291714285714,"['Trade Sector', 'Unknown']",0,216
203,1990,1994,28,4,0.92175125,1,4.55305075,"['Trade Sector', 'Unknown']",0,216
52,1990,1995,28,4,0.9216792000000001,1,4.55300752,"['Trade Sector', 'Unknown']",0,216
