country_b_id_fk,start_year_a_fk,start_year_b_fk,pattern_length_fk,indexes,avg_corr,orgs,Power,country_a_id_fk
196,2006,2007,17,3,0.9475766666666666,1,3.168546,23
82,2006,2006,17,3,0.9170333333333334,1,3.15022,23
196,2006,2007,16,3,0.94665,1,3.06799,23
82,2006,2006,16,3,0.92334,1,3.054004,23
196,2006,2008,16,3,0.9224233333333333,1,3.053454,23
123,2006,2008,16,3,0.91844,1,3.051064,23
196,2006,2007,15,3,0.9427099999999999,1,2.965626,23
196,2006,2006,15,3,0.9363766666666667,1,2.961826,23
82,2006,2007,15,3,0.93592,1,2.9615519999999997,23
196,2006,2009,15,3,0.92908,1,2.957448,23
72,2006,2007,17,2,0.956895,1,2.874137,23
109,2006,2006,17,2,0.9536199999999999,1,2.872172,23
109,2006,2007,17,2,0.953215,1,2.871929,23
82,2006,2007,17,2,0.951665,1,2.8709990000000003,23
222,2006,2007,17,2,0.947095,1,2.8682570000000003,23
196,2006,2006,17,2,0.94603,1,2.8676180000000002,23
196,2006,2006,14,3,0.9410733333333333,1,2.8646439999999997,23
52,2006,2007,17,2,0.9386300000000001,1,2.8631780000000004,23
123,2006,2007,17,2,0.937875,1,2.862725,23
196,2006,2007,14,3,0.9368233333333333,1,2.862094,23
13,2006,2006,17,2,0.934165,1,2.8604990000000003,23
150,2006,2007,17,2,0.933415,1,2.860049,23
213,2006,2007,17,2,0.932485,1,2.8594910000000002,23
37,2006,2007,17,2,0.9303600000000001,1,2.8582160000000005,23
171,2006,2007,17,2,0.93021,1,2.8581260000000004,23
92,2006,2007,17,2,0.93003,1,2.8580180000000004,23
226,2006,2007,17,2,0.92953,1,2.857718,23
82,2006,2007,14,3,0.9267,1,2.85602,23
152,2006,2007,17,2,0.925775,1,2.855465,23
163,2006,2007,17,2,0.9249149999999999,1,2.8549490000000004,23
52,2006,2006,17,2,0.9245399999999999,1,2.854724,23
61,2006,2007,17,2,0.92347,1,2.854082,23
29,2006,2006,17,2,0.9206300000000001,1,2.8523780000000003,23
56,2006,2007,17,2,0.91831,1,2.8509860000000002,23
16,2006,2007,17,2,0.917655,1,2.8505930000000004,23
196,2006,2009,14,3,0.9139433333333332,1,2.8483659999999995,23
211,2006,2006,17,2,0.913695,1,2.848217,23
110,2006,2007,17,2,0.910625,1,2.846375,23
34,2006,2006,17,2,0.9101600000000001,1,2.846096,23
108,2006,2006,17,2,0.9076850000000001,1,2.8446110000000004,23
79,2006,2007,17,2,0.907545,1,2.8445270000000002,23
108,2006,2007,17,2,0.907205,1,2.844323,23
221,2006,2007,17,2,0.90501,1,2.8430060000000004,23
171,2006,2006,17,2,0.90358,1,2.8421480000000003,23
109,2006,2006,16,2,0.9530350000000001,1,2.771821,23
72,2006,2007,16,2,0.950705,1,2.770423,23
196,2006,2006,16,2,0.950375,1,2.770225,23
82,2006,2007,16,2,0.949195,1,2.769517,23
222,2006,2007,16,2,0.94771,1,2.7686260000000003,23
72,2006,2008,16,2,0.946385,1,2.767831,23
109,2006,2007,16,2,0.945935,1,2.767561,23
137,2006,2008,16,2,0.944,1,2.7664,23
163,2006,2008,16,2,0.9420299999999999,1,2.765218,23
82,2006,2008,16,2,0.94018,1,2.7641080000000002,23
52,2006,2007,16,2,0.939935,1,2.763961,23
92,2006,2007,16,2,0.93294,1,2.759764,23
226,2006,2007,16,2,0.932665,1,2.759599,23
16,2006,2008,16,2,0.930455,1,2.758273,23
52,2006,2006,16,2,0.9295450000000001,1,2.757727,23
37,2006,2007,16,2,0.92893,1,2.757358,23
37,2006,2008,16,2,0.928585,1,2.7571510000000004,23
222,2006,2008,16,2,0.926625,1,2.7559750000000003,23
171,2006,2008,16,2,0.92555,1,2.7553300000000003,23
196,2006,2007,13,3,0.9243233333333333,1,2.754594,23
171,2006,2007,16,2,0.9243,1,2.7545800000000003,23
123,2006,2007,16,2,0.923485,1,2.7540910000000003,23
44,2006,2006,13,3,0.9234433333333333,1,2.754066,23
109,2006,2008,16,2,0.92136,1,2.752816,23
150,2006,2007,16,2,0.9209400000000001,1,2.7525640000000005,23
152,2006,2007,16,2,0.920455,1,2.752273,23
220,2006,2006,16,2,0.919735,1,2.751841,23
29,2006,2006,16,2,0.919605,1,2.7517630000000004,23
52,2006,2008,16,2,0.919475,1,2.751685,23
56,2006,2008,16,2,0.9169,1,2.75014,23
34,2006,2006,16,2,0.91463,1,2.748778,23
221,2006,2006,16,2,0.91414,1,2.7484840000000004,23
16,2006,2007,16,2,0.912115,1,2.747269,23
203,2006,2007,16,2,0.91044,1,2.746264,23
56,2006,2007,16,2,0.905725,1,2.7434350000000003,23
109,2006,2006,15,2,0.94604,1,2.667624,23
222,2006,2007,15,2,0.93948,1,2.663688,23
72,2006,2007,15,2,0.938635,1,2.663181,23
72,2006,2008,15,2,0.938175,1,2.6629050000000003,23
52,2006,2007,15,2,0.9361999999999999,1,2.66172,23
109,2006,2007,15,2,0.932655,1,2.659593,23
226,2006,2007,15,2,0.93265,1,2.65959,23
221,2006,2006,15,2,0.930095,1,2.6580570000000003,23
82,2006,2008,15,2,0.929825,1,2.657895,23
137,2006,2008,15,2,0.929735,1,2.657841,23
220,2006,2006,15,2,0.929295,1,2.657577,23
163,2006,2008,15,2,0.9286350000000001,1,2.657181,23
100,2006,2006,15,2,0.928455,1,2.657073,23
52,2006,2006,15,2,0.9279,1,2.65674,23
82,2006,2006,15,2,0.926365,1,2.655819,23
92,2006,2007,15,2,0.9252450000000001,1,2.6551470000000004,23
227,2006,2006,15,2,0.9249700000000001,1,2.654982,23
163,2006,2009,15,2,0.92415,1,2.65449,23
123,2006,2008,15,2,0.9237200000000001,1,2.6542320000000004,23
196,2006,2008,15,2,0.92222,1,2.6533320000000002,23
149,2006,2007,15,2,0.922055,1,2.653233,23
171,2006,2009,15,2,0.921095,1,2.652657,23
13,2006,2006,15,2,0.920165,1,2.652099,23
16,2006,2009,15,2,0.9188000000000001,1,2.65128,23
170,2006,2006,15,2,0.918085,1,2.6508510000000003,23
68,2006,2008,15,2,0.916075,1,2.649645,23
52,2006,2008,15,2,0.91431,1,2.648586,23
37,2006,2008,15,2,0.912535,1,2.6475210000000002,23
222,2006,2008,15,2,0.91176,1,2.647056,23
34,2006,2006,15,2,0.909125,1,2.6454750000000002,23
92,2006,2009,15,2,0.9085099999999999,1,2.645106,23
109,2006,2008,15,2,0.908175,1,2.644905,23
203,2006,2007,15,2,0.907405,1,2.644443,23
162,2006,2009,15,2,0.90202,1,2.6412120000000003,23
100,2006,2006,14,2,0.93808,1,2.562848,23
227,2006,2006,14,2,0.934415,1,2.5606489999999997,23
109,2006,2006,14,2,0.9342600000000001,1,2.560556,23
72,2006,2008,14,2,0.92734,1,2.556404,23
222,2006,2007,14,2,0.9257249999999999,1,2.555435,23
72,2006,2007,14,2,0.925535,1,2.555321,23
52,2006,2007,14,2,0.92498,1,2.554988,23
217,2006,2008,14,2,0.92447,1,2.554682,23
221,2006,2006,14,2,0.9237500000000001,1,2.55425,23
13,2006,2006,14,2,0.9197,1,2.55182,23
82,2006,2006,14,2,0.91638,1,2.5498279999999998,23
52,2006,2006,14,2,0.916005,1,2.549603,23
163,2006,2010,14,2,0.91467,1,2.5488020000000002,23
109,2006,2007,14,2,0.914485,1,2.548691,23
226,2006,2007,14,2,0.913465,1,2.548079,23
82,2006,2008,14,2,0.91306,1,2.547836,23
126,2006,2006,14,2,0.90921,1,2.5455259999999997,23
52,2006,2008,14,2,0.904725,1,2.542835,23
196,2006,2006,13,2,0.9555849999999999,1,2.473351,23
220,2006,2006,13,2,0.9408650000000001,1,2.464519,23
217,2006,2011,13,2,0.93902,1,2.463412,23
13,2006,2006,13,2,0.9384,1,2.46304,23
79,2006,2006,13,2,0.93606,1,2.461636,23
227,2006,2006,13,2,0.93556,1,2.4613359999999997,23
100,2006,2006,13,2,0.93527,1,2.461162,23
217,2006,2008,13,2,0.92268,1,2.453608,23
221,2006,2006,13,2,0.9182049999999999,1,2.450923,23
82,2006,2007,13,2,0.915265,1,2.449159,23
158,2006,2006,13,2,0.9081300000000001,1,2.444878,23
196,2006,2009,13,2,0.907885,1,2.444731,23
248,2006,2011,13,2,0.902755,1,2.4416529999999996,23
79,2006,2006,12,2,0.94141,1,2.364846,23
38,2008,2010,12,2,0.931315,1,2.3587890000000002,23
44,2006,2006,12,2,0.929705,1,2.3578230000000002,23
122,2008,2011,12,2,0.926435,1,2.355861,23
248,2006,2006,12,2,0.922895,1,2.353737,23
131,2008,2006,12,2,0.920165,1,2.3520990000000004,23
40,2008,2006,12,2,0.9083300000000001,1,2.3449980000000004,23
220,2006,2007,12,2,0.906065,1,2.3436390000000005,23
29,2009,2008,11,2,0.965495,1,2.279297,23
122,2009,2012,11,2,0.94169,1,2.2650140000000003,23
79,2006,2006,11,2,0.9375,1,2.2625,23
239,2009,2011,11,2,0.93701,1,2.262206,23
94,2009,2009,11,2,0.934125,1,2.260475,23
163,2009,2013,11,2,0.9339,1,2.2603400000000002,23
96,2000,2009,11,2,0.92983,1,2.257898,23
220,2006,2007,11,2,0.92942,1,2.257652,23
25,2009,2013,11,2,0.922585,1,2.2535510000000003,23
248,2006,2006,11,2,0.9217200000000001,1,2.253032,23
167,2009,2011,11,2,0.9189149999999999,1,2.2513490000000003,23
217,2006,2008,11,2,0.91621,1,2.249726,23
92,2009,2009,11,2,0.91322,1,2.247932,23
142,2009,2012,11,2,0.9111,1,2.2466600000000003,23
250,2011,2009,4,4,0.9702575,1,2.1821545,23
149,2011,2011,4,4,0.9647075,1,2.1788245,23
29,2009,2008,10,2,0.96111,1,2.176666,23
152,2011,2018,4,4,0.9582875,1,2.1749725,23
101,2011,2018,4,4,0.9433925,1,2.1660355,23
62,2011,2017,4,4,0.9420525,1,2.1652315,23
144,2011,2009,4,4,0.940905,1,2.164543,23
38,2009,2011,10,2,0.93906,1,2.163436,23
120,2011,2011,4,4,0.9377525,1,2.1626515,23
122,2009,2012,10,2,0.9304600000000001,1,2.158276,23
79,2011,2018,4,4,0.930415,1,2.158249,23
152,2009,2014,10,2,0.928815,1,2.157289,23
196,2006,2006,10,2,0.9287650000000001,1,2.1572590000000003,23
96,2000,2009,10,2,0.9245650000000001,1,2.154739,23
145,2009,2013,10,2,0.9237550000000001,1,2.154253,23
248,2006,2006,10,2,0.92347,1,2.154082,23
239,2009,2011,10,2,0.9234150000000001,1,2.154049,23
79,2006,2008,10,2,0.904675,1,2.142805,23
217,2006,2008,10,2,0.9035150000000001,1,2.142109,23
152,2011,2012,9,2,0.97712,1,2.086272,23
94,2010,2012,9,2,0.9735199999999999,1,2.084112,23
79,2006,2006,9,2,0.97019,1,2.082114,23
92,2010,2014,9,2,0.9701299999999999,1,2.082078,23
108,2010,2012,9,2,0.95625,1,2.07375,23
38,2010,2014,9,2,0.9547000000000001,1,2.07282,23
91,2010,2015,9,2,0.954055,1,2.072433,23
20,2010,2014,9,2,0.946925,1,2.068155,23
119,2011,2011,9,2,0.946465,1,2.067879,23
92,2011,2011,9,2,0.94369,1,2.066214,23
222,2010,2014,9,2,0.9406749999999999,1,2.064405,23
200,2011,2007,9,2,0.94009,1,2.064054,23
152,2010,2015,9,2,0.937575,1,2.062545,23
29,2011,2012,9,2,0.934895,1,2.060937,23
179,2010,2007,9,2,0.934645,1,2.060787,23
44,2010,2010,9,2,0.93381,1,2.060286,23
181,2011,2006,9,2,0.932925,1,2.059755,23
54,2010,2009,9,2,0.931925,1,2.059155,23
114,2011,2013,9,2,0.931705,1,2.059023,23
166,2006,2006,9,2,0.9316850000000001,1,2.059011,23
147,2010,2007,9,2,0.9313100000000001,1,2.058786,23
131,2010,2009,9,2,0.929495,1,2.057697,23
119,2011,2012,9,2,0.92859,1,2.057154,23
131,2010,2010,9,2,0.9273800000000001,1,2.056428,23
174,2010,2014,9,2,0.92682,1,2.056092,23
63,2010,2015,9,2,0.9262900000000001,1,2.055774,23
120,2010,2009,9,2,0.923035,1,2.053821,23
250,2006,2013,9,2,0.92303,1,2.053818,23
131,2010,2011,9,2,0.921305,1,2.052783,23
54,2010,2010,9,2,0.92064,1,2.052384,23
196,2006,2006,9,2,0.920355,1,2.052213,23
229,2011,2011,9,2,0.9201699999999999,1,2.052102,23
219,2011,2011,9,2,0.919305,1,2.051583,23
217,2006,2008,9,2,0.916905,1,2.050143,23
179,2010,2008,9,2,0.9154450000000001,1,2.049267,23
234,2010,2011,9,2,0.912595,1,2.047557,23
89,2010,2013,9,2,0.9047000000000001,1,2.04282,23
82,2015,2016,5,3,0.9706666666666667,2,1.9824,23
192,2011,2010,5,3,0.9666533333333334,1,1.9799919999999998,23
100,2011,2017,5,3,0.9634866666666667,1,1.978092,23
6,2011,2017,5,3,0.9604166666666667,1,1.9762499999999998,23
198,2011,2017,5,3,0.9533033333333334,1,1.971982,23
177,2007,2007,8,2,0.953185,1,1.971911,23
200,2011,2019,5,3,0.9299866666666666,1,1.957992,23
156,2006,2007,8,2,0.92842,1,1.957052,23
134,2009,2007,8,2,0.927065,1,1.956239,23
13,2009,2009,8,2,0.9170050000000001,1,1.950203,23
48,2011,2006,4,3,0.9910033333333333,1,1.894602,23
149,2011,2018,4,3,0.9876666666666667,1,1.8925999999999998,23
91,2011,2018,4,3,0.9836533333333334,1,1.8901919999999999,23
200,2006,2006,4,3,0.9809366666666667,1,1.8885619999999999,23
14,2006,2006,4,3,0.9809366666666667,1,1.8885619999999999,23
165,2006,2006,4,3,0.9809366666666667,1,1.8885619999999999,23
198,2011,2007,4,3,0.9809233333333333,1,1.8885539999999996,23
16,2011,2010,4,3,0.9804400000000001,1,1.888264,23
65,2011,2017,4,3,0.98026,1,1.888156,23
1,2011,2010,4,3,0.9801133333333333,1,1.8880679999999996,23
176,2011,2011,4,3,0.9781066666666667,1,1.8868639999999997,23
61,2011,2006,4,3,0.9778466666666666,1,1.8867079999999998,23
209,2011,2019,4,3,0.9773533333333333,1,1.8864119999999998,23
114,2011,2019,4,3,0.97594,1,1.8855639999999998,23
28,2011,2016,4,3,0.9753333333333334,1,1.8851999999999998,23
198,2011,2013,4,3,0.9742433333333334,1,1.8845459999999998,23
120,2011,2014,4,3,0.9741766666666667,1,1.8845059999999998,23
50,2006,2007,4,3,0.97392,1,1.8843519999999998,23
134,2011,2015,4,3,0.97235,1,1.8834099999999998,23
34,2011,2011,4,3,0.9713666666666666,1,1.8828199999999997,23
144,2011,2011,4,3,0.9710666666666667,1,1.8826399999999999,23
67,2011,2010,4,3,0.9709233333333334,1,1.8825539999999998,23
197,2011,2015,4,3,0.9699633333333333,1,1.8819779999999997,23
89,2011,2006,4,3,0.9692400000000001,1,1.8815439999999999,23
215,2011,2016,4,3,0.9690599999999999,1,1.8814359999999999,23
81,2011,2014,4,3,0.9686033333333333,1,1.8811619999999998,23
131,2011,2019,4,3,0.96846,1,1.8810759999999997,23
79,2006,2008,4,3,0.9682666666666666,1,1.8809599999999997,23
103,2011,2017,4,3,0.9681333333333333,1,1.8808799999999999,23
25,2011,2010,4,3,0.9680399999999999,1,1.8808239999999996,23
239,2011,2018,4,3,0.9678133333333333,1,1.8806879999999997,23
92,2006,2020,4,3,0.9678033333333333,1,1.8806819999999997,23
54,2011,2010,4,3,0.9671599999999999,1,1.8802959999999997,23
183,2011,2011,4,3,0.9666233333333333,1,1.8799739999999998,23
197,2011,2016,4,3,0.96647,1,1.8798819999999998,23
49,2011,2017,4,3,0.9661566666666667,1,1.8796939999999998,23
167,2011,2016,4,3,0.96579,1,1.8794739999999999,23
99,2011,2014,4,3,0.96554,1,1.8793239999999998,23
173,2011,2010,4,3,0.9654666666666666,1,1.8792799999999996,23
119,2011,2018,4,3,0.96488,1,1.8789279999999997,23
16,2011,2017,4,3,0.9648033333333332,1,1.8788819999999997,23
92,2006,2006,4,3,0.9643866666666666,1,1.8786319999999996,23
156,2006,2006,4,3,0.9642466666666666,1,1.8785479999999999,23
216,2011,2016,4,3,0.9639366666666667,1,1.8783619999999996,23
152,2011,2012,4,3,0.9639366666666667,1,1.8783619999999996,23
126,2011,2010,4,3,0.9639166666666666,1,1.8783499999999997,23
81,2011,2016,4,3,0.9639133333333333,1,1.878348,23
54,2011,2018,4,3,0.9603566666666667,1,1.8762139999999998,23
172,2011,2010,4,3,0.9602933333333333,1,1.8761759999999998,23
112,2011,2017,4,3,0.9601566666666667,1,1.8760939999999997,23
179,2011,2010,4,3,0.9596633333333333,1,1.8757979999999996,23
209,2011,2020,4,3,0.9595233333333333,1,1.8757139999999999,23
104,2006,2008,4,3,0.9583633333333333,1,1.8750179999999999,23
10,2006,2006,4,3,0.9578366666666667,1,1.8747019999999996,23
134,2011,2010,4,3,0.9573533333333334,1,1.874412,23
144,2011,2014,4,3,0.9566933333333333,1,1.8740159999999997,23
166,2011,2018,4,3,0.9566466666666668,1,1.8739879999999998,23
209,2006,2012,7,2,0.95487,1,1.872922,23
196,2006,2008,7,2,0.953605,1,1.872163,23
122,2011,2010,4,3,0.95327,1,1.871962,23
227,2011,2014,4,3,0.9526266666666666,1,1.8715759999999997,23
6,2011,2017,7,2,0.95222,1,1.871332,23
82,2011,2018,4,3,0.9517766666666666,1,1.871066,23
42,2011,2018,4,3,0.9515566666666667,1,1.8709339999999999,23
177,2011,2017,4,3,0.95151,1,1.8709059999999997,23
194,2011,2014,4,3,0.9514933333333334,1,1.870896,23
104,2011,2014,4,3,0.9507366666666667,1,1.8704419999999997,23
179,2011,2007,4,3,0.9501900000000001,1,1.8701139999999998,23
250,2011,2010,4,3,0.9488,1,1.8692799999999998,23
25,2011,2009,4,3,0.9486666666666667,1,1.8691999999999998,23
222,2011,2011,4,3,0.9484566666666666,1,1.869074,23
171,2011,2017,4,3,0.9479466666666667,1,1.8687679999999998,23
183,2011,2018,4,3,0.9478666666666666,1,1.8687199999999997,23
52,2011,2014,4,3,0.9472866666666667,1,1.868372,23
107,2011,2012,4,3,0.9472866666666667,1,1.868372,23
222,2011,2012,4,3,0.94728,1,1.8683679999999998,23
108,2011,2007,4,3,0.94714,1,1.8682839999999998,23
52,2011,2010,4,3,0.9467666666666666,1,1.8680599999999998,23
196,2011,2019,4,3,0.94673,1,1.8680379999999999,23
158,2011,2011,4,3,0.94651,1,1.8679059999999996,23
194,2011,2010,4,3,0.9462266666666667,1,1.8677359999999998,23
114,2011,2018,4,3,0.9460500000000001,1,1.8676299999999997,23
158,2011,2016,4,3,0.9454699999999999,1,1.8672819999999999,23
226,2011,2014,4,3,0.94504,1,1.8670239999999998,23
196,2011,2016,4,3,0.94503,1,1.8670179999999998,23
72,2011,2013,4,3,0.9448333333333334,1,1.8668999999999998,23
170,2011,2010,4,3,0.9446,1,1.8667599999999998,23
82,2011,2016,4,3,0.9433166666666667,1,1.8659899999999998,23
176,2011,2010,4,3,0.94243,1,1.8654579999999998,23
6,2011,2017,4,3,0.9422033333333334,1,1.865322,23
74,2011,2016,4,3,0.9415766666666666,1,1.8649459999999998,23
64,2011,2017,4,3,0.9413333333333332,1,1.8647999999999998,23
26,2011,2009,4,3,0.9411533333333333,1,1.8646919999999998,23
107,2011,2015,4,3,0.9410433333333333,1,1.864626,23
242,2006,2017,7,2,0.940875,1,1.864525,23
37,2011,2014,4,3,0.9400666666666666,1,1.8640399999999997,23
211,2011,2015,4,3,0.9395233333333334,1,1.8637139999999999,23
33,2011,2010,4,3,0.9376199999999999,1,1.8625719999999997,23
222,2011,2017,4,3,0.93736,1,1.8624159999999996,23
131,2011,2018,4,3,0.9373299999999999,1,1.8623979999999998,23
157,2011,2010,4,3,0.9371866666666667,1,1.8623119999999997,23
18,2011,2015,4,3,0.9364466666666668,1,1.8618679999999999,23
213,2011,2014,4,3,0.9362933333333333,1,1.8617759999999999,23
163,2011,2016,4,3,0.9351433333333333,1,1.8610859999999998,23
157,2011,2011,4,3,0.93377,1,1.8602619999999996,23
152,2011,2017,4,3,0.9334933333333333,1,1.8600959999999997,23
103,2011,2007,4,3,0.9333533333333333,1,1.8600119999999998,23
108,2007,2007,7,2,0.93293,1,1.859758,23
144,2011,2012,4,3,0.9325766666666667,1,1.859546,23
82,2011,2019,4,3,0.9317566666666668,1,1.859054,23
196,2011,2018,4,3,0.9293399999999999,1,1.8576039999999998,23
134,2011,2017,7,2,0.9287099999999999,1,1.8572259999999998,23
174,2011,2010,4,3,0.9282900000000001,1,1.8569739999999997,23
100,2011,2017,7,2,0.927395,1,1.8564370000000001,23
134,2011,2017,4,3,0.9270233333333332,1,1.8562139999999996,23
167,2008,2016,7,2,0.926525,1,1.855915,23
92,2011,2018,4,3,0.9255166666666667,1,1.8553099999999998,23
172,2008,2015,7,2,0.9252750000000001,1,1.855165,23
118,2011,2011,4,3,0.9239433333333333,1,1.8543659999999997,23
194,2008,2011,7,2,0.922945,1,1.853767,23
25,2011,2006,4,3,0.9225933333333334,1,1.8535559999999998,23
94,2011,2006,4,3,0.9198133333333333,1,1.8518879999999998,23
213,2011,2009,4,3,0.9179566666666666,1,1.850774,23
156,2011,2018,4,3,0.9163266666666666,1,1.8497959999999998,23
35,2008,2012,7,2,0.9154,1,1.84924,23
202,2008,2016,7,2,0.90716,1,1.844296,23
44,2015,2015,6,2,0.999525,1,1.7997150000000002,23
196,2015,2017,6,2,0.998475,1,1.7990850000000003,23
199,2015,2018,6,2,0.998475,1,1.7990850000000003,23
68,2015,2018,6,2,0.998475,1,1.7990850000000003,23
62,2015,2018,6,2,0.998475,1,1.7990850000000003,23
221,2015,2018,6,2,0.998475,1,1.7990850000000003,23
108,2015,2015,6,2,0.99749,1,1.7984940000000003,23
61,2015,2017,6,2,0.99739,1,1.7984340000000003,23
129,2015,2016,6,2,0.99644,1,1.7978640000000001,23
103,2015,2018,6,2,0.9954799999999999,1,1.797288,23
82,2015,2017,6,2,0.9944900000000001,1,1.7966940000000002,23
150,2015,2018,6,2,0.993905,1,1.7963430000000002,23
172,2015,2017,6,2,0.992715,1,1.7956290000000001,23
10,2001,2015,3,3,0.9917133333333333,1,1.7950279999999998,23
219,2015,2016,6,2,0.991675,1,1.7950050000000002,23
99,2015,2017,6,2,0.9914499999999999,1,1.79487,23
167,2015,2017,6,2,0.991115,1,1.7946690000000003,23
222,2015,2017,6,2,0.99082,1,1.7944920000000002,23
78,2015,2017,6,2,0.99078,1,1.7944680000000002,23
123,2015,2018,6,2,0.99078,1,1.7944680000000002,23
49,2015,2017,6,2,0.99078,1,1.7944680000000002,23
29,2015,2016,6,2,0.990685,1,1.7944110000000002,23
229,2015,2016,6,2,0.990685,1,1.7944110000000002,23
29,2015,2017,6,2,0.98876,1,1.7932560000000002,23
174,2015,2018,6,2,0.988645,1,1.793187,23
227,2015,2016,6,2,0.988595,1,1.7931570000000001,23
79,2015,2017,6,2,0.987995,1,1.7927970000000002,23
229,2015,2018,6,2,0.98657,1,1.7919420000000001,23
229,2015,2017,6,2,0.986165,1,1.7916990000000002,23
196,2001,2011,3,3,0.9858433333333334,1,1.791506,23
114,2015,2017,6,2,0.98442,1,1.7906520000000001,23
103,2015,2017,6,2,0.984075,1,1.790445,23
221,2015,2016,6,2,0.98376,1,1.7902560000000003,23
171,2015,2018,6,2,0.982145,1,1.7892870000000003,23
202,2015,2017,6,2,0.982145,1,1.7892870000000003,23
150,2015,2017,6,2,0.982145,1,1.7892870000000003,23
171,2015,2017,6,2,0.982145,1,1.7892870000000003,23
123,2015,2017,6,2,0.982145,1,1.7892870000000003,23
62,2015,2017,6,2,0.982145,1,1.7892870000000003,23
110,2015,2017,6,2,0.982145,1,1.7892870000000003,23
221,2015,2017,6,2,0.982145,1,1.7892870000000003,23
110,2015,2018,6,2,0.982145,1,1.7892870000000003,23
226,2015,2008,6,2,0.98214,1,1.7892840000000003,23
61,2015,2018,6,2,0.981575,1,1.788945,23
152,2001,2011,3,3,0.9810500000000001,1,1.78863,23
132,2015,2016,6,2,0.979495,1,1.787697,23
29,2015,2015,6,2,0.9791099999999999,1,1.7874660000000002,23
129,2015,2015,6,2,0.9791099999999999,1,1.7874660000000002,23
229,2015,2015,6,2,0.9791099999999999,1,1.7874660000000002,23
131,2015,2017,6,2,0.978985,1,1.7873910000000002,23
40,2015,2017,6,2,0.9785200000000001,1,1.787112,23
131,2015,2018,6,2,0.9784200000000001,1,1.787052,23
110,2011,2017,6,2,0.978145,1,1.7868870000000001,23
129,2015,2014,6,2,0.97758,1,1.7865480000000002,23
171,2015,2016,6,2,0.97739,1,1.7864340000000003,23
61,2015,2016,6,2,0.97739,1,1.7864340000000003,23
110,2015,2016,6,2,0.97739,1,1.7864340000000003,23
150,2015,2016,6,2,0.97739,1,1.7864340000000003,23
123,2015,2016,6,2,0.97739,1,1.7864340000000003,23
109,2015,2016,6,2,0.97697,1,1.7861820000000002,23
26,2015,2012,6,2,0.97616,1,1.7856960000000002,23
158,2001,2020,3,3,0.97609,1,1.785654,23
81,2001,2004,3,3,0.9757433333333333,1,1.7854459999999999,23
1,2015,2016,6,2,0.975485,1,1.7852910000000002,23
250,2015,2018,6,2,0.9754050000000001,1,1.7852430000000004,23
196,2015,2016,6,2,0.9743550000000001,1,1.7846130000000002,23
129,2015,2012,6,2,0.9742,1,1.78452,23
82,2015,2016,6,2,0.974165,1,1.7844990000000003,23
131,2015,2016,6,2,0.973935,1,1.784361,23
234,2015,2010,6,2,0.97365,1,1.7841900000000002,23
179,2015,2018,6,2,0.973595,1,1.784157,23
234,2015,2013,6,2,0.97285,1,1.7837100000000001,23
233,2015,2017,6,2,0.97273,1,1.7836380000000003,23
123,2015,2015,6,2,0.9725349999999999,1,1.7835210000000001,23
223,2001,2014,3,3,0.9724733333333333,1,1.783484,23
226,2015,2009,6,2,0.97226,1,1.7833560000000002,23
99,2015,2018,6,2,0.9721299999999999,1,1.7832780000000001,23
26,2015,2014,6,2,0.971905,1,1.7831430000000001,23
103,2015,2016,6,2,0.971555,1,1.782933,23
182,2015,2017,6,2,0.9713499999999999,1,1.78281,23
56,2015,2015,6,2,0.9697199999999999,1,1.781832,23
233,2015,2016,6,2,0.968885,1,1.7813310000000002,23
208,2011,2010,6,2,0.968845,1,1.781307,23
140,2015,2017,6,2,0.9687,1,1.7812200000000002,23
102,2011,2017,6,2,0.96719,1,1.7803140000000002,23
91,2011,2018,6,2,0.966675,1,1.780005,23
144,2015,2018,6,2,0.96658,1,1.779948,23
129,2011,2011,6,2,0.965625,1,1.7793750000000002,23
196,2015,2018,6,2,0.965265,1,1.7791590000000002,23
222,2015,2018,6,2,0.96519,1,1.7791140000000003,23
109,2015,2017,6,2,0.964105,1,1.7784630000000001,23
203,2015,2017,6,2,0.963865,1,1.7783190000000002,23
81,2015,2009,6,2,0.9637249999999999,1,1.778235,23
234,2015,2011,6,2,0.9637100000000001,1,1.778226,23
3,2001,2017,3,3,0.96362,1,1.778172,23
56,2015,2016,6,2,0.963565,1,1.7781390000000001,23
122,2015,2016,6,2,0.963565,1,1.7781390000000001,23
13,2015,2015,6,2,0.9635549999999999,1,1.778133,23
142,2015,2017,6,2,0.963225,1,1.7779350000000003,23
14,2015,2018,6,2,0.96309,1,1.777854,23
163,2015,2018,6,2,0.962835,1,1.7777010000000002,23
234,2015,2012,6,2,0.962105,1,1.777263,23
243,2015,2017,6,2,0.961295,1,1.776777,23
172,2015,2018,6,2,0.96105,1,1.7766300000000002,23
26,2015,2015,6,2,0.960665,1,1.776399,23
209,2015,2018,6,2,0.9606250000000001,1,1.7763750000000003,23
234,2015,2014,6,2,0.96,1,1.7760000000000002,23
129,2015,2013,6,2,0.959955,1,1.775973,23
26,2015,2013,6,2,0.95976,1,1.775856,23
108,2015,2016,6,2,0.959155,1,1.775493,23
127,2015,2017,6,2,0.95896,1,1.775376,23
109,2015,2018,6,2,0.9586600000000001,1,1.7751960000000002,23
153,2015,2018,6,2,0.95809,1,1.7748540000000002,23
92,2015,2018,6,2,0.95809,1,1.7748540000000002,23
202,2015,2018,6,2,0.95609,1,1.773654,23
26,2015,2011,6,2,0.9559599999999999,1,1.7735760000000003,23
156,2015,2017,6,2,0.9552499999999999,1,1.7731500000000002,23
117,2011,2018,6,2,0.95519,1,1.773114,23
73,2015,2017,6,2,0.955075,1,1.7730450000000002,23
114,2015,2016,6,2,0.95488,1,1.7729280000000003,23
153,2015,2017,6,2,0.954005,1,1.7724030000000002,23
21,2015,2009,6,2,0.95305,1,1.77183,23
81,2015,2017,6,2,0.952545,1,1.7715270000000003,23
92,2015,2014,6,2,0.95246,1,1.7714760000000003,23
234,2015,2016,6,2,0.952425,1,1.771455,23
208,2015,2009,6,2,0.952215,1,1.7713290000000002,23
53,2001,2009,3,3,0.9519833333333333,1,1.7711899999999998,23
110,2011,2018,6,2,0.9516450000000001,1,1.7709870000000003,23
212,2011,2016,6,2,0.951265,1,1.7707590000000002,23
162,2015,2018,6,2,0.95112,1,1.7706720000000002,23
200,2015,2015,6,2,0.95074,1,1.7704440000000001,23
40,2015,2016,6,2,0.95024,1,1.7701440000000002,23
82,2015,2018,6,2,0.950095,1,1.7700570000000002,23
108,2015,2018,6,2,0.9498949999999999,1,1.769937,23
44,2015,2016,6,2,0.9493,1,1.7695800000000002,23
250,2015,2016,6,2,0.9487650000000001,1,1.7692590000000004,23
63,2015,2018,6,2,0.94867,1,1.7692020000000002,23
1,2015,2015,6,2,0.9486300000000001,1,1.7691780000000001,23
99,2015,2016,6,2,0.946765,1,1.768059,23
205,2008,2016,6,2,0.94672,1,1.7680320000000003,23
101,2009,2016,6,2,0.9467049999999999,1,1.7680230000000001,23
79,2015,2018,6,2,0.946025,1,1.7676150000000002,23
17,2011,2017,6,2,0.9457949999999999,1,1.767477,23
232,2015,2017,6,2,0.9457,1,1.76742,23
234,2015,2015,6,2,0.9456800000000001,1,1.767408,23
13,2015,2017,6,2,0.94563,1,1.7673780000000001,23
92,2015,2016,6,2,0.9450449999999999,1,1.7670270000000001,23
206,2011,2018,6,2,0.9450350000000001,1,1.7670210000000002,23
204,2009,2012,6,2,0.944995,1,1.7669970000000002,23
56,2001,2015,3,3,0.9448033333333333,1,1.7668819999999998,23
100,2009,2008,6,2,0.9447749999999999,1,1.7668650000000001,23
54,2015,2009,6,2,0.94458,1,1.7667480000000002,23
13,2008,2016,6,2,0.9444250000000001,1,1.766655,23
233,2015,2015,6,2,0.94436,1,1.7666160000000002,23
92,2015,2015,6,2,0.944295,1,1.7665770000000003,23
94,2015,2016,6,2,0.944175,1,1.766505,23
216,2015,2017,6,2,0.94391,1,1.7663460000000002,23
40,2015,2015,6,2,0.94322,1,1.7659320000000003,23
92,2015,2017,6,2,0.941505,1,1.7649030000000003,23
209,2015,2017,6,2,0.941245,1,1.7647470000000003,23
200,2015,2016,6,2,0.941155,1,1.7646930000000003,23
117,2015,2016,6,2,0.9401999999999999,1,1.7641200000000001,23
203,2015,2018,6,2,0.9397599999999999,1,1.763856,23
210,2001,2015,3,3,0.9395000000000001,1,1.7637,23
122,2015,2015,6,2,0.9393100000000001,1,1.763586,23
114,2015,2018,6,2,0.93919,1,1.7635140000000002,23
250,2015,2017,6,2,0.93887,1,1.763322,23
16,2015,2008,6,2,0.93754,1,1.7625240000000002,23
122,2001,2007,3,3,0.9365066666666667,1,1.761904,23
131,2001,2011,3,3,0.93637,1,1.761822,23
123,2015,2014,6,2,0.93552,1,1.7613120000000002,23
220,2015,2013,6,2,0.93543,1,1.7612580000000002,23
13,2015,2016,6,2,0.9349350000000001,1,1.7609610000000002,23
127,2015,2016,6,2,0.9341200000000001,1,1.760472,23
209,2015,2016,6,2,0.93317,1,1.7599020000000003,23
182,2015,2015,6,2,0.9309700000000001,1,1.758582,23
78,2015,2016,6,2,0.9309499999999999,1,1.7585700000000002,23
91,2015,2008,6,2,0.929725,1,1.757835,23
132,2015,2017,6,2,0.9295100000000001,1,1.7577060000000002,23
216,2015,2016,6,2,0.9277299999999999,1,1.7566380000000001,23
96,2015,2018,6,2,0.92639,1,1.7558340000000001,23
181,2009,2006,6,2,0.9234249999999999,1,1.7540550000000001,23
108,2008,2008,6,2,0.92321,1,1.753926,23
170,2008,2010,6,2,0.923055,1,1.7538330000000002,23
74,2009,2006,6,2,0.92204,1,1.7532240000000001,23
148,2009,2012,6,2,0.921305,1,1.7527830000000002,23
172,2008,2007,6,2,0.9183399999999999,1,1.751004,23
54,2015,2008,6,2,0.91812,1,1.7508720000000002,23
204,2011,2010,6,2,0.91517,1,1.7491020000000002,23
167,2008,2016,6,2,0.9051100000000001,1,1.7430660000000002,23
129,2015,2015,5,2,1.0,1,1.7000000000000002,23
29,2015,2015,5,2,1.0,1,1.7000000000000002,23
229,2015,2015,5,2,1.0,1,1.7000000000000002,23
44,2015,2015,5,2,1.0,1,1.7000000000000002,23
131,2015,2017,5,2,0.998975,1,1.699385,23
26,2015,2015,5,2,0.99841,1,1.699046,23
202,2015,2018,5,2,0.99795,1,1.6987700000000001,23
49,2015,2017,5,2,0.99795,1,1.6987700000000001,23
150,2015,2017,5,2,0.99795,1,1.6987700000000001,23
150,2015,2018,5,2,0.99795,1,1.6987700000000001,23
203,2015,2018,5,2,0.99795,1,1.6987700000000001,23
202,2015,2017,5,2,0.99795,1,1.6987700000000001,23
110,2015,2018,5,2,0.99795,1,1.6987700000000001,23
62,2015,2018,5,2,0.99795,1,1.6987700000000001,23
62,2015,2017,5,2,0.99795,1,1.6987700000000001,23
131,2015,2019,5,2,0.99795,1,1.6987700000000001,23
199,2015,2018,5,2,0.99795,1,1.6987700000000001,23
123,2015,2017,5,2,0.99795,1,1.6987700000000001,23
167,2015,2017,5,2,0.99795,1,1.6987700000000001,23
110,2015,2017,5,2,0.99795,1,1.6987700000000001,23
123,2015,2018,5,2,0.99795,1,1.6987700000000001,23
221,2015,2018,5,2,0.99795,1,1.6987700000000001,23
174,2015,2018,5,2,0.99795,1,1.6987700000000001,23
163,2015,2019,5,2,0.99795,1,1.6987700000000001,23
110,2015,2019,5,2,0.99795,1,1.6987700000000001,23
171,2015,2017,5,2,0.99795,1,1.6987700000000001,23
196,2015,2017,5,2,0.99795,1,1.6987700000000001,23
68,2015,2018,5,2,0.99795,1,1.6987700000000001,23
221,2015,2017,5,2,0.99795,1,1.6987700000000001,23
61,2015,2017,5,2,0.99795,1,1.6987700000000001,23
78,2015,2017,5,2,0.99795,1,1.6987700000000001,23
171,2015,2018,5,2,0.99795,1,1.6987700000000001,23
171,2015,2019,5,2,0.99795,1,1.6987700000000001,23
142,2015,2018,5,2,0.997925,1,1.698755,23
1,2015,2017,5,2,0.99742,1,1.698452,23
131,2015,2018,5,2,0.99668,1,1.6980080000000002,23
109,2015,2017,5,2,0.996405,1,1.6978430000000002,23
108,2015,2015,5,2,0.99627,1,1.697762,23
208,2015,2009,5,2,0.9961150000000001,1,1.697669,23
45,2015,2014,5,2,0.9960549999999999,1,1.6976330000000002,23
129,2015,2016,5,2,0.99541,1,1.697246,23
227,2015,2016,5,2,0.99541,1,1.697246,23
150,2015,2016,5,2,0.99541,1,1.697246,23
229,2015,2016,5,2,0.99541,1,1.697246,23
123,2015,2016,5,2,0.99541,1,1.697246,23
110,2015,2016,5,2,0.99541,1,1.697246,23
122,2015,2016,5,2,0.99541,1,1.697246,23
61,2015,2016,5,2,0.99541,1,1.697246,23
56,2015,2016,5,2,0.99541,1,1.697246,23
171,2015,2016,5,2,0.99541,1,1.697246,23
29,2015,2016,5,2,0.99541,1,1.697246,23
174,2015,2019,5,2,0.995365,1,1.697219,23
131,2015,2016,5,2,0.99475,1,1.69685,23
234,2015,2013,5,2,0.994625,1,1.6967750000000001,23
129,2015,2014,5,2,0.99454,1,1.6967240000000001,23
103,2015,2018,5,2,0.99453,1,1.6967180000000002,23
123,2015,2015,5,2,0.994295,1,1.696577,23
109,2015,2016,5,2,0.99423,1,1.6965379999999999,23
153,2015,2018,5,2,0.994135,1,1.696481,23
99,2015,2017,5,2,0.9936050000000001,1,1.696163,23
221,2015,2016,5,2,0.99326,1,1.6959560000000002,23
1,2015,2016,5,2,0.99315,1,1.69589,23
103,2015,2017,5,2,0.9925900000000001,1,1.695554,23
82,2015,2017,5,2,0.99231,1,1.695386,23
102,2011,2017,5,2,0.99229,1,1.6953740000000002,23
94,2015,2017,5,2,0.992145,1,1.695287,23
243,2015,2019,5,2,0.991305,1,1.6947830000000002,23
179,2015,2018,5,2,0.9912099999999999,1,1.6947260000000002,23
222,2015,2017,5,2,0.9910300000000001,1,1.6946180000000002,23
196,2015,2016,5,2,0.990875,1,1.694525,23
26,2015,2014,5,2,0.990745,1,1.694447,23
129,2015,2012,5,2,0.9904850000000001,1,1.6942910000000002,23
234,2015,2014,5,2,0.99034,1,1.694204,23
219,2015,2016,5,2,0.98979,1,1.693874,23
229,2015,2019,5,2,0.989785,1,1.6938710000000001,23
150,2015,2019,5,2,0.9893350000000001,1,1.6936010000000001,23
29,2015,2017,5,2,0.9893350000000001,1,1.6936010000000001,23
229,2015,2017,5,2,0.9893350000000001,1,1.6936010000000001,23
172,2015,2017,5,2,0.989185,1,1.693511,23
14,2007,2006,5,2,0.9876849999999999,1,1.6926109999999999,23
153,2007,2006,5,2,0.9876849999999999,1,1.6926109999999999,23
234,2015,2011,5,2,0.98758,1,1.692548,23
81,2015,2009,5,2,0.9875050000000001,1,1.692503,23
156,2015,2017,5,2,0.987035,1,1.692221,23
229,2015,2018,5,2,0.986595,1,1.691957,23
220,2011,2019,5,2,0.985535,1,1.691321,23
144,2015,2019,5,2,0.985275,1,1.691165,23
114,2015,2016,5,2,0.984945,1,1.690967,23
203,2015,2017,5,2,0.98305,1,1.6898300000000002,23
114,2015,2017,5,2,0.98305,1,1.6898300000000002,23
63,2015,2018,5,2,0.98305,1,1.6898300000000002,23
239,2015,2015,5,2,0.983,1,1.6898,23
73,2015,2018,5,2,0.98247,1,1.689482,23
37,2015,2019,5,2,0.982155,1,1.6892930000000002,23
29,2011,2012,5,2,0.9821150000000001,1,1.6892690000000001,23
238,2015,2015,5,2,0.982025,1,1.6892150000000001,23
226,2015,2008,5,2,0.982,1,1.6892,23
234,2015,2015,5,2,0.981805,1,1.6890830000000001,23
142,2015,2009,5,2,0.98178,1,1.689068,23
132,2015,2016,5,2,0.98178,1,1.689068,23
163,2015,2018,5,2,0.98178,1,1.689068,23
142,2015,2017,5,2,0.98146,1,1.688876,23
108,2009,2009,5,2,0.98129,1,1.688774,23
59,2015,2016,5,2,0.981035,1,1.688621,23
79,2015,2017,5,2,0.981,1,1.6886,23
162,2015,2019,5,2,0.98078,1,1.688468,23
222,2015,2019,5,2,0.98078,1,1.688468,23
54,2011,2018,5,2,0.98059,1,1.688354,23
91,2011,2018,5,2,0.97956,1,1.6877360000000001,23
103,2015,2016,5,2,0.979025,1,1.687415,23
26,2015,2012,5,2,0.9788049999999999,1,1.6872829999999999,23
61,2015,2018,5,2,0.9785699999999999,1,1.6871420000000001,23
14,2015,2018,5,2,0.9785699999999999,1,1.6871420000000001,23
114,2015,2018,5,2,0.9785699999999999,1,1.6871420000000001,23
234,2015,2012,5,2,0.9784550000000001,1,1.6870730000000003,23
177,2007,2006,5,2,0.97845,1,1.68707,23
234,2015,2010,5,2,0.978185,1,1.686911,23
104,2007,2006,5,2,0.977355,1,1.686413,23
179,2015,2019,5,2,0.977015,1,1.686209,23
56,2015,2015,5,2,0.9766900000000001,1,1.6860140000000001,23
209,2015,2018,5,2,0.9766699999999999,1,1.686002,23
108,2015,2018,5,2,0.976145,1,1.6856870000000002,23
129,2015,2013,5,2,0.975835,1,1.685501,23
121,2015,2008,5,2,0.97538,1,1.685228,23
100,2006,2012,5,2,0.9753149999999999,1,1.685189,23
14,2011,2019,5,2,0.97523,1,1.6851380000000002,23
200,2015,2015,5,2,0.9749,1,1.68494,23
92,2015,2016,5,2,0.97448,1,1.684688,23
74,2007,2006,5,2,0.974325,1,1.684595,23
156,2007,2006,5,2,0.973875,1,1.684325,23
26,2015,2013,5,2,0.9735199999999999,1,1.684112,23
127,2015,2017,5,2,0.97341,1,1.684046,23
14,2015,2019,5,2,0.973075,1,1.683845,23
200,2015,2016,5,2,0.972685,1,1.683611,23
140,2015,2017,5,2,0.97165,1,1.6829900000000002,23
99,2015,2016,5,2,0.971615,1,1.682969,23
38,2011,2019,5,2,0.97143,1,1.682858,23
208,2015,2017,5,2,0.9714,1,1.6828400000000001,23
20,2015,2016,5,2,0.9713149999999999,1,1.682789,23
196,2011,2019,5,2,0.971185,1,1.682711,23
202,2007,2006,5,2,0.97115,1,1.68269,23
206,2011,2018,5,2,0.970065,1,1.682039,23
150,2011,2016,5,2,0.96973,1,1.681838,23
132,2011,2007,5,2,0.9691350000000001,1,1.6814810000000002,23
92,2015,2017,5,2,0.96815,1,1.68089,23
183,2015,2019,5,2,0.9679150000000001,1,1.680749,23
36,2015,2019,5,2,0.96791,1,1.680746,23
108,2015,2019,5,2,0.96791,1,1.680746,23
2,2015,2019,5,2,0.96791,1,1.680746,23
93,2015,2019,5,2,0.96753,1,1.6805180000000002,23
233,2015,2017,5,2,0.96753,1,1.6805180000000002,23
147,2011,2010,5,2,0.96742,1,1.680452,23
212,2011,2016,5,2,0.967265,1,1.6803590000000002,23
153,2011,2010,5,2,0.9670000000000001,1,1.6802000000000001,23
216,2015,2018,5,2,0.96697,1,1.680182,23
81,2015,2018,5,2,0.96697,1,1.680182,23
220,2015,2014,5,2,0.9666600000000001,1,1.679996,23
91,2015,2009,5,2,0.966405,1,1.679843,23
153,2015,2017,5,2,0.966315,1,1.679789,23
132,2011,2010,5,2,0.9662900000000001,1,1.679774,23
99,2015,2018,5,2,0.966075,1,1.679645,23
220,2011,2011,5,2,0.965945,1,1.679567,23
226,2015,2009,5,2,0.9657,1,1.67942,23
15,2015,2016,5,2,0.9652499999999999,1,1.67915,23
40,2015,2016,5,2,0.964055,1,1.678433,23
117,2015,2009,5,2,0.9638800000000001,1,1.678328,23
173,2015,2012,5,2,0.963875,2,1.678325,23
40,2015,2017,5,2,0.963785,1,1.678271,23
222,2015,2018,5,2,0.96367,1,1.6782020000000002,23
29,2011,2018,5,2,0.96366,1,1.678196,23
15,2015,2010,5,2,0.96339,1,1.678034,23
209,2015,2015,5,2,0.96328,1,1.6779680000000001,23
127,2015,2016,5,2,0.962975,1,1.677785,23
92,2015,2015,5,2,0.96292,1,1.677752,23
28,2011,2016,5,2,0.962375,1,1.677425,23
48,2011,2010,5,2,0.961795,1,1.6770770000000002,23
109,2015,2019,5,2,0.961635,1,1.676981,23
221,2015,2019,5,2,0.96159,1,1.676954,23
63,2015,2019,5,2,0.96159,1,1.676954,23
56,2015,2017,5,2,0.96159,1,1.676954,23
28,2015,2019,5,2,0.96159,1,1.676954,23
196,2015,2018,5,2,0.96159,1,1.676954,23
82,2015,2018,5,2,0.96159,1,1.676954,23
92,2015,2018,5,2,0.96159,1,1.676954,23
62,2015,2019,5,2,0.96159,1,1.676954,23
122,2015,2017,5,2,0.96159,1,1.676954,23
129,2015,2017,5,2,0.96159,1,1.676954,23
199,2015,2019,5,2,0.96159,1,1.676954,23
68,2015,2019,5,2,0.96159,1,1.676954,23
103,2015,2019,5,2,0.96159,1,1.676954,23
243,2015,2017,5,2,0.9612449999999999,1,1.676747,23
182,2015,2017,5,2,0.9612449999999999,1,1.676747,23
82,2011,2019,5,2,0.96121,1,1.676726,23
58,2015,2018,5,2,0.961165,1,1.6766990000000002,23
162,2015,2018,5,2,0.96109,1,1.676654,23
1,2015,2015,5,2,0.96094,1,1.676564,23
227,2015,2015,5,2,0.96094,1,1.676564,23
150,2015,2015,5,2,0.96094,1,1.676564,23
92,2015,2019,5,2,0.960815,1,1.6764890000000001,23
250,2015,2016,5,2,0.960815,1,1.6764890000000001,23
243,2015,2018,5,2,0.960815,1,1.6764890000000001,23
196,2015,2019,5,2,0.960815,1,1.6764890000000001,23
233,2015,2016,5,2,0.960585,1,1.676351,23
129,2015,2011,5,2,0.960325,1,1.676195,23
109,2015,2018,5,2,0.9601850000000001,1,1.6761110000000001,23
44,2015,2016,5,2,0.96013,1,1.676078,23
127,2015,2018,5,2,0.9595199999999999,1,1.6757119999999999,23
21,2015,2009,5,2,0.95935,1,1.67561,23
172,2015,2018,5,2,0.959295,1,1.675577,23
134,2015,2016,5,2,0.9588099999999999,1,1.675286,23
250,2015,2018,5,2,0.9584900000000001,1,1.675094,23
79,2006,2006,5,2,0.958485,1,1.675091,23
81,2015,2017,5,2,0.95798,1,1.674788,23
50,2015,2018,5,2,0.95743,1,1.674458,23
26,2015,2011,5,2,0.957415,1,1.674449,23
108,2015,2017,5,2,0.957395,1,1.6744370000000002,23
38,2011,2010,5,2,0.9572,1,1.6743200000000003,23
82,2011,2018,5,2,0.95706,1,1.674236,23
28,2011,2011,5,2,0.956985,1,1.674191,23
215,2011,2018,5,2,0.95659,1,1.6739540000000002,23
39,2006,2006,5,2,0.956285,1,1.6737710000000001,23
196,2011,2018,5,2,0.95618,1,1.673708,23
209,2015,2016,5,2,0.9557800000000001,1,1.6734680000000002,23
104,2015,2015,5,2,0.9555899999999999,1,1.673354,23
91,2011,2015,5,2,0.95557,1,1.673342,23
233,2015,2015,5,2,0.9551350000000001,1,1.6730810000000003,23
108,2015,2006,5,2,0.95489,1,1.6729340000000001,23
79,2015,2018,5,2,0.95488,1,1.6729280000000002,23
108,2015,2016,5,2,0.95476,1,1.6728560000000001,23
58,2015,2016,5,2,0.954635,1,1.672781,23
20,2011,2008,5,2,0.954615,1,1.6727690000000002,23
216,2015,2016,5,2,0.9535899999999999,1,1.672154,23
226,2015,2011,5,2,0.953535,1,1.6721210000000002,23
215,2011,2019,5,2,0.953535,1,1.6721210000000002,23
80,2011,2017,5,2,0.9535100000000001,1,1.672106,23
73,2015,2017,5,2,0.953365,1,1.6720190000000001,23
179,2011,2009,5,2,0.953025,1,1.671815,23
52,2015,2019,5,2,0.952825,1,1.6716950000000002,23
248,2015,2019,5,2,0.95259,1,1.671554,23
53,2015,2016,5,2,0.952395,2,1.671437,23
52,2011,2019,5,2,0.9523950000000001,1,1.671437,23
65,2015,2014,5,2,0.95183,1,1.6710980000000002,23
211,2011,2010,5,2,0.951565,1,1.6709390000000002,23
250,2015,2017,5,2,0.95149,1,1.670894,23
118,2011,2018,5,2,0.9513199999999999,1,1.670792,23
117,2011,2019,5,2,0.951155,1,1.670693,23
239,2015,2019,5,2,0.95095,1,1.67057,23
14,2011,2017,5,2,0.9506399999999999,1,1.6703839999999999,23
33,2011,2018,5,2,0.9504,1,1.6702400000000002,23
203,2011,2018,5,2,0.950275,1,1.670165,23
182,2015,2016,5,2,0.9501200000000001,1,1.6700720000000002,23
243,2015,2016,5,2,0.9501200000000001,1,1.6700720000000002,23
144,2015,2018,5,2,0.949885,1,1.669931,23
84,2009,2007,5,2,0.949255,1,1.669553,23
216,2015,2017,5,2,0.948885,1,1.6693310000000001,23
117,2011,2018,5,2,0.94868,1,1.669208,23
208,2011,2011,5,2,0.948275,1,1.668965,23
179,2011,2010,5,2,0.948,1,1.6688,23
174,2009,2008,5,2,0.947945,1,1.6687670000000001,23
103,2015,2007,5,2,0.9473499999999999,1,1.6684100000000002,23
215,2007,2006,5,2,0.946625,1,1.6679750000000002,23
234,2015,2009,5,2,0.9460999999999999,1,1.6676600000000001,23
249,2009,2019,5,2,0.945955,1,1.667573,23
17,2011,2019,5,2,0.9459299999999999,1,1.667558,23
21,2015,2017,5,2,0.9454499999999999,1,1.66727,23
112,2011,2017,5,2,0.945415,1,1.667249,23
43,2015,2009,5,2,0.945045,1,1.667027,23
92,2015,2014,5,2,0.94474,1,1.6668440000000002,23
134,2015,2015,5,2,0.9445699999999999,1,1.6667420000000002,23
99,2015,2015,5,2,0.9443950000000001,1,1.6666370000000001,23
209,2015,2017,5,2,0.944225,1,1.666535,23
156,2015,2018,5,2,0.9437249999999999,1,1.666235,23
102,2015,2014,5,2,0.943505,2,1.6661030000000001,23
21,2011,2019,5,2,0.94331,1,1.6659860000000002,23
138,2011,2018,5,2,0.94294,1,1.665764,23
208,2011,2010,5,2,0.9428350000000001,1,1.665701,23
101,2011,2018,5,2,0.942685,1,1.6656110000000002,23
249,2006,2014,5,2,0.94249,1,1.6654940000000003,23
167,2015,2018,5,2,0.94221,1,1.665326,23
132,2015,2017,5,2,0.94221,1,1.665326,23
153,2011,2019,5,2,0.94139,1,1.664834,23
147,2011,2006,5,2,0.94137,1,1.664822,23
34,2011,2011,5,2,0.9409099999999999,1,1.664546,23
6,2015,2013,5,2,0.940705,2,1.6644230000000002,23
107,2011,2019,5,2,0.940285,1,1.664171,23
129,2006,2013,5,2,0.93999,1,1.6639940000000002,23
129,2011,2011,5,2,0.939935,1,1.663961,23
211,2015,2014,5,2,0.93952,1,1.663712,23
156,2006,2006,5,2,0.93917,1,1.663502,23
65,2009,2016,5,2,0.93824,1,1.662944,23
33,2015,2014,5,2,0.938075,1,1.662845,23
208,2015,2008,5,2,0.93782,1,1.662692,23
195,2015,2014,5,2,0.937235,2,1.662341,23
79,2006,2008,5,2,0.937,1,1.6622000000000001,23
126,2007,2006,5,2,0.93668,1,1.6620080000000002,23
226,2015,2007,5,2,0.9362550000000001,1,1.661753,23
58,2015,2017,5,2,0.93623,1,1.6617380000000002,23
1,2011,2010,5,2,0.936185,1,1.661711,23
183,2011,2017,5,2,0.93582,1,1.661492,23
74,2015,2017,5,2,0.9349099999999999,1,1.660946,23
127,2015,2015,5,2,0.934495,1,1.660697,23
64,2011,2013,5,2,0.9337150000000001,1,1.6602290000000002,23
22,2007,2012,5,2,0.93346,1,1.660076,23
91,2015,2008,5,2,0.931995,1,1.659197,23
149,2006,2019,5,2,0.930905,1,1.658543,23
93,2015,2018,5,2,0.9307749999999999,1,1.658465,23
40,2015,2018,5,2,0.9306099999999999,1,1.658366,23
158,2015,2016,5,2,0.92954,2,1.657724,23
13,2015,2016,5,2,0.92879,1,1.6572740000000001,23
153,2009,2006,5,2,0.92797,1,1.6567820000000002,23
232,2015,2018,5,2,0.9273899999999999,1,1.656434,23
64,2011,2017,5,2,0.9269000000000001,1,1.6561400000000002,23
13,2015,2017,5,2,0.92665,1,1.65599,23
182,2015,2015,5,2,0.92448,1,1.6546880000000002,23
213,2015,2014,5,2,0.9244650000000001,1,1.6546790000000002,23
82,2015,2019,5,2,0.924455,1,1.654673,23
208,2011,2018,5,2,0.92358,1,1.6541480000000002,23
54,2015,2011,5,2,0.923485,1,1.6540910000000002,23
6,2006,2010,5,2,0.9226650000000001,1,1.6535990000000003,23
40,2007,2006,5,2,0.92176,1,1.653056,23
232,2015,2017,5,2,0.9204,1,1.65224,23
140,2009,2011,5,2,0.92037,1,1.652222,23
165,2007,2006,5,2,0.920335,1,1.652201,23
54,2015,2009,5,2,0.9195500000000001,1,1.6517300000000001,23
156,2011,2019,5,2,0.91798,1,1.650788,23
250,2015,2019,5,2,0.9165650000000001,1,1.6499390000000003,23
52,2007,2006,5,2,0.9109149999999999,1,1.646549,23
206,2007,2012,5,2,0.90974,1,1.645844,23
130,2015,2011,5,2,0.90912,1,1.645472,23
54,2015,2012,5,2,0.9030849999999999,1,1.641851,23
15,2006,2006,4,2,1.0,1,1.6,23
228,2006,2013,4,2,1.0,1,1.6,23
64,2006,2006,4,2,1.0,1,1.6,23
100,2006,2012,4,2,0.9992650000000001,1,1.5995590000000002,23
250,2012,2020,4,2,0.998525,1,1.5991149999999998,23
26,2011,2013,4,2,0.99817,1,1.5989019999999998,23
42,2006,2011,4,2,0.9976400000000001,1,1.598584,23
57,2011,2019,4,2,0.997355,1,1.5984129999999999,23
57,2006,2013,4,2,0.99592,1,1.5975519999999999,23
42,2006,2015,4,2,0.9953449999999999,1,1.597207,23
78,2012,2020,4,2,0.9946999999999999,1,1.59682,23
159,2011,2017,4,2,0.9939899999999999,1,1.596394,23
172,2011,2018,4,2,0.993735,1,1.596241,23
220,2012,2020,4,2,0.9936,1,1.59616,23
81,2011,2011,4,2,0.9931749999999999,1,1.595905,23
80,2011,2013,4,2,0.993005,1,1.595803,23
108,2011,2006,4,2,0.9928049999999999,1,1.595683,23
192,2011,2010,4,2,0.992755,1,1.595653,23
147,2011,2010,4,2,0.992445,1,1.595467,23
145,2006,2011,4,2,0.9923649999999999,1,1.595419,23
73,2006,2006,4,2,0.9923649999999999,1,1.595419,23
11,2006,2006,4,2,0.99188,1,1.5951279999999999,23
249,2011,2018,4,2,0.991625,1,1.5949749999999998,23
182,2011,2010,4,2,0.991575,1,1.594945,23
129,2011,2018,4,2,0.991005,1,1.594603,23
113,2006,2020,4,2,0.99099,1,1.5945939999999998,23
61,2011,2011,4,2,0.9906999999999999,1,1.59442,23
124,2006,2009,4,2,0.9906900000000001,1,1.594414,23
114,2006,2020,4,2,0.9899800000000001,1,1.593988,23
48,2011,2017,4,2,0.989595,1,1.593757,23
56,2011,2018,4,2,0.989535,1,1.593721,23
142,2011,2016,4,2,0.9894350000000001,1,1.593661,23
82,2012,2020,4,2,0.988795,1,1.593277,23
64,2011,2013,4,2,0.98776,1,1.5926559999999998,23
58,2011,2020,4,2,0.9876400000000001,1,1.592584,23
234,2011,2019,4,2,0.9874700000000001,1,1.592482,23
132,2011,2016,4,2,0.9874,1,1.5924399999999999,23
104,2011,2016,4,2,0.986845,1,1.592107,23
153,2011,2016,4,2,0.986845,1,1.592107,23
110,2011,2016,4,2,0.986845,1,1.592107,23
145,2011,2017,4,2,0.986785,1,1.592071,23
43,2011,2019,4,2,0.98648,1,1.591888,23
29,2012,2013,4,2,0.986375,1,1.591825,23
108,2011,2018,4,2,0.986315,1,1.591789,23
227,2011,2018,4,2,0.9858,1,1.59148,23
94,2012,2013,4,2,0.985325,1,1.591195,23
234,2011,2011,4,2,0.985325,1,1.591195,23
66,2011,2016,4,2,0.98509,1,1.591054,23
130,2011,2020,4,2,0.98505,1,1.59103,23
56,2011,2015,4,2,0.984765,1,1.590859,23
25,2011,2020,4,2,0.98455,1,1.59073,23
195,2011,2019,4,2,0.984445,1,1.5906669999999998,23
130,2011,2009,4,2,0.98444,1,1.5906639999999999,23
38,2011,2010,4,2,0.98422,1,1.590532,23
121,2011,2010,4,2,0.98404,1,1.590424,23
138,2011,2018,4,2,0.983935,1,1.5903610000000001,23
118,2011,2012,4,2,0.9839,1,1.5903399999999999,23
211,2011,2010,4,2,0.98325,1,1.58995,23
35,2006,2020,4,2,0.983045,1,1.589827,23
204,2006,2012,4,2,0.9829749999999999,1,1.589785,23
101,2011,2006,4,2,0.98274,1,1.5896439999999998,23
132,2011,2014,4,2,0.98231,1,1.589386,23
233,2006,2020,4,2,0.982285,1,1.5893709999999999,23
93,2011,2018,4,2,0.98218,1,1.589308,23
211,2011,2014,4,2,0.982105,1,1.5892629999999999,23
67,2011,2018,4,2,0.98209,1,1.589254,23
127,2011,2014,4,2,0.98073,1,1.588438,23
2,2011,2009,4,2,0.98055,1,1.58833,23
223,2011,2014,4,2,0.9804600000000001,1,1.588276,23
18,2011,2010,4,2,0.97968,1,1.5878079999999999,23
172,2011,2007,4,2,0.9796,1,1.5877599999999998,23
140,2011,2017,4,2,0.97923,1,1.587538,23
153,2011,2020,4,2,0.9791650000000001,1,1.587499,23
239,2011,2017,4,2,0.979095,1,1.5874570000000001,23
205,2011,2012,4,2,0.979065,1,1.5874389999999998,23
144,2006,2006,4,2,0.979,1,1.5874,23
110,2011,2015,4,2,0.97871,1,1.5872259999999998,23
82,2006,2009,4,2,0.978345,1,1.5870069999999998,23
202,2011,2017,4,2,0.978225,1,1.586935,23
250,2011,2013,4,2,0.9781949999999999,1,1.586917,23
140,2011,2012,4,2,0.978165,1,1.5868989999999998,23
98,2011,2015,4,2,0.9780800000000001,1,1.586848,23
183,2011,2006,4,2,0.977915,1,1.586749,23
130,2011,2010,4,2,0.977865,1,1.586719,23
170,2011,2011,4,2,0.977765,1,1.586659,23
15,2011,2011,4,2,0.977765,1,1.586659,23
100,2006,2020,4,2,0.97763,1,1.5865779999999998,23
150,2006,2006,4,2,0.977545,1,1.586527,23
29,2011,2018,4,2,0.977515,1,1.586509,23
215,2012,2020,4,2,0.97724,1,1.586344,23
99,2011,2020,4,2,0.976845,1,1.586107,23
181,2011,2013,4,2,0.976715,1,1.586029,23
65,2017,2016,4,2,0.976695,2,1.586017,23
44,2011,2014,4,2,0.976475,1,1.585885,23
69,2011,2013,4,2,0.976465,1,1.585879,23
13,2011,2014,4,2,0.9762850000000001,1,1.585771,23
220,2012,2012,4,2,0.9760599999999999,1,1.585636,23
220,2011,2012,4,2,0.976005,1,1.5856029999999999,23
132,2011,2018,4,2,0.97591,1,1.585546,23
18,2011,2019,4,2,0.975895,1,1.585537,23
37,2017,2016,4,2,0.9757450000000001,2,1.585447,23
121,2011,2009,4,2,0.975735,1,1.5854409999999999,23
110,2011,2020,4,2,0.975525,1,1.585315,23
93,2011,2012,4,2,0.9748300000000001,1,1.584898,23
170,2006,2020,4,2,0.974685,1,1.584811,23
14,2011,2019,4,2,0.974205,1,1.584523,23
79,2006,2006,4,2,0.9741500000000001,1,1.5844900000000002,23
45,2011,2020,4,2,0.97404,1,1.5844239999999998,23
137,2006,2020,4,2,0.973965,1,1.584379,23
158,2006,2020,4,2,0.9735199999999999,1,1.584112,23
130,2006,2014,4,2,0.973105,1,1.583863,23
196,2006,2009,4,2,0.973015,1,1.583809,23
92,2012,2014,4,2,0.9728950000000001,1,1.5837370000000002,23
110,2012,2020,4,2,0.972865,1,1.5837189999999999,23
180,2011,2010,4,2,0.972755,1,1.583653,23
177,2011,2014,4,2,0.9726250000000001,1,1.5835750000000002,23
43,2011,2016,4,2,0.972495,1,1.583497,23
137,2011,2018,4,2,0.97221,1,1.583326,23
227,2011,2019,4,2,0.9721850000000001,1,1.5833110000000001,23
74,2011,2019,4,2,0.971975,1,1.5831849999999998,23
232,2011,2007,4,2,0.97194,1,1.583164,23
93,2011,2011,4,2,0.97166,1,1.582996,23
26,2011,2012,4,2,0.971615,1,1.5829689999999998,23
99,2011,2019,4,2,0.971555,1,1.582933,23
153,2006,2006,4,2,0.9714050000000001,1,1.582843,23
215,2006,2006,4,2,0.9714050000000001,1,1.582843,23
182,2011,2018,4,2,0.9713849999999999,1,1.582831,23
109,2011,2019,4,2,0.9713149999999999,1,1.582789,23
25,2011,2014,4,2,0.9712099999999999,1,1.582726,23
38,2012,2020,4,2,0.97098,1,1.5825879999999999,23
69,2011,2017,4,2,0.970395,1,1.5822370000000001,23
117,2012,2020,4,2,0.9703649999999999,1,1.5822189999999998,23
226,2006,2020,4,2,0.97035,1,1.58221,23
72,2011,2018,4,2,0.970175,1,1.5821049999999999,23
183,2011,2017,4,2,0.969955,1,1.581973,23
72,2011,2019,4,2,0.9699500000000001,1,1.58197,23
114,2011,2011,4,2,0.9699500000000001,1,1.58197,23
192,2011,2018,4,2,0.969935,1,1.581961,23
100,2011,2017,4,2,0.969725,1,1.5818349999999999,23
61,2011,2018,4,2,0.96959,1,1.581754,23
103,2011,2010,4,2,0.969545,1,1.5817269999999999,23
200,2011,2018,4,2,0.969525,1,1.581715,23
249,2012,2013,4,2,0.9694149999999999,1,1.581649,23
66,2012,2016,4,2,0.9694149999999999,1,1.581649,23
249,2012,2014,4,2,0.9694149999999999,1,1.581649,23
194,2011,2011,4,2,0.9694100000000001,1,1.581646,23
56,2011,2017,4,2,0.96931,1,1.581586,23
109,2011,2009,4,2,0.9691449999999999,1,1.581487,23
152,2011,2011,4,2,0.969115,1,1.5814689999999998,23
158,2011,2010,4,2,0.969115,1,1.5814689999999998,23
122,2011,2019,4,2,0.969075,1,1.581445,23
208,2012,2012,4,2,0.9690399999999999,1,1.581424,23
171,2011,2018,4,2,0.968985,1,1.581391,23
205,2011,2015,4,2,0.96879,1,1.581274,23
126,2011,2020,4,2,0.9687600000000001,1,1.581256,23
220,2006,2013,4,2,0.9684900000000001,1,1.581094,23
219,2011,2017,4,2,0.9684299999999999,1,1.581058,23
21,2006,2014,4,2,0.968295,1,1.5809769999999999,23
39,2006,2006,4,2,0.968295,1,1.5809769999999999,23
17,2006,2014,4,2,0.968295,1,1.5809769999999999,23
35,2011,2013,4,2,0.96824,1,1.5809440000000001,23
202,2011,2016,4,2,0.96823,1,1.580938,23
149,2011,2012,4,2,0.96808,1,1.580848,23
130,2011,2017,4,2,0.9680500000000001,1,1.5808300000000002,23
108,2011,2014,4,2,0.9678549999999999,1,1.5807129999999998,23
165,2011,2011,4,2,0.967835,1,1.580701,23
210,2011,2017,4,2,0.9676400000000001,1,1.580584,23
118,2011,2013,4,2,0.967625,1,1.580575,23
3,2011,2016,4,2,0.9675549999999999,1,1.580533,23
67,2011,2011,4,2,0.967515,1,1.580509,23
144,2011,2015,4,2,0.967465,1,1.580479,23
28,2011,2011,4,2,0.96739,1,1.580434,23
203,2011,2016,4,2,0.96733,1,1.580398,23
72,2011,2017,4,2,0.9671050000000001,1,1.580263,23
62,2011,2011,4,2,0.9670799999999999,1,1.580248,23
25,2011,2013,4,2,0.967,1,1.5802,23
156,2012,2020,4,2,0.9669099999999999,1,1.580146,23
94,2011,2011,4,2,0.9668749999999999,1,1.5801249999999998,23
43,2006,2012,4,2,0.966735,1,1.580041,23
18,2011,2008,4,2,0.9666399999999999,1,1.579984,23
138,2006,2020,4,2,0.96663,1,1.579978,23
34,2011,2016,4,2,0.96648,1,1.579888,23
200,2011,2014,4,2,0.96638,1,1.579828,23
37,2011,2011,4,2,0.9661150000000001,1,1.579669,23
118,2011,2017,4,2,0.96593,1,1.579558,23
223,2011,2013,4,2,0.96593,1,1.579558,23
91,2011,2017,4,2,0.96593,1,1.579558,23
179,2011,2009,4,2,0.965895,1,1.579537,23
119,2011,2011,4,2,0.96565,1,1.57939,23
229,2011,2007,4,2,0.96521,1,1.579126,23
147,2012,2006,4,2,0.9651799999999999,1,1.579108,23
167,2011,2019,4,2,0.96516,1,1.5790959999999998,23
25,2011,2011,4,2,0.964955,1,1.578973,23
141,2011,2019,4,2,0.964905,1,1.578943,23
221,2011,2015,4,2,0.964635,1,1.578781,23
138,2006,2006,4,2,0.9645250000000001,1,1.5787149999999999,23
33,2011,2018,4,2,0.9644999999999999,1,1.5787,23
52,2011,2011,4,2,0.9645,1,1.5787,23
238,2011,2011,4,2,0.9643,1,1.57858,23
13,2011,2017,4,2,0.96424,1,1.578544,23
84,2006,2014,4,2,0.96417,1,1.5785019999999998,23
15,2011,2012,4,2,0.963735,1,1.578241,23
198,2011,2015,4,2,0.963525,1,1.578115,23
179,2011,2014,4,2,0.9634,1,1.57804,23
219,2011,2019,4,2,0.963355,1,1.5780129999999999,23
86,2011,2007,4,2,0.963355,1,1.5780129999999999,23
86,2011,2018,4,2,0.96335,1,1.57801,23
239,2011,2008,4,2,0.963335,1,1.578001,23
213,2011,2013,4,2,0.9633050000000001,1,1.5779830000000001,23
195,2011,2016,4,2,0.96301,1,1.577806,23
149,2011,2015,4,2,0.96292,1,1.5777519999999998,23
28,2011,2006,4,2,0.96279,1,1.577674,23
130,2011,2018,4,2,0.962475,1,1.5774849999999998,23
208,2012,2011,4,2,0.9622850000000001,1,1.5773709999999999,23
80,2011,2017,4,2,0.96227,1,1.577362,23
1,2011,2017,4,2,0.96224,1,1.577344,23
219,2011,2018,4,2,0.9619850000000001,1,1.577191,23
52,2011,2019,4,2,0.9619800000000001,1,1.577188,23
167,2006,2020,4,2,0.961935,1,1.5771609999999998,23
119,2011,2019,4,2,0.96187,1,1.5771220000000001,23
236,2011,2015,4,2,0.961665,1,1.5769989999999998,23
113,2011,2017,4,2,0.961415,1,1.576849,23
114,2011,2020,4,2,0.961245,1,1.5767470000000001,23
63,2006,2009,4,2,0.9611350000000001,1,1.576681,23
82,2006,2006,4,2,0.9609650000000001,1,1.5765790000000002,23
100,2011,2011,4,2,0.96071,1,1.576426,23
173,2006,2020,4,2,0.9606399999999999,1,1.576384,23
61,2011,2008,4,2,0.96035,1,1.57621,23
80,2011,2010,4,2,0.9601649999999999,1,1.576099,23
57,2011,2017,4,2,0.960145,1,1.576087,23
49,2011,2016,4,2,0.96001,1,1.576006,23
29,2011,2014,4,2,0.959755,1,1.575853,23
96,2011,2012,4,2,0.95967,1,1.575802,23
129,2012,2013,4,2,0.959665,1,1.575799,23
222,2011,2016,4,2,0.95962,1,1.575772,23
249,2006,2014,4,2,0.959595,1,1.5757569999999999,23
229,2011,2010,4,2,0.959565,1,1.575739,23
62,2006,2008,4,2,0.9595450000000001,1,1.575727,23
108,2011,2008,4,2,0.959225,1,1.575535,23
80,2011,2016,4,2,0.95921,1,1.575526,23
38,2011,2015,4,2,0.958935,1,1.575361,23
42,2011,2009,4,2,0.95843,1,1.5750579999999998,23
74,2011,2017,4,2,0.95841,1,1.575046,23
192,2011,2019,4,2,0.9578800000000001,1,1.574728,23
205,2011,2019,4,2,0.957795,1,1.5746769999999999,23
18,2011,2014,4,2,0.95743,1,1.574458,23
148,2011,2014,4,2,0.957415,1,1.574449,23
117,2011,2017,4,2,0.9572350000000001,1,1.574341,23
177,2011,2018,4,2,0.95722,1,1.574332,23
198,2011,2011,4,2,0.95685,1,1.5741100000000001,23
19,2011,2010,4,2,0.95677,1,1.574062,23
242,2006,2015,4,2,0.95675,1,1.57405,23
197,2011,2012,4,2,0.95642,1,1.573852,23
91,2011,2010,4,2,0.9563600000000001,1,1.5738159999999999,23
195,2011,2010,4,2,0.95631,1,1.5737860000000001,23
72,2011,2014,4,2,0.9561999999999999,1,1.5737199999999998,23
144,2011,2013,4,2,0.95614,1,1.573684,23
67,2011,2014,4,2,0.955925,1,1.573555,23
200,2011,2011,4,2,0.95591,1,1.573546,23
220,2006,2018,4,2,0.9559,1,1.57354,23
129,2006,2014,4,2,0.9558800000000001,1,1.573528,23
196,2011,2017,4,2,0.95582,1,1.573492,23
54,2011,2014,4,2,0.9557549999999999,1,1.5734529999999998,23
54,2017,2012,4,2,0.955665,2,1.573399,23
134,2006,2007,4,2,0.955655,1,1.573393,23
40,2006,2006,4,2,0.955655,1,1.573393,23
129,2012,2012,4,2,0.955605,1,1.573363,23
213,2011,2018,4,2,0.955465,1,1.5732789999999999,23
91,2011,2015,4,2,0.95528,1,1.573168,23
120,2011,2019,4,2,0.9552750000000001,1,1.573165,23
213,2011,2010,4,2,0.95521,1,1.573126,23
203,2011,2018,4,2,0.954665,1,1.5727989999999998,23
150,2011,2016,4,2,0.954585,1,1.572751,23
199,2017,2019,4,2,0.954325,2,1.572595,23
2,2011,2018,4,2,0.9542900000000001,1,1.572574,23
34,2011,2018,4,2,0.954145,1,1.572487,23
132,2011,2017,4,2,0.9540500000000001,1,1.57243,23
150,2011,2010,4,2,0.9540200000000001,1,1.572412,23
157,2011,2012,4,2,0.9540150000000001,1,1.572409,23
203,2011,2017,4,2,0.95393,1,1.572358,23
94,2011,2018,4,2,0.9538249999999999,1,1.572295,23
129,2006,2013,4,2,0.95372,1,1.572232,23
61,2011,2017,4,2,0.95358,1,1.5721479999999999,23
204,2011,2010,4,2,0.95357,1,1.572142,23
57,2011,2011,4,2,0.95354,1,1.572124,23
92,2012,2016,4,2,0.9535,1,1.5720999999999998,23
152,2006,2013,4,2,0.95347,1,1.572082,23
132,2011,2010,4,2,0.953395,1,1.572037,23
33,2011,2020,4,2,0.95338,1,1.572028,23
208,2011,2011,4,2,0.95337,1,1.572022,23
227,2011,2015,4,2,0.95333,1,1.571998,23
226,2011,2017,4,2,0.953245,1,1.571947,23
56,2011,2016,4,2,0.95319,1,1.571914,23
243,2011,2018,4,2,0.95307,1,1.571842,23
238,2011,2012,4,2,0.95289,1,1.571734,23
199,2011,2013,4,2,0.95282,1,1.571692,23
104,2011,2017,4,2,0.95278,1,1.5716679999999998,23
249,2012,2016,4,2,0.952745,1,1.571647,23
152,2011,2010,4,2,0.9526950000000001,1,1.571617,23
133,2006,2013,4,2,0.9525300000000001,1,1.5715180000000002,23
222,2011,2015,4,2,0.9525,1,1.5715,23
119,2011,2016,4,2,0.95235,1,1.57141,23
148,2006,2011,4,2,0.9522649999999999,1,1.571359,23
91,2011,2016,4,2,0.952025,1,1.571215,23
142,2011,2017,4,2,0.951975,1,1.5711849999999998,23
150,2011,2009,4,2,0.95197,1,1.5711819999999999,23
149,2006,2019,4,2,0.951965,1,1.5711789999999999,23
216,2011,2020,4,2,0.95187,1,1.571122,23
212,2012,2017,4,2,0.95187,1,1.571122,23
165,2012,2020,4,2,0.95185,1,1.57111,23
58,2006,2010,4,2,0.95185,1,1.57111,23
229,2011,2008,4,2,0.9518,1,1.5710799999999998,23
204,2011,2019,4,2,0.951785,1,1.5710709999999999,23
86,2011,2014,4,2,0.95174,1,1.571044,23
150,2011,2014,4,2,0.95174,1,1.571044,23
53,2011,2014,4,2,0.95174,1,1.571044,23
121,2017,2016,4,2,0.9517100000000001,2,1.571026,23
118,2006,2008,4,2,0.951695,1,1.5710169999999999,23
170,2011,2017,4,2,0.951695,1,1.5710169999999999,23
222,2011,2019,4,2,0.9515899999999999,1,1.570954,23
42,2006,2020,4,2,0.95146,1,1.570876,23
152,2011,2007,4,2,0.9514149999999999,1,1.570849,23
182,2017,2017,4,2,0.9511000000000001,2,1.5706600000000002,23
144,2011,2018,4,2,0.951085,1,1.5706509999999998,23
203,2011,2015,4,2,0.95094,1,1.570564,23
110,2012,2018,4,2,0.95079,1,1.570474,23
92,2011,2019,4,2,0.950775,1,1.570465,23
167,2011,2015,4,2,0.950455,1,1.570273,23
117,2011,2018,4,2,0.95043,1,1.570258,23
126,2011,2009,4,2,0.950415,1,1.570249,23
65,2006,2020,4,2,0.9503999999999999,1,1.57024,23
131,2011,2012,4,2,0.9503699999999999,1,1.5702219999999998,23
102,2006,2020,4,2,0.95021,1,1.5701260000000001,23
108,2006,2020,4,2,0.949975,1,1.569985,23
199,2011,2011,4,2,0.9498800000000001,1,1.569928,23
198,2011,2014,4,2,0.9497599999999999,1,1.569856,23
198,2012,2018,4,2,0.949645,1,1.5697869999999998,23
194,2011,2015,4,2,0.9496249999999999,1,1.569775,23
56,2011,2009,4,2,0.9493199999999999,1,1.569592,23
52,2011,2018,4,2,0.949105,1,1.5694629999999998,23
173,2011,2013,4,2,0.94905,1,1.56943,23
235,2011,2014,4,2,0.94901,1,1.5694059999999999,23
123,2011,2006,4,2,0.9488650000000001,1,1.5693190000000001,23
99,2011,2011,4,2,0.94885,1,1.56931,23
37,2017,2014,4,2,0.94869,2,1.569214,23
50,2011,2013,4,2,0.9485049999999999,1,1.569103,23
62,2011,2010,4,2,0.9480500000000001,1,1.5688300000000002,23
149,2011,2014,4,2,0.94803,1,1.568818,23
173,2011,2014,4,2,0.948,1,1.5688,23
126,2011,2019,4,2,0.947755,1,1.5686529999999999,23
25,2011,2019,4,2,0.94764,1,1.568584,23
209,2006,2020,4,2,0.94747,1,1.568482,23
92,2011,2013,4,2,0.947405,1,1.568443,23
82,2011,2009,4,2,0.9471449999999999,1,1.5682869999999998,23
101,2011,2019,4,2,0.947055,1,1.568233,23
43,2011,2013,4,2,0.94705,1,1.5682299999999998,23
39,2006,2007,4,2,0.94705,1,1.5682299999999998,23
3,2017,2017,4,2,0.94686,2,1.5681159999999998,23
152,2011,2013,4,2,0.946805,1,1.5680830000000001,23
169,2011,2012,4,2,0.946795,1,1.5680770000000002,23
79,2011,2017,4,2,0.9467399999999999,1,1.568044,23
197,2011,2009,4,2,0.946715,1,1.5680290000000001,23
40,2011,2015,4,2,0.94626,1,1.567756,23
196,2011,2020,4,2,0.946205,1,1.567723,23
44,2011,2012,4,2,0.946205,1,1.567723,23
36,2006,2006,4,2,0.9462,1,1.56772,23
11,2011,2018,4,2,0.946165,1,1.567699,23
14,2011,2017,4,2,0.946155,1,1.567693,23
63,2011,2019,4,2,0.94601,1,1.567606,23
101,2011,2011,4,2,0.945855,1,1.567513,23
86,2011,2016,4,2,0.945785,1,1.5674709999999998,23
233,2011,2019,4,2,0.945635,1,1.5673810000000001,23
22,2011,2010,4,2,0.94543,1,1.5672579999999998,23
133,2006,2018,4,2,0.945415,1,1.567249,23
31,2011,2009,4,2,0.945385,1,1.567231,23
142,2011,2013,4,2,0.945335,1,1.5672009999999998,23
34,2011,2010,4,2,0.945335,1,1.5672009999999998,23
192,2011,2015,4,2,0.94528,1,1.5671680000000001,23
19,2011,2020,4,2,0.94528,1,1.5671680000000001,23
137,2011,2019,4,2,0.94526,1,1.567156,23
150,2011,2018,4,2,0.945255,1,1.5671529999999998,23
86,2011,2017,4,2,0.9451700000000001,1,1.567102,23
94,2006,2020,4,2,0.94501,1,1.5670060000000001,23
19,2011,2014,4,2,0.944925,1,1.566955,23
43,2011,2010,4,2,0.9446,1,1.56676,23
233,2011,2018,4,2,0.944565,1,1.566739,23
33,2011,2017,4,2,0.9445250000000001,1,1.5667149999999999,23
192,2011,2014,4,2,0.94432,1,1.566592,23
1,2011,2011,4,2,0.9442349999999999,1,1.566541,23
73,2011,2016,4,2,0.9442299999999999,1,1.566538,23
158,2011,2013,4,2,0.944215,1,1.566529,23
44,2011,2013,4,2,0.94414,1,1.566484,23
148,2011,2015,4,2,0.9439200000000001,1,1.5663520000000002,23
107,2011,2020,4,2,0.9435899999999999,1,1.566154,23
103,2011,2016,4,2,0.943485,1,1.5660910000000001,23
170,2011,2016,4,2,0.9431,1,1.56586,23
29,2006,2015,4,2,0.942935,1,1.565761,23
39,2011,2010,4,2,0.9427650000000001,1,1.5656590000000001,23
18,2011,2018,4,2,0.94248,1,1.565488,23
171,2011,2008,4,2,0.942345,1,1.565407,23
53,2011,2017,4,2,0.94187,1,1.5651220000000001,23
170,2011,2015,4,2,0.941835,1,1.5651009999999999,23
130,2011,2015,4,2,0.94182,1,1.565092,23
223,2011,2015,4,2,0.9417500000000001,1,1.56505,23
144,2011,2010,4,2,0.94174,1,1.5650439999999999,23
9,2011,2011,4,2,0.941605,1,1.564963,23
147,2011,2018,4,2,0.941555,1,1.564933,23
234,2011,2018,4,2,0.941415,1,1.564849,23
93,2011,2014,4,2,0.9411700000000001,1,1.564702,23
29,2011,2011,4,2,0.940725,1,1.564435,23
142,2011,2010,4,2,0.940455,1,1.564273,23
236,2006,2014,4,2,0.9403600000000001,1,1.564216,23
238,2011,2014,4,2,0.94023,1,1.564138,23
53,2011,2011,4,2,0.94011,1,1.564066,23
86,2011,2015,4,2,0.9398500000000001,1,1.56391,23
205,2011,2018,4,2,0.93959,1,1.5637539999999999,23
200,2011,2010,4,2,0.939495,1,1.563697,23
233,2011,2011,4,2,0.9393849999999999,1,1.563631,23
177,2012,2020,4,2,0.93921,1,1.563526,23
37,2011,2013,4,2,0.93875,1,1.56325,23
181,2011,2009,4,2,0.938555,1,1.563133,23
153,2011,2019,4,2,0.9383,1,1.56298,23
194,2011,2017,4,2,0.937755,1,1.562653,23
80,2011,2009,4,2,0.93767,1,1.562602,23
197,2011,2006,4,2,0.937265,1,1.5623589999999998,23
35,2011,2017,4,2,0.93685,1,1.56211,23
109,2011,2013,4,2,0.936825,1,1.562095,23
56,2011,2014,4,2,0.93682,1,1.5620919999999998,23
219,2006,2006,4,2,0.9367650000000001,1,1.562059,23
42,2011,2017,4,2,0.93668,1,1.562008,23
59,2011,2008,4,2,0.936515,1,1.561909,23
205,2012,2013,4,2,0.93641,1,1.561846,23
96,2011,2010,4,2,0.936355,1,1.561813,23
183,2011,2010,4,2,0.9362950000000001,1,1.5617770000000002,23
1,2011,2018,4,2,0.93624,1,1.561744,23
13,2006,2006,4,2,0.93593,1,1.561558,23
36,2006,2007,4,2,0.935805,1,1.561483,23
169,2011,2011,4,2,0.9354899999999999,1,1.561294,23
222,2011,2010,4,2,0.9354899999999999,1,1.561294,23
18,2011,2009,4,2,0.935255,1,1.561153,23
13,2006,2020,4,2,0.93499,1,1.560994,23
122,2011,2011,4,2,0.93485,1,1.5609099999999998,23
50,2006,2014,4,2,0.934315,1,1.560589,23
109,2011,2017,4,2,0.93428,1,1.560568,23
2,2011,2014,4,2,0.933975,1,1.5603850000000001,23
53,2011,2013,4,2,0.93345,1,1.56007,23
81,2011,2015,4,2,0.932985,1,1.559791,23
14,2011,2018,4,2,0.932945,1,1.559767,23
220,2006,2012,4,2,0.93282,1,1.559692,23
203,2011,2008,4,2,0.932795,1,1.559677,23
158,2006,2008,4,2,0.932695,1,1.559617,23
63,2011,2008,4,2,0.93268,1,1.5596079999999999,23
181,2011,2006,4,2,0.93264,1,1.559584,23
162,2006,2007,4,2,0.93257,1,1.559542,23
66,2012,2017,4,2,0.9315599999999999,1,1.558936,23
131,2011,2017,4,2,0.931365,1,1.558819,23
142,2011,2020,4,2,0.931325,1,1.558795,23
134,2011,2014,4,2,0.93123,1,1.558738,23
122,2011,2012,4,2,0.931025,1,1.558615,23
219,2011,2013,4,2,0.92998,1,1.557988,23
114,2011,2014,4,2,0.929755,1,1.557853,23
232,2011,2019,4,2,0.929675,1,1.557805,23
48,2011,2011,4,2,0.9293149999999999,1,1.557589,23
52,2011,2015,4,2,0.929,1,1.5574,23
183,2011,2014,4,2,0.92869,1,1.557214,23
108,2006,2009,4,2,0.928555,1,1.5571329999999999,23
133,2006,2019,4,2,0.92844,1,1.557064,23
174,2011,2011,4,2,0.928415,1,1.5570490000000001,23
114,2011,2010,4,2,0.928415,1,1.5570490000000001,23
118,2011,2018,4,2,0.92841,1,1.557046,23
150,2011,2011,4,2,0.928375,1,1.5570249999999999,23
129,2011,2017,4,2,0.92809,1,1.556854,23
171,2011,2007,4,2,0.927645,1,1.556587,23
37,2011,2018,4,2,0.927325,1,1.556395,23
43,2011,2012,4,2,0.9263699999999999,1,1.555822,23
210,2011,2016,4,2,0.9263250000000001,1,1.555795,23
35,2011,2012,4,2,0.9263250000000001,1,1.555795,23
107,2012,2020,4,2,0.926215,1,1.555729,23
144,2011,2016,4,2,0.9261550000000001,1,1.555693,23
48,2011,2010,4,2,0.926005,1,1.555603,23
216,2011,2017,4,2,0.9256599999999999,1,1.555396,23
199,2011,2007,4,2,0.925245,1,1.5551469999999998,23
93,2011,2013,4,2,0.923395,1,1.5540370000000001,23
109,2011,2011,4,2,0.922385,1,1.553431,23
180,2006,2020,4,2,0.92226,1,1.553356,23
3,2011,2015,4,2,0.9221550000000001,1,1.553293,23
37,2011,2008,4,2,0.92171,1,1.553026,23
147,2006,2006,4,2,0.921465,1,1.552879,23
142,2011,2012,4,2,0.9207650000000001,1,1.552459,23
172,2011,2006,4,2,0.920165,1,1.5520990000000001,23
242,2011,2006,4,2,0.920095,1,1.552057,23
131,2006,2020,4,2,0.91958,1,1.551748,23
28,2011,2010,4,2,0.91919,1,1.551514,23
107,2011,2016,4,2,0.9191450000000001,1,1.551487,23
78,2011,2012,4,2,0.91913,1,1.551478,23
2,2011,2013,4,2,0.918795,1,1.551277,23
142,2011,2011,4,2,0.918185,1,1.5509110000000002,23
142,2011,2009,4,2,0.9177550000000001,1,1.550653,23
78,2011,2019,4,2,0.91688,1,1.550128,23
133,2006,2008,4,2,0.91679,1,1.550074,23
208,2012,2020,4,2,0.91279,1,1.547674,23
249,2012,2015,4,2,0.91279,1,1.547674,23
145,2011,2009,4,2,0.91191,1,1.5471460000000001,23
204,2011,2012,4,2,0.910935,1,1.546561,23
81,2011,2010,4,2,0.91001,1,1.546006,23
152,2011,2006,4,2,0.90706,1,1.544236,23
216,2011,2011,4,2,0.904115,1,1.542469,23
49,2011,2009,4,2,0.9032100000000001,1,1.5419260000000001,23
180,2011,2009,4,2,0.9030549999999999,1,1.541833,23
215,2011,2011,4,2,0.902495,1,1.5414970000000001,23
110,2001,2009,3,2,1.0,1,1.5,23
81,2001,2014,3,2,1.0,1,1.5,23
176,2006,2006,3,2,1.0,1,1.5,23
102,2006,2007,3,2,1.0,1,1.5,23
100,2006,2006,3,2,1.0,1,1.5,23
31,2006,2006,3,2,1.0,1,1.5,23
138,2001,2000,3,2,1.0,1,1.5,23
117,2006,2006,3,2,1.0,1,1.5,23
33,2006,2008,3,2,1.0,1,1.5,23
215,2001,2012,3,2,1.0,1,1.5,23
43,2006,2008,3,2,1.0,1,1.5,23
79,2007,2018,3,2,0.999995,1,1.499997,23
25,2011,2019,3,2,0.999985,1,1.499991,23
223,2011,2019,3,2,0.999965,1,1.499979,23
211,2011,2017,3,2,0.99996,1,1.499976,23
33,2011,2011,3,2,0.99995,1,1.49997,23
222,2011,2011,3,2,0.99988,1,1.4999280000000002,23
63,2007,2020,3,2,0.99987,1,1.499922,23
206,2011,2018,3,2,0.999845,1,1.4999069999999999,23
112,2011,2018,3,2,0.999835,1,1.499901,23
74,2011,2010,3,2,0.9998,1,1.49988,23
196,2011,2019,3,2,0.99978,1,1.499868,23
45,2011,2017,3,2,0.99978,1,1.499868,23
217,2011,2021,3,2,0.99976,1,1.4998559999999999,23
198,2011,2011,3,2,0.9996499999999999,1,1.49979,23
239,2011,2019,3,2,0.999625,1,1.499775,23
80,2011,2018,3,2,0.99961,1,1.4997660000000002,23
63,2011,2019,3,2,0.999575,1,1.4997449999999999,23
198,2011,2017,3,2,0.999575,1,1.4997449999999999,23
211,2011,2019,3,2,0.999545,1,1.499727,23
110,2011,2021,3,2,0.99953,1,1.499718,23
222,2011,2012,3,2,0.99953,1,1.499718,23
78,2011,2012,3,2,0.9994700000000001,1,1.499682,23
179,2011,2011,3,2,0.999455,1,1.499673,23
215,2011,2021,3,2,0.999455,1,1.499673,23
228,2011,2018,3,2,0.9994449999999999,1,1.499667,23
94,2011,2018,3,2,0.999375,1,1.499625,23
80,2011,2010,3,2,0.999315,1,1.4995889999999998,23
33,2011,2018,3,2,0.99916,1,1.4994960000000002,23
195,2011,2011,3,2,0.9991399999999999,1,1.4994839999999998,23
52,2011,2010,3,2,0.998935,1,1.499361,23
53,2011,2017,3,2,0.998895,1,1.4993370000000001,23
179,2011,2010,3,2,0.9988049999999999,1,1.499283,23
120,2011,2017,3,2,0.99859,1,1.4991539999999999,23
209,2007,2020,3,2,0.9985200000000001,1,1.499112,23
170,2011,2016,3,2,0.998375,1,1.499025,23
250,2011,2009,3,2,0.99837,1,1.499022,23
117,2011,2010,3,2,0.99836,1,1.4990160000000001,23
147,2011,2006,3,2,0.99829,1,1.498974,23
229,2011,2017,3,2,0.99827,1,1.4989620000000001,23
250,2011,2021,3,2,0.99817,1,1.498902,23
198,2011,2018,3,2,0.9980450000000001,1,1.498827,23
13,2011,2017,3,2,0.998035,1,1.498821,23
183,2011,2019,3,2,0.998035,1,1.498821,23
134,2011,2010,3,2,0.9980199999999999,1,1.498812,23
98,2011,2017,3,2,0.99802,1,1.498812,23
16,2011,2010,3,2,0.997925,1,1.498755,23
53,2011,2010,3,2,0.99788,1,1.4987279999999998,23
121,2011,2010,3,2,0.997825,1,1.498695,23
134,2011,2017,3,2,0.997775,1,1.498665,23
78,2011,2018,3,2,0.99777,1,1.498662,23
45,2011,2010,3,2,0.99753,1,1.498518,23
37,2011,2019,3,2,0.997475,1,1.498485,23
63,2011,2017,3,2,0.997475,1,1.498485,23
92,2011,2019,3,2,0.99732,1,1.498392,23
167,2011,2019,3,2,0.99722,1,1.498332,23
25,2011,2020,3,2,0.9972099999999999,1,1.498326,23
19,2011,2010,3,2,0.9971650000000001,1,1.498299,23
113,2011,2017,3,2,0.99716,1,1.498296,23
54,2011,2018,3,2,0.99705,1,1.49823,23
14,2011,2018,3,2,0.99701,1,1.498206,23
239,2011,2018,3,2,0.99682,1,1.498092,23
209,2007,2021,3,2,0.9966999999999999,1,1.49802,23
49,2011,2021,3,2,0.9966999999999999,1,1.49802,23
166,2011,2018,3,2,0.99669,1,1.498014,23
34,2011,2011,3,2,0.99668,1,1.498008,23
6,2011,2018,3,2,0.996645,1,1.497987,23
221,2011,2016,3,2,0.99664,1,1.497984,23
45,2011,2019,3,2,0.99663,1,1.497978,23
150,2011,2018,3,2,0.996605,1,1.497963,23
197,2011,2006,3,2,0.996505,1,1.497903,23
222,2007,2015,3,2,0.9964999999999999,1,1.4979,23
91,2011,2016,3,2,0.9964999999999999,1,1.4979,23
14,2011,2017,3,2,0.9964999999999999,1,1.4979,23
63,2011,2009,3,2,0.99641,1,1.497846,23
92,2011,2020,3,2,0.996335,1,1.497801,23
78,2011,2020,3,2,0.99621,1,1.4977260000000001,23
181,2011,2016,3,2,0.996095,1,1.497657,23
62,2011,2011,3,2,0.996095,1,1.497657,23
220,2011,2016,3,2,0.99605,1,1.49763,23
49,2007,2018,3,2,0.9960450000000001,1,1.497627,23
80,2011,2017,3,2,0.99603,1,1.4976180000000001,23
33,2011,2015,3,2,0.996015,1,1.497609,23
131,2011,2010,3,2,0.996015,1,1.497609,23
249,2011,2018,3,2,0.995935,1,1.4975610000000001,23
132,2011,2014,3,2,0.9958750000000001,1,1.497525,23
209,2006,2012,3,2,0.99562,1,1.497372,23
114,2011,2018,3,2,0.995565,1,1.497339,23
102,2011,2017,3,2,0.995315,1,1.497189,23
43,2007,2011,3,2,0.99529,1,1.497174,23
167,2011,2017,3,2,0.99524,1,1.497144,23
102,2011,2010,3,2,0.995215,1,1.497129,23
22,2011,2017,3,2,0.9951099999999999,1,1.497066,23
156,2011,2017,3,2,0.995105,1,1.497063,23
226,2011,2014,3,2,0.994965,1,1.496979,23
81,2011,2017,3,2,0.9948699999999999,1,1.496922,23
152,2011,2021,3,2,0.9948699999999999,1,1.496922,23
61,2011,2006,3,2,0.9948699999999999,1,1.496922,23
18,2011,2009,3,2,0.9948699999999999,1,1.496922,23
208,2011,2010,3,2,0.994845,1,1.496907,23
149,2011,2009,3,2,0.9948349999999999,1,1.4969009999999998,23
195,2011,2010,3,2,0.994725,1,1.496835,23
15,2011,2017,3,2,0.99471,1,1.496826,23
117,2011,2018,3,2,0.994685,1,1.4968110000000001,23
33,2011,2019,3,2,0.9946349999999999,1,1.496781,23
113,2011,2015,3,2,0.9946349999999999,1,1.496781,23
112,2011,2017,3,2,0.99461,1,1.496766,23
182,2011,2018,3,2,0.9944200000000001,1,1.496652,23
130,2011,2017,3,2,0.9943649999999999,1,1.496619,23
174,2011,2018,3,2,0.9942599999999999,1,1.496556,23
159,2011,2018,3,2,0.994255,1,1.496553,23
118,2011,2015,3,2,0.99424,1,1.496544,23
123,2011,2016,3,2,0.994205,1,1.496523,23
11,2011,2018,3,2,0.99417,1,1.496502,23
180,2011,2018,3,2,0.99413,1,1.496478,23
134,2011,2014,3,2,0.99411,1,1.496466,23
84,2011,2017,3,2,0.9940599999999999,1,1.496436,23
156,2001,2004,3,2,0.99393,1,1.4963579999999999,23
110,2001,2012,3,2,0.993915,1,1.496349,23
133,2007,2018,3,2,0.993915,1,1.496349,23
1,2011,2019,3,2,0.9938899999999999,1,1.496334,23
229,2011,2010,3,2,0.9938549999999999,1,1.496313,23
45,2011,2014,3,2,0.993845,1,1.4963069999999998,23
72,2001,2004,3,2,0.993695,1,1.4962170000000001,23
101,2011,2016,3,2,0.993645,1,1.496187,23
45,2011,2021,3,2,0.993635,1,1.496181,23
66,2011,2017,3,2,0.9934700000000001,1,1.496082,23
196,2011,2017,3,2,0.993405,1,1.496043,23
81,2011,2011,3,2,0.9934000000000001,1,1.49604,23
18,2011,2008,3,2,0.9934000000000001,1,1.49604,23
226,2007,2021,3,2,0.9934,1,1.4960399999999998,23
82,2011,2021,3,2,0.99322,1,1.495932,23
129,2007,2013,3,2,0.99312,1,1.4958719999999999,23
219,2007,2013,3,2,0.99312,1,1.4958719999999999,23
205,2007,2015,3,2,0.99312,1,1.4958719999999999,23
92,2007,2015,3,2,0.99312,1,1.4958719999999999,23
203,2011,2018,3,2,0.993045,1,1.495827,23
211,2011,2020,3,2,0.9930399999999999,1,1.4958239999999998,23
227,2011,2017,3,2,0.99298,1,1.4957880000000001,23
118,2011,2018,3,2,0.992785,1,1.495671,23
38,2011,2017,3,2,0.99265,1,1.49559,23
6,2011,2006,3,2,0.9925299999999999,1,1.495518,23
54,2011,2014,3,2,0.9925299999999999,1,1.495518,23
182,2011,2009,3,2,0.992505,1,1.495503,23
33,2011,2010,3,2,0.99248,1,1.495488,23
219,2011,2009,3,2,0.99232,1,1.4953919999999998,23
222,2001,2013,3,2,0.9923,1,1.49538,23
126,2011,2017,3,2,0.9922599999999999,1,1.495356,23
179,2001,2005,3,2,0.992205,1,1.495323,23
26,2011,2016,3,2,0.992205,1,1.495323,23
15,2011,2021,3,2,0.9921599999999999,1,1.495296,23
67,2011,2014,3,2,0.9921599999999999,1,1.495296,23
45,2011,2018,3,2,0.99211,1,1.495266,23
204,2011,2015,3,2,0.99197,1,1.495182,23
108,2011,2018,3,2,0.991915,1,1.495149,23
15,2011,2010,3,2,0.99181,1,1.4950860000000001,23
219,2011,2011,3,2,0.99168,1,1.495008,23
29,2011,2018,3,2,0.99163,1,1.4949780000000001,23
172,2007,2011,3,2,0.99157,1,1.494942,23
219,2011,2017,3,2,0.9914149999999999,1,1.4948489999999999,23
174,2011,2010,3,2,0.9914,1,1.49484,23
48,2011,2013,3,2,0.9914,1,1.49484,23
6,2011,2017,3,2,0.99131,1,1.494786,23
233,2001,2016,3,2,0.991275,1,1.4947650000000001,23
167,2011,2018,3,2,0.991195,1,1.494717,23
142,2011,2017,3,2,0.99108,1,1.494648,23
195,2011,2021,3,2,0.99099,1,1.494594,23
223,2011,2014,3,2,0.99099,1,1.494594,23
223,2011,2021,3,2,0.99099,1,1.494594,23
103,2011,2021,3,2,0.99099,1,1.494594,23
222,2011,2013,3,2,0.99099,1,1.494594,23
9,2011,2009,3,2,0.99095,1,1.49457,23
227,2011,2018,3,2,0.990945,1,1.494567,23
91,2011,2018,3,2,0.990795,1,1.4944769999999998,23
20,2011,2015,3,2,0.99078,1,1.494468,23
92,2011,2018,3,2,0.990685,1,1.494411,23
152,2011,2017,3,2,0.990525,1,1.4943149999999998,23
103,2011,2018,3,2,0.9905200000000001,1,1.494312,23
181,2011,2017,3,2,0.99037,1,1.494222,23
86,2011,2018,3,2,0.990355,1,1.494213,23
150,2011,2019,3,2,0.9903299999999999,1,1.494198,23
233,2011,2006,3,2,0.990305,1,1.494183,23
117,2011,2017,3,2,0.9901150000000001,1,1.494069,23
137,2011,2016,3,2,0.990075,1,1.494045,23
81,2011,2007,3,2,0.989965,1,1.493979,23
167,2011,2016,3,2,0.98995,1,1.49397,23
67,2011,2018,3,2,0.989905,1,1.493943,23
103,2011,2008,3,2,0.989825,1,1.493895,23
69,2007,2019,3,2,0.9898199999999999,1,1.493892,23
20,2011,2018,3,2,0.989725,1,1.493835,23
171,2011,2017,3,2,0.9896050000000001,1,1.493763,23
98,2011,2007,3,2,0.9895799999999999,1,1.493748,23
134,2007,2018,3,2,0.9895149999999999,1,1.493709,23
100,2011,2016,3,2,0.9894000000000001,1,1.49364,23
9,2011,2010,3,2,0.9893,1,1.4935800000000001,23
162,2011,2013,3,2,0.9893,1,1.4935800000000001,23
65,2007,2017,3,2,0.9892799999999999,1,1.493568,23
123,2011,2015,3,2,0.98918,1,1.4935079999999998,23
199,2011,2018,3,2,0.98909,1,1.493454,23
92,2007,2016,3,2,0.9889699999999999,1,1.493382,23
174,2011,2015,3,2,0.98886,1,1.493316,23
138,2011,2018,3,2,0.988735,1,1.493241,23
202,2011,2017,3,2,0.988715,1,1.493229,23
243,2011,2021,3,2,0.98868,1,1.493208,23
195,2011,2016,3,2,0.9886349999999999,1,1.4931809999999999,23
196,2011,2018,3,2,0.988625,1,1.493175,23
38,2011,2016,3,2,0.98847,1,1.493082,23
25,2011,2018,3,2,0.988335,1,1.493001,23
18,2011,2014,3,2,0.98821,1,1.492926,23
92,2011,2014,3,2,0.98811,1,1.492866,23
79,2011,2020,3,2,0.9879800000000001,1,1.492788,23
26,2001,2008,3,2,0.987975,1,1.492785,23
121,2011,2016,3,2,0.98795,1,1.4927700000000002,23
65,2007,2018,3,2,0.9878800000000001,1,1.492728,23
217,2011,2009,3,2,0.9878499999999999,1,1.49271,23
153,2011,2017,3,2,0.9878199999999999,1,1.492692,23
196,2011,2020,3,2,0.98775,1,1.49265,23
200,2011,2017,3,2,0.9877400000000001,1,1.492644,23
150,2007,2015,3,2,0.98769,1,1.492614,23
45,2007,2020,3,2,0.98769,1,1.492614,23
232,2001,2001,3,2,0.987625,1,1.492575,23
54,2011,2016,3,2,0.987535,1,1.492521,23
59,2011,2017,3,2,0.9874,1,1.49244,23
203,2011,2017,3,2,0.9873799999999999,1,1.4924279999999999,23
44,2011,2016,3,2,0.98736,1,1.492416,23
53,2011,2006,3,2,0.987335,1,1.492401,23
134,2011,2021,3,2,0.9872650000000001,1,1.492359,23
100,2001,2002,3,2,0.987175,1,1.492305,23
29,2007,2015,3,2,0.9870049999999999,1,1.492203,23
229,2011,2015,3,2,0.9869950000000001,1,1.492197,23
19,2011,2017,3,2,0.98699,1,1.492194,23
219,2011,2016,3,2,0.986745,1,1.492047,23
202,2011,2018,3,2,0.9866900000000001,1,1.4920140000000002,23
28,2011,2010,3,2,0.98668,1,1.492008,23
53,2011,2018,3,2,0.9866349999999999,1,1.491981,23
103,2011,2017,3,2,0.98661,1,1.4919660000000001,23
80,2011,2016,3,2,0.986545,1,1.491927,23
239,2011,2021,3,2,0.986315,1,1.491789,23
82,2011,2016,3,2,0.9862599999999999,1,1.491756,23
33,2011,2007,3,2,0.9862299999999999,1,1.491738,23
35,2011,2016,3,2,0.986185,1,1.491711,23
216,2001,2011,3,2,0.9861800000000001,1,1.491708,23
226,2001,2010,3,2,0.986105,1,1.491663,23
132,2011,2010,3,2,0.986085,1,1.491651,23
229,2011,2021,3,2,0.986035,1,1.4916209999999999,23
3,2011,2019,3,2,0.98587,1,1.491522,23
52,2011,2014,3,2,0.98586,1,1.4915159999999998,23
215,2011,2011,3,2,0.985845,1,1.491507,23
25,2011,2010,3,2,0.985655,1,1.491393,23
78,2011,2019,3,2,0.985535,1,1.4913210000000001,23
25,2011,2016,3,2,0.985505,1,1.4913029999999998,23
100,2011,2017,3,2,0.985385,1,1.491231,23
204,2011,2014,3,2,0.985365,1,1.491219,23
239,2011,2016,3,2,0.985365,1,1.491219,23
17,2006,2021,3,2,0.985365,1,1.491219,23
226,2011,2007,3,2,0.985365,1,1.491219,23
217,2006,2016,3,2,0.985365,1,1.491219,23
78,2006,2009,3,2,0.985365,1,1.491219,23
9,2011,2015,3,2,0.98525,1,1.49115,23
206,2011,2019,3,2,0.9850749999999999,1,1.491045,23
163,2011,2021,3,2,0.98506,1,1.491036,23
182,2011,2017,3,2,0.985025,1,1.491015,23
145,2011,2017,3,2,0.98491,1,1.490946,23
165,2011,2021,3,2,0.98491,1,1.490946,23
108,2011,2013,3,2,0.9849049999999999,1,1.490943,23
67,2011,2011,3,2,0.98473,1,1.490838,23
99,2011,2017,3,2,0.98472,1,1.4908320000000002,23
54,2011,2017,3,2,0.984715,1,1.490829,23
235,2011,2014,3,2,0.984595,1,1.4907569999999999,23
239,2011,2015,3,2,0.984595,1,1.4907569999999999,23
34,2011,2010,3,2,0.984585,1,1.490751,23
53,2011,2016,3,2,0.98458,1,1.490748,23
229,2011,2016,3,2,0.984575,1,1.490745,23
222,2011,2017,3,2,0.9845349999999999,1,1.490721,23
213,2011,2017,3,2,0.98437,1,1.4906220000000001,23
16,2011,2009,3,2,0.98434,1,1.490604,23
35,2007,2014,3,2,0.98411,1,1.490466,23
182,2011,2016,3,2,0.98405,1,1.49043,23
173,2011,2016,3,2,0.984045,1,1.490427,23
101,2011,2019,3,2,0.98393,1,1.490358,23
101,2001,2000,3,2,0.98381,1,1.490286,23
20,2011,2017,3,2,0.98368,1,1.490208,23
44,2007,2014,3,2,0.98341,1,1.490046,23
122,2007,2015,3,2,0.98341,1,1.490046,23
36,2007,2014,3,2,0.98341,1,1.490046,23
108,2011,2017,3,2,0.9833700000000001,1,1.4900220000000002,23
243,2011,2017,3,2,0.9833000000000001,1,1.48998,23
104,2011,2017,3,2,0.9832449999999999,1,1.489947,23
67,2011,2017,3,2,0.983055,1,1.489833,23
226,2011,2017,3,2,0.98297,1,1.489782,23
57,2011,2018,3,2,0.98297,1,1.489782,23
33,2011,2017,3,2,0.982915,1,1.489749,23
67,2011,2010,3,2,0.982915,1,1.489749,23
215,2001,2008,3,2,0.98288,1,1.489728,23
162,2011,2019,3,2,0.9828,1,1.48968,23
1,2011,2018,3,2,0.98265,1,1.48959,23
222,2001,2010,3,2,0.982615,1,1.489569,23
132,2011,2017,3,2,0.98251,1,1.489506,23
198,2011,2014,3,2,0.98242,1,1.489452,23
121,2011,2017,3,2,0.98229,1,1.489374,23
54,2011,2010,3,2,0.982245,1,1.489347,23
219,2011,2012,3,2,0.982065,1,1.489239,23
48,2011,2009,3,2,0.982065,1,1.489239,23
25,2011,2017,3,2,0.98201,1,1.489206,23
198,2011,2007,3,2,0.98198,1,1.489188,23
137,2011,2017,3,2,0.981745,1,1.489047,23
208,2011,2017,3,2,0.98172,1,1.489032,23
6,2011,2021,3,2,0.98156,1,1.488936,23
10,2011,2011,3,2,0.98156,1,1.488936,23
81,2011,2018,3,2,0.981555,1,1.4889329999999998,23
157,2011,2016,3,2,0.981545,1,1.488927,23
15,2011,2018,3,2,0.98135,1,1.48881,23
62,2001,2003,3,2,0.98123,1,1.4887380000000001,23
101,2011,2018,3,2,0.9812000000000001,1,1.48872,23
31,2011,2009,3,2,0.981005,1,1.488603,23
20,2011,2016,3,2,0.980935,1,1.488561,23
110,2011,2019,3,2,0.98091,1,1.488546,23
28,2011,2016,3,2,0.98089,1,1.488534,23
123,2011,2018,3,2,0.98079,1,1.488474,23
1,2006,2020,3,2,0.98071,1,1.488426,23
29,2011,2017,3,2,0.98046,1,1.488276,23
117,2007,2012,3,2,0.9803850000000001,1,1.488231,23
57,2011,2017,3,2,0.98037,1,1.488222,23
81,2011,2006,3,2,0.9803299999999999,1,1.488198,23
182,2011,2010,3,2,0.98029,1,1.4881739999999999,23
152,2001,2018,3,2,0.980225,1,1.488135,23
19,2007,2016,3,2,0.9801850000000001,1,1.488111,23
91,2007,2020,3,2,0.9801850000000001,1,1.488111,23
86,2011,2016,3,2,0.980135,1,1.488081,23
249,2011,2021,3,2,0.9801150000000001,1,1.488069,23
110,2011,2017,3,2,0.9800800000000001,1,1.488048,23
109,2011,2013,3,2,0.980045,1,1.488027,23
126,2011,2006,3,2,0.980045,1,1.488027,23
101,2011,2012,3,2,0.98,1,1.488,23
144,2011,2017,3,2,0.979995,1,1.487997,23
91,2011,2015,3,2,0.979985,1,1.487991,23
181,2011,2006,3,2,0.979955,1,1.487973,23
63,2011,2020,3,2,0.97992,1,1.487952,23
233,2011,2018,3,2,0.9798849999999999,1,1.487931,23
119,2011,2010,3,2,0.97984,1,1.487904,23
134,2011,2018,3,2,0.9797549999999999,1,1.4878529999999999,23
26,2011,2010,3,2,0.9797,1,1.4878200000000001,23
114,2011,2010,3,2,0.97967,1,1.487802,23
68,2011,2021,3,2,0.979625,1,1.487775,23
82,2011,2017,3,2,0.979445,1,1.487667,23
182,2011,2006,3,2,0.97938,1,1.487628,23
124,2011,2017,3,2,0.979355,1,1.487613,23
38,2011,2018,3,2,0.979265,1,1.487559,23
153,2011,2018,3,2,0.97923,1,1.487538,23
78,2007,2013,3,2,0.9789749999999999,1,1.487385,23
78,2011,2013,3,2,0.978885,1,1.487331,23
63,2011,2021,3,2,0.978885,1,1.487331,23
45,2011,2013,3,2,0.97876,1,1.487256,23
3,2011,2020,3,2,0.978685,1,1.487211,23
42,2006,2012,3,2,0.9783200000000001,1,1.486992,23
9,2011,2014,3,2,0.9782599999999999,1,1.486956,23
203,2011,2011,3,2,0.978255,1,1.486953,23
192,2011,2007,3,2,0.97817,1,1.486902,23
220,2011,2021,3,2,0.9781599999999999,1,1.486896,23
170,2011,2014,3,2,0.978155,1,1.486893,23
66,2011,2021,3,2,0.978155,1,1.486893,23
118,2011,2017,3,2,0.9779800000000001,1,1.486788,23
61,2007,2014,3,2,0.97783,1,1.486698,23
21,2011,2018,3,2,0.977815,1,1.4866890000000001,23
179,2011,2008,3,2,0.9776,1,1.4865599999999999,23
26,2011,2017,3,2,0.97753,1,1.486518,23
126,2011,2015,3,2,0.977305,1,1.486383,23
200,2011,2018,3,2,0.97719,1,1.4863140000000001,23
197,2011,2016,3,2,0.97717,1,1.486302,23
78,2011,2017,3,2,0.977105,1,1.4862630000000001,23
58,2011,2011,3,2,0.977085,1,1.486251,23
89,2007,2014,3,2,0.977085,1,1.486251,23
138,2007,2021,3,2,0.977085,1,1.486251,23
137,2001,2001,3,2,0.977055,1,1.486233,23
142,2011,2013,3,2,0.97691,1,1.486146,23
6,2007,2021,3,2,0.97691,1,1.486146,23
43,2007,2012,3,2,0.97691,1,1.486146,23
108,2011,2016,3,2,0.976815,1,1.486089,23
82,2011,2018,3,2,0.976775,1,1.486065,23
147,2011,2010,3,2,0.976775,1,1.486065,23
102,2011,2016,3,2,0.9766649999999999,1,1.485999,23
29,2011,2019,3,2,0.976405,1,1.485843,23
150,2011,2017,3,2,0.97624,1,1.485744,23
22,2011,2018,3,2,0.97619,1,1.485714,23
243,2001,2004,3,2,0.97592,1,1.485552,23
239,2011,2017,3,2,0.975915,1,1.485549,23
39,2007,2011,3,2,0.975885,1,1.485531,23
79,2011,2017,3,2,0.97583,1,1.485498,23
174,2011,2021,3,2,0.975795,1,1.485477,23
226,2011,2015,3,2,0.9757199999999999,1,1.4854319999999999,23
129,2007,2018,3,2,0.9753499999999999,1,1.48521,23
229,2007,2020,3,2,0.975345,1,1.485207,23
157,2007,2006,3,2,0.975285,1,1.485171,23
150,2011,2010,3,2,0.975255,1,1.485153,23
203,2011,2016,3,2,0.9751799999999999,1,1.4851079999999999,23
205,2011,2018,3,2,0.9751099999999999,1,1.485066,23
3,2011,2021,3,2,0.9749749999999999,1,1.484985,23
140,2001,2014,3,2,0.9749049999999999,1,1.484943,23
211,2011,2014,3,2,0.97477,1,1.4848620000000001,23
53,2011,2013,3,2,0.974655,1,1.484793,23
171,2011,2013,3,2,0.974645,1,1.4847869999999999,23
93,2007,2020,3,2,0.9743999999999999,1,1.48464,23
236,2011,2006,3,2,0.9742999999999999,1,1.48458,23
179,2011,2007,3,2,0.9742999999999999,1,1.48458,23
48,2011,2011,3,2,0.9742999999999999,1,1.48458,23
156,2011,2021,3,2,0.9742999999999999,1,1.48458,23
40,2011,2011,3,2,0.9742999999999999,1,1.48458,23
107,2001,2006,3,2,0.974045,1,1.4844270000000002,23
13,2011,2014,3,2,0.97402,1,1.4844119999999998,23
131,2011,2019,3,2,0.974005,1,1.484403,23
61,2011,2008,3,2,0.973905,1,1.484343,23
20,2011,2010,3,2,0.973785,1,1.4842710000000001,23
37,2011,2016,3,2,0.97361,1,1.484166,23
152,2007,2013,3,2,0.97361,1,1.484166,23
120,2011,2016,3,2,0.97361,1,1.484166,23
72,2011,2014,3,2,0.97357,1,1.484142,23
26,2011,2011,3,2,0.97355,1,1.48413,23
36,2011,2006,3,2,0.973535,1,1.484121,23
57,2011,2016,3,2,0.9735149999999999,1,1.484109,23
222,2011,2010,3,2,0.9734149999999999,1,1.484049,23
131,2011,2018,3,2,0.972735,1,1.483641,23
102,2011,2013,3,2,0.97261,1,1.483566,23
153,2011,2016,3,2,0.97259,1,1.4835539999999998,23
21,2006,2007,3,2,0.9724550000000001,1,1.483473,23
114,2006,2006,3,2,0.9724550000000001,1,1.483473,23
44,2006,2011,3,2,0.9724550000000001,1,1.483473,23
236,2011,2010,3,2,0.9724550000000001,1,1.483473,23
33,2011,2014,3,2,0.9724550000000001,1,1.483473,23
54,2011,2015,3,2,0.972375,1,1.483425,23
215,2011,2017,3,2,0.97234,1,1.483404,23
72,2011,2017,3,2,0.97218,1,1.483308,23
43,2011,2016,3,2,0.9721299999999999,1,1.4832779999999999,23
16,2011,2017,3,2,0.97199,1,1.4831940000000001,23
45,2011,2015,3,2,0.971975,1,1.483185,23
210,2011,2013,3,2,0.9717899999999999,1,1.483074,23
22,2007,2010,3,2,0.97178,1,1.4830679999999998,23
192,2011,2010,3,2,0.971625,1,1.482975,23
113,2011,2018,3,2,0.9715050000000001,1,1.482903,23
40,2006,2020,3,2,0.971445,1,1.4828670000000002,23
120,2011,2011,3,2,0.9705900000000001,1,1.482354,23
123,2001,2006,3,2,0.970155,1,1.4820929999999999,23
89,2007,2017,3,2,0.9701,1,1.48206,23
101,2011,2006,3,2,0.96994,1,1.481964,23
117,2011,2009,3,2,0.9699249999999999,1,1.481955,23
101,2001,2015,3,2,0.9698800000000001,1,1.481928,23
26,2011,2009,3,2,0.969875,1,1.481925,23
35,2011,2017,3,2,0.969635,1,1.481781,23
20,2011,2009,3,2,0.96955,1,1.48173,23
29,2011,2011,3,2,0.96942,1,1.481652,23
64,2011,2010,3,2,0.96931,1,1.481586,23
33,2011,2008,3,2,0.9693,1,1.4815800000000001,23
22,2011,2011,3,2,0.969155,1,1.481493,23
173,2011,2014,3,2,0.969155,1,1.481493,23
227,2011,2021,3,2,0.9690650000000001,1,1.481439,23
242,2011,2010,3,2,0.9690650000000001,1,1.481439,23
82,2011,2019,3,2,0.968925,1,1.481355,23
81,2001,2020,3,2,0.96867,1,1.4812020000000001,23
19,2011,2014,3,2,0.968495,1,1.481097,23
110,2011,2012,3,2,0.96844,1,1.481064,23
17,2011,2017,3,2,0.96828,1,1.480968,23
44,2011,2021,3,2,0.96828,1,1.480968,23
208,2011,2011,3,2,0.96824,1,1.480944,23
250,2001,2019,3,2,0.96812,1,1.480872,23
92,2011,2017,3,2,0.96793,1,1.480758,23
14,2001,2001,3,2,0.96793,1,1.480758,23
127,2011,2017,3,2,0.967865,1,1.4807190000000001,23
39,2011,2010,3,2,0.96723,1,1.4803380000000002,23
138,2007,2011,3,2,0.967225,1,1.480335,23
48,2011,2016,3,2,0.9670749999999999,1,1.480245,23
218,2001,2017,3,2,0.96702,1,1.4802119999999999,23
229,2011,2014,3,2,0.967015,1,1.4802089999999999,23
109,2011,2017,3,2,0.96688,1,1.480128,23
221,2011,2019,3,2,0.966735,1,1.480041,23
48,2011,2012,3,2,0.9667,1,1.4800200000000001,23
53,2011,2009,3,2,0.966665,1,1.4799989999999998,23
123,2011,2017,3,2,0.9665349999999999,1,1.479921,23
54,2011,2013,3,2,0.9664649999999999,1,1.479879,23
229,2011,2009,3,2,0.96639,1,1.4798339999999999,23
66,2011,2016,3,2,0.966175,1,1.479705,23
176,2011,2011,3,2,0.96617,1,1.479702,23
170,2011,2015,3,2,0.96612,1,1.4796719999999999,23
226,2011,2016,3,2,0.9660299999999999,1,1.4796179999999999,23
79,2007,2006,3,2,0.9659800000000001,1,1.4795880000000001,23
157,2011,2019,3,2,0.965915,1,1.479549,23
9,2011,2018,3,2,0.96591,1,1.479546,23
26,2011,2021,3,2,0.965765,1,1.4794589999999999,23
100,2011,2012,3,2,0.96575,1,1.47945,23
108,2011,2015,3,2,0.9656549999999999,1,1.479393,23
11,2011,2017,3,2,0.96531,1,1.479186,23
229,2011,2020,3,2,0.964725,1,1.4788350000000001,23
122,2011,2017,3,2,0.9646600000000001,1,1.478796,23
120,2011,2010,3,2,0.96454,1,1.478724,23
204,2007,2012,3,2,0.964535,1,1.4787210000000002,23
150,2011,2021,3,2,0.96436,1,1.4786160000000002,23
228,2011,2009,3,2,0.9642850000000001,1,1.478571,23
92,2011,2021,3,2,0.9642850000000001,1,1.478571,23
38,2011,2021,3,2,0.9642850000000001,1,1.478571,23
211,2006,2006,3,2,0.9642850000000001,1,1.478571,23
213,2011,2009,3,2,0.9642850000000001,1,1.478571,23
73,2011,2017,3,2,0.963905,1,1.478343,23
101,2001,2013,3,2,0.9638450000000001,1,1.478307,23
147,2011,2012,3,2,0.9637899999999999,1,1.4782739999999999,23
223,2011,2020,3,2,0.96376,1,1.478256,23
199,2011,2015,3,2,0.963595,1,1.478157,23
72,2011,2013,3,2,0.963525,1,1.4781149999999998,23
26,2001,2015,3,2,0.963445,1,1.478067,23
243,2011,2009,3,2,0.963445,1,1.478067,23
122,2011,2020,3,2,0.963415,1,1.478049,23
50,2011,2013,3,2,0.96333,1,1.477998,23
234,2007,2013,3,2,0.96333,1,1.477998,23
223,2011,2015,3,2,0.96333,1,1.477998,23
140,2007,2012,3,2,0.963255,1,1.4779529999999999,23
45,2011,2020,3,2,0.962345,1,1.477407,23
20,2011,2008,3,2,0.962215,1,1.4773290000000001,23
86,2011,2007,3,2,0.96184,1,1.477104,23
108,2007,2014,3,2,0.9613050000000001,1,1.4767830000000002,23
150,2011,2020,3,2,0.9610799999999999,1,1.476648,23
219,2011,2013,3,2,0.960985,1,1.476591,23
29,2011,2010,3,2,0.960985,1,1.476591,23
93,2011,2021,3,2,0.960955,1,1.4765730000000001,23
48,2011,2010,3,2,0.960585,1,1.476351,23
132,2011,2018,3,2,0.9605,1,1.4763000000000002,23
239,2011,2020,3,2,0.960425,1,1.476255,23
198,2011,2010,3,2,0.9601,1,1.47606,23
142,2011,2016,3,2,0.959965,1,1.475979,23
73,2011,2018,3,2,0.95991,1,1.475946,23
45,2011,2009,3,2,0.959745,1,1.475847,23
196,2011,2016,3,2,0.959735,1,1.475841,23
117,2011,2021,3,2,0.9592700000000001,1,1.475562,23
233,2011,2007,3,2,0.95923,1,1.475538,23
118,2011,2016,3,2,0.959125,1,1.4754749999999999,23
86,2011,2017,3,2,0.95902,1,1.475412,23
249,2007,2013,3,2,0.9588300000000001,1,1.475298,23
108,2007,2013,3,2,0.9588300000000001,1,1.475298,23
133,2007,2007,3,2,0.9588300000000001,1,1.475298,23
158,2011,2021,3,2,0.9588300000000001,1,1.475298,23
123,2007,2007,3,2,0.9588300000000001,1,1.475298,23
72,2006,2010,3,2,0.9588300000000001,1,1.475298,23
147,2006,2007,3,2,0.9588300000000001,1,1.475298,23
39,2007,2021,3,2,0.9588300000000001,1,1.475298,23
174,2007,2018,3,2,0.9588300000000001,1,1.475298,23
223,2007,2011,3,2,0.9588300000000001,1,1.475298,23
19,2011,2009,3,2,0.958825,1,1.475295,23
67,2011,2012,3,2,0.958785,1,1.475271,23
238,2011,2017,3,2,0.95852,1,1.475112,23
108,2011,2021,3,2,0.958365,1,1.475019,23
37,2001,2018,3,2,0.9580249999999999,1,1.474815,23
200,2007,2013,3,2,0.958005,1,1.474803,23
15,2006,2008,3,2,0.95782,1,1.4746920000000001,23
177,2006,2021,3,2,0.95782,1,1.4746920000000001,23
91,2006,2021,3,2,0.95782,1,1.4746920000000001,23
101,2007,2011,3,2,0.957805,1,1.474683,23
213,2011,2010,3,2,0.95771,1,1.474626,23
212,2011,2016,3,2,0.9576,1,1.4745599999999999,23
114,2007,2020,3,2,0.957485,1,1.474491,23
108,2007,2021,3,2,0.957295,1,1.474377,23
96,2001,2017,3,2,0.957155,1,1.4742929999999999,23
162,2011,2021,3,2,0.9571350000000001,1,1.474281,23
126,2011,2007,3,2,0.9571350000000001,1,1.474281,23
121,2011,2009,3,2,0.95694,1,1.474164,23
99,2007,2010,3,2,0.956865,1,1.474119,23
78,2011,2021,3,2,0.95659,1,1.473954,23
142,2011,2014,3,2,0.956575,1,1.473945,23
120,2011,2007,3,2,0.956475,1,1.4738850000000001,23
100,2007,2021,3,2,0.956175,1,1.473705,23
59,2011,2016,3,2,0.955915,1,1.473549,23
28,2011,2017,3,2,0.955835,1,1.473501,23
101,2011,2011,3,2,0.9558249999999999,1,1.473495,23
89,2011,2019,3,2,0.955535,1,1.4733209999999999,23
133,2007,2009,3,2,0.95553,1,1.473318,23
59,2001,2003,3,2,0.9554400000000001,1,1.473264,23
35,2006,2020,3,2,0.955275,1,1.4731649999999998,23
78,2011,2011,3,2,0.9552700000000001,1,1.473162,23
150,2011,2016,3,2,0.955255,1,1.473153,23
2,2011,2018,3,2,0.95509,1,1.4730539999999999,23
138,2011,2017,3,2,0.95503,1,1.4730180000000002,23
120,2011,2018,3,2,0.95489,1,1.472934,23
91,2011,2019,3,2,0.95484,1,1.472904,23
211,2011,2018,3,2,0.9547950000000001,1,1.472877,23
220,2007,2011,3,2,0.9547399999999999,1,1.4728439999999998,23
197,2011,2009,3,2,0.954245,1,1.472547,23
228,2001,2000,3,2,0.954195,1,1.4725169999999999,23
177,2011,2017,3,2,0.9541599999999999,1,1.472496,23
103,2011,2019,3,2,0.9539599999999999,1,1.472376,23
74,2011,2011,3,2,0.95392,1,1.4723519999999999,23
54,2011,2009,3,2,0.953835,1,1.4723009999999999,23
137,2007,2021,3,2,0.9537,1,1.47222,23
179,2007,2011,3,2,0.9537,1,1.47222,23
123,2011,2006,3,2,0.953415,1,1.4720490000000002,23
18,2001,2007,3,2,0.95332,1,1.471992,23
26,2001,2019,3,2,0.9532799999999999,1,1.471968,23
61,2011,2014,3,2,0.953225,1,1.471935,23
220,2011,2013,3,2,0.95284,1,1.471704,23
68,2011,2017,3,2,0.95229,1,1.471374,23
163,2001,2016,3,2,0.952095,1,1.471257,23
112,2011,2010,3,2,0.9516100000000001,1,1.470966,23
196,2001,2009,3,2,0.951355,1,1.470813,23
206,2011,2010,3,2,0.950925,1,1.470555,23
170,2011,2017,3,2,0.95092,1,1.470552,23
163,2001,2005,3,2,0.950785,1,1.4704709999999999,23
234,2011,2021,3,2,0.9507,1,1.4704199999999998,23
82,2011,2015,3,2,0.95062,1,1.470372,23
61,2011,2016,3,2,0.950545,1,1.470327,23
79,2007,2007,3,2,0.95004,1,1.470024,23
17,2006,2008,3,2,0.95003,1,1.470018,23
209,2001,2016,3,2,0.949905,1,1.469943,23
50,2006,2008,3,2,0.94982,1,1.469892,23
17,2007,2010,3,2,0.94982,1,1.469892,23
249,2007,2016,3,2,0.94982,1,1.469892,23
194,2007,2007,3,2,0.94982,1,1.469892,23
134,2001,2017,3,2,0.949795,1,1.4698769999999999,23
61,2011,2007,3,2,0.949595,1,1.469757,23
98,2011,2016,3,2,0.9494199999999999,1,1.469652,23
10,2011,2017,3,2,0.94938,1,1.4696280000000002,23
120,2011,2012,3,2,0.94914,1,1.469484,23
96,2011,2010,3,2,0.948795,1,1.469277,23
140,2001,2016,3,2,0.948565,1,1.469139,23
20,2011,2007,3,2,0.948355,1,1.469013,23
180,2011,2017,3,2,0.947765,1,1.468659,23
204,2011,2009,3,2,0.94705,1,1.46823,23
157,2011,2010,3,2,0.94672,1,1.468032,23
29,2001,2005,3,2,0.946165,1,1.467699,23
21,2006,2020,3,2,0.94491,1,1.466946,23
13,2001,2004,3,2,0.94491,1,1.466946,23
89,2001,2008,3,2,0.9442550000000001,1,1.466553,23
73,2001,2006,3,2,0.9422,1,1.4653200000000002,23
100,2007,2014,3,2,0.94169,1,1.465014,23
122,2011,2021,3,2,0.94026,1,1.464156,23
112,2007,2008,3,2,0.939215,1,1.4635289999999999,23
18,2007,2020,3,2,0.939215,1,1.4635289999999999,23
219,2007,2020,3,2,0.939215,1,1.4635289999999999,23
158,2007,2021,3,2,0.939215,1,1.4635289999999999,23
215,2011,2016,3,2,0.93853,1,1.4631180000000001,23
82,2001,2007,3,2,0.9382349999999999,1,1.4629409999999998,23
92,2001,2015,3,2,0.937865,1,1.4627189999999999,23
181,2001,2011,3,2,0.93769,1,1.4626139999999999,23
74,2011,2016,3,2,0.93645,1,1.46187,23
58,2001,2004,3,2,0.935955,1,1.461573,23
72,2001,2012,3,2,0.9358299999999999,1,1.461498,23
114,2007,2014,3,2,0.93376,1,1.460256,23
220,2007,2018,3,2,0.93282,1,1.459692,23
108,2011,2014,3,2,0.93248,1,1.459488,23
49,2007,2017,3,2,0.9324600000000001,1,1.459476,23
121,2001,2016,3,2,0.9315199999999999,1,1.458912,23
183,2007,2014,3,2,0.931285,1,1.458771,23
133,2006,2014,3,2,0.931285,1,1.458771,23
14,2001,2014,3,2,0.931285,1,1.458771,23
28,2001,2018,3,2,0.92858,1,1.457148,23
78,2007,2012,3,2,0.927935,1,1.456761,23
198,2011,2008,3,2,0.92589,1,1.455534,23
167,2001,2000,3,2,0.92528,1,1.455168,23
177,2001,2009,3,2,0.92444,1,1.4546640000000002,23
93,2011,2017,3,2,0.9238649999999999,1,1.454319,23
13,2006,2021,3,2,0.923115,1,1.453869,23
