country_b_id_fk,start_year_a_fk,start_year_b_fk,pattern_length_fk,indexes,avg_corr,Power
108,2011,1995,8,1,0.98554,1.691324
225,2011,1993,8,1,0.98182,1.689092
195,2011,2010,8,1,0.9729,1.68374
168,2011,2004,8,1,0.96196,1.6771760000000002
144,2011,2010,8,1,0.95862,1.675172
24,2011,2005,8,1,0.95636,1.673816
242,2011,1979,8,1,0.95305,1.67183
65,2011,1964,8,1,0.95152,1.670912
173,2011,1994,8,1,0.946,1.6676000000000002
149,2011,1973,8,1,0.94514,1.667084
80,2011,2010,8,1,0.94348,1.666088
84,2011,1994,8,1,0.93776,1.6626560000000001
232,2011,1994,8,1,0.9359,1.66154
16,2011,2004,8,1,0.93499,1.660994
114,2011,1995,8,1,0.93074,1.658444
44,2011,1994,8,1,0.9298,1.65788
131,2011,2010,8,1,0.92853,1.657118
40,2011,1988,8,1,0.92728,1.656368
216,2011,2010,8,1,0.92634,1.655804
234,2011,2010,8,1,0.92618,1.6557080000000002
235,2011,1978,8,1,0.92154,1.652924
26,2011,1996,8,1,0.91915,1.6514900000000001
183,2011,1996,8,1,0.91665,1.64999
134,2011,1978,8,1,0.91644,1.649864
1,2011,2010,8,1,0.91438,1.648628
150,2011,1993,8,1,0.91354,1.6481240000000001
128,2011,1993,8,1,0.913,1.6478000000000002
138,2011,1977,8,1,0.91216,1.647296
166,2011,2010,8,1,0.91065,1.64639
156,2011,1986,8,1,0.90845,1.64507
72,2011,1978,8,1,0.90189,1.641134
103,2012,2011,7,1,0.98905,1.5934300000000001
48,2012,2011,7,1,0.9883,1.5929799999999998
124,2012,2016,7,1,0.98675,1.59205
112,2012,1985,7,1,0.9823,1.5893799999999998
250,2012,1980,7,1,0.98086,1.5885159999999998
72,2012,2016,7,1,0.97792,1.586752
243,2012,1985,7,1,0.97596,1.585576
250,2012,1988,7,1,0.97424,1.584544
239,2012,2013,7,1,0.96857,1.581142
138,2012,2016,7,1,0.96855,1.58113
48,2012,1981,7,1,0.96498,1.5789879999999998
159,2012,2012,7,1,0.9646,1.57876
43,2012,1989,7,1,0.96088,1.576528
179,2012,2011,7,1,0.96049,1.5762939999999999
238,2012,1979,7,1,0.95886,1.575316
89,2012,1982,7,1,0.95396,1.572376
187,2012,2016,7,1,0.95388,1.572328
31,2012,1979,7,1,0.95373,1.572238
223,2012,1989,7,1,0.95101,1.570606
173,2012,1995,7,1,0.94422,1.566532
13,2012,2011,7,1,0.94333,1.565998
20,2012,2011,7,1,0.94107,1.564642
180,2012,2011,7,1,0.94097,1.564582
117,2012,2011,7,1,0.9402,1.56412
124,2012,1990,7,1,0.9389,1.56334
166,2012,2011,7,1,0.93567,1.561402
113,2012,2011,7,1,0.93221,1.559326
3,2012,2011,7,1,0.9313,1.55878
170,2012,1984,7,1,0.92924,1.557544
99,2012,2005,7,1,0.92839,1.557034
110,2012,1993,7,1,0.92632,1.5557919999999998
182,2012,2011,7,1,0.92617,1.5557020000000001
6,2012,2011,7,1,0.9249,1.55494
109,2012,1980,7,1,0.92399,1.5543939999999998
157,2012,1985,7,1,0.92178,1.5530680000000001
62,2012,1995,7,1,0.92136,1.552816
177,2012,1979,7,1,0.92037,1.552222
195,2012,2011,7,1,0.91943,1.551658
99,2012,1979,7,1,0.91904,1.551424
40,2012,2011,7,1,0.91648,1.549888
183,2012,1987,7,1,0.91588,1.549528
63,2012,1998,7,1,0.91577,1.5494620000000001
73,2012,1988,7,1,0.91274,1.547644
94,2012,1988,7,1,0.91067,1.546402
36,2012,1961,7,1,0.90973,1.545838
226,2012,2012,7,1,0.90816,1.544896
235,2012,2005,7,1,0.90699,1.544194
165,2012,2011,7,1,0.90678,1.544068
219,2012,2012,7,1,0.9066,1.54396
108,2012,1978,7,1,0.90594,1.543564
82,2012,1996,7,1,0.90394,1.542364
172,2012,1980,7,1,0.90391,1.542346
233,2012,2010,7,1,0.90268,1.541608
101,2012,1994,7,1,0.90219,1.5413139999999999
221,2012,1994,7,1,0.90185,1.54111
72,2012,2016,6,1,0.9947,1.49682
103,2012,2011,6,1,0.9913,1.49478
112,2012,1985,6,1,0.99119,1.494714
124,2012,2016,6,1,0.99054,1.4943240000000002
249,2012,2011,6,1,0.98899,1.493394
248,2012,2012,6,1,0.98804,1.4928240000000002
48,2012,2011,6,1,0.98774,1.492644
138,2012,2016,6,1,0.98754,1.492524
250,2012,1980,6,1,0.98407,1.4904420000000003
250,2012,1988,6,1,0.98166,1.4889960000000002
238,2012,1979,6,1,0.98133,1.488798
170,2012,1984,6,1,0.97741,1.4864460000000002
243,2012,1985,6,1,0.97669,1.486014
239,2012,2013,6,1,0.97592,1.4855520000000002
48,2012,1981,6,1,0.9686,1.48116
62,2012,1995,6,1,0.96296,1.477776
213,2012,2016,6,1,0.96291,1.4777460000000002
159,2012,2012,6,1,0.96267,1.477602
110,2012,2009,6,1,0.96183,1.4770980000000002
180,2012,2011,6,1,0.96096,1.476576
179,2012,2011,6,1,0.96078,1.4764680000000001
43,2012,1989,6,1,0.95911,1.4754660000000002
187,2012,2016,6,1,0.9564,1.47384
249,2012,1979,6,1,0.95331,1.4719860000000002
195,2012,2011,6,1,0.95322,1.4719320000000002
223,2012,1989,6,1,0.95269,1.4716140000000002
31,2012,1979,6,1,0.95239,1.4714340000000001
168,2012,2005,6,1,0.95162,1.4709720000000002
31,2012,1995,6,1,0.95118,1.4707080000000001
89,2012,1982,6,1,0.95106,1.4706360000000003
63,2012,2013,6,1,0.94968,1.469808
63,2012,1998,6,1,0.94962,1.469772
233,2012,2010,6,1,0.94728,1.4683680000000001
142,2012,2011,6,1,0.94665,1.4679900000000001
128,2012,2016,6,1,0.94513,1.467078
217,2012,2007,6,1,0.9437,1.46622
117,2012,2011,6,1,0.9432,1.4659200000000001
173,2012,1995,6,1,0.94095,1.4645700000000001
13,2012,2011,6,1,0.94021,1.4641260000000003
20,2012,2011,6,1,0.93982,1.463892
109,2012,1980,6,1,0.93827,1.462962
92,2012,1994,6,1,0.93776,1.4626560000000002
166,2012,2011,6,1,0.93734,1.462404
6,2012,2011,6,1,0.93651,1.461906
124,2012,1990,6,1,0.9353,1.4611800000000001
110,2012,1993,6,1,0.93522,1.461132
119,2012,1994,6,1,0.93442,1.460652
3,2012,2011,6,1,0.93425,1.46055
113,2012,2011,6,1,0.93128,1.458768
108,2012,1996,6,1,0.93049,1.458294
93,2012,1978,6,1,0.92752,1.456512
96,2012,1985,6,1,0.927,1.4562000000000002
15,2012,2011,6,1,0.92573,1.455438
99,2012,2005,6,1,0.9251,1.45506
54,2012,1987,6,1,0.92377,1.454262
108,2012,1978,6,1,0.92362,1.4541720000000002
235,2012,2005,6,1,0.92337,1.4540220000000001
183,2012,1987,6,1,0.92336,1.4540160000000002
182,2012,2011,6,1,0.92152,1.452912
99,2012,1979,6,1,0.92045,1.45227
21,2012,1978,6,1,0.91973,1.4518380000000002
113,2012,1995,6,1,0.91932,1.4515920000000002
124,2012,1998,6,1,0.91776,1.4506560000000002
157,2012,1985,6,1,0.91763,1.4505780000000001
181,2012,1987,6,1,0.91744,1.4504640000000002
198,2012,2016,6,1,0.91638,1.4498280000000001
172,2012,1980,6,1,0.91551,1.449306
177,2012,1979,6,1,0.91531,1.449186
80,2012,2011,6,1,0.91427,1.4485620000000001
188,2012,2016,6,1,0.91392,1.448352
232,2012,1986,6,1,0.91358,1.4481480000000002
68,2012,2010,6,1,0.91294,1.447764
40,2012,2011,6,1,0.91219,1.447314
212,2012,2014,6,1,0.91075,1.44645
101,2012,1994,6,1,0.91055,1.4463300000000001
219,2012,2012,6,1,0.90996,1.4459760000000002
94,2012,1988,6,1,0.90855,1.4451300000000002
193,2012,2006,6,1,0.90842,1.445052
73,2012,1988,6,1,0.90762,1.444572
226,2012,2012,6,1,0.90648,1.443888
165,2012,2011,6,1,0.90645,1.44387
82,2012,1996,6,1,0.90555,1.44333
43,2012,2011,6,1,0.90466,1.442796
213,2012,1985,6,1,0.90404,1.442424
36,2012,1961,6,1,0.90401,1.442406
44,2012,1979,6,1,0.90191,1.4411460000000003
99,2012,1964,6,1,0.90065,1.44039
144,2012,1986,6,1,0.90017,1.440102
72,2013,2017,5,1,0.99839,1.3990339999999999
124,2013,2017,5,1,0.99694,1.398164
250,2013,1989,5,1,0.9963,1.39778
171,2013,1995,5,1,0.99379,1.396274
103,2013,2012,5,1,0.9929,1.39574
48,2013,2012,5,1,0.99288,1.395728
165,2013,2012,5,1,0.99195,1.39517
112,2013,1986,5,1,0.99152,1.3949120000000002
248,2013,2013,5,1,0.99089,1.3945340000000002
228,2013,2015,5,1,0.99039,1.394234
250,2013,2003,5,1,0.98968,1.393808
2,2013,1988,5,1,0.98956,1.393736
40,2013,2012,5,1,0.98956,1.393736
249,2013,2012,5,1,0.9888,1.39328
14,2013,1997,5,1,0.98842,1.393052
81,2013,1997,5,1,0.98806,1.392836
239,2013,2014,5,1,0.98762,1.392572
62,2013,1996,5,1,0.98756,1.392536
138,2013,2017,5,1,0.98727,1.3923619999999999
129,2013,1981,5,1,0.98724,1.392344
180,2013,2012,5,1,0.9872,1.39232
121,2013,2017,5,1,0.98628,1.391768
21,2013,1997,5,1,0.98596,1.3915760000000001
182,2013,2012,5,1,0.98506,1.3910360000000002
250,2013,1981,5,1,0.98463,1.390778
229,2013,1991,5,1,0.98369,1.3902139999999998
182,2013,1989,5,1,0.98326,1.3899560000000002
181,2013,1988,5,1,0.98324,1.389944
199,2013,1995,5,1,0.98312,1.389872
31,2013,2012,5,1,0.98151,1.388906
3,2013,2012,5,1,0.98149,1.388894
238,2013,1980,5,1,0.9813,1.3887800000000001
65,2013,2012,5,1,0.97997,1.387982
89,2013,1983,5,1,0.97984,1.387904
143,2013,1997,5,1,0.97934,1.387604
117,2013,2012,5,1,0.97839,1.3870339999999999
144,2013,2012,5,1,0.97776,1.3866559999999999
187,2013,2017,5,1,0.97764,1.386584
170,2013,1985,5,1,0.97751,1.386506
226,2013,1983,5,1,0.97733,1.386398
243,2013,1986,5,1,0.97662,1.3859720000000002
217,2013,2008,5,1,0.97568,1.385408
201,2013,2014,5,1,0.97531,1.385186
195,2013,2012,5,1,0.97495,1.38497
36,2013,1990,5,1,0.97401,1.384406
34,2013,1988,5,1,0.97395,1.38437
78,2013,2012,5,1,0.97354,1.384124
84,2013,2012,5,1,0.97314,1.3838840000000001
206,2013,1998,5,1,0.97172,1.383032
74,2013,1997,5,1,0.9707,1.38242
107,2013,1997,5,1,0.97043,1.382258
58,2013,1997,5,1,0.97014,1.3820839999999999
128,2013,2017,5,1,0.96955,1.3817300000000001
213,2013,2013,5,1,0.96929,1.381574
159,2013,2013,5,1,0.96873,1.381238
48,2013,1982,5,1,0.9677,1.38062
107,2013,2012,5,1,0.96648,1.379888
110,2013,2010,5,1,0.96639,1.379834
119,2013,1984,5,1,0.96618,1.379708
157,2013,1986,5,1,0.96613,1.3796780000000002
166,2013,2012,5,1,0.96457,1.378742
43,2013,1990,5,1,0.96407,1.3784420000000002
31,2013,1996,5,1,0.96403,1.378418
15,2013,2012,5,1,0.96357,1.378142
182,2013,1995,5,1,0.96354,1.3781240000000001
50,2013,1981,5,1,0.96292,1.377752
179,2013,2012,5,1,0.96267,1.377602
213,2013,2017,5,1,0.962,1.3772
10,2013,1999,5,1,0.96114,1.376684
76,2013,1997,5,1,0.96075,1.3764500000000002
142,2013,1996,5,1,0.96063,1.3763779999999999
53,2013,2012,5,1,0.96004,1.3760240000000001
150,2013,1998,5,1,0.95928,1.375568
82,2013,1997,5,1,0.9589,1.37534
238,2013,1999,5,1,0.95827,1.374962
63,2013,1999,5,1,0.95758,1.3745479999999999
193,2013,2012,5,1,0.95689,1.3741340000000002
6,2013,2012,5,1,0.95639,1.373834
233,2013,1996,5,1,0.95572,1.373432
91,2013,1995,5,1,0.95542,1.373252
31,2013,1980,5,1,0.95457,1.3727420000000001
137,2013,1997,5,1,0.95419,1.372514
102,2013,2015,5,1,0.95342,1.372052
223,2013,1990,5,1,0.95335,1.37201
133,2013,1979,5,1,0.95311,1.371866
63,2013,2014,5,1,0.95219,1.371314
249,2013,1980,5,1,0.95194,1.371164
215,2013,2012,5,1,0.95153,1.370918
33,2013,2012,5,1,0.95114,1.370684
168,2013,2006,5,1,0.95028,1.370168
113,2013,1991,5,1,0.94968,1.369808
149,2013,1961,5,1,0.94966,1.369796
108,2013,1997,5,1,0.94921,1.369526
84,2013,2007,5,1,0.94862,1.369172
195,2013,1980,5,1,0.94792,1.368752
74,2013,2012,5,1,0.94777,1.368662
128,2013,1995,5,1,0.94731,1.368386
233,2013,2011,5,1,0.94661,1.367966
239,2013,1998,5,1,0.94659,1.3679540000000001
242,2013,1981,5,1,0.94606,1.367636
134,2013,1980,5,1,0.94564,1.367384
142,2013,2012,5,1,0.94538,1.3672279999999999
226,2013,2013,5,1,0.94478,1.366868
6,2013,1991,5,1,0.94464,1.366784
26,2013,1983,5,1,0.94438,1.366628
248,2013,1991,5,1,0.94379,1.366274
62,2013,1983,5,1,0.94312,1.365872
113,2013,1996,5,1,0.9425,1.3655
213,2013,1986,5,1,0.94242,1.3654519999999999
164,2013,2002,5,1,0.9421,1.3652600000000001
13,2013,2012,5,1,0.94192,1.3651520000000001
210,2013,2012,5,1,0.94128,1.364768
173,2013,1996,5,1,0.94073,1.364438
99,2013,1980,5,1,0.94057,1.3643420000000002
92,2013,1981,5,1,0.94057,1.3643420000000002
20,2013,2012,5,1,0.94043,1.364258
137,2013,1995,5,1,0.94021,1.3641260000000002
10,2013,2016,5,1,0.94006,1.364036
80,2013,2012,5,1,0.94001,1.364006
117,2013,1979,5,1,0.93996,1.363976
110,2013,1994,5,1,0.93936,1.363616
99,2013,2006,5,1,0.939,1.3634
215,2013,1979,5,1,0.93819,1.362914
158,2013,1965,5,1,0.93794,1.3627639999999999
109,2013,1981,5,1,0.93719,1.362314
250,2013,2000,5,1,0.93711,1.362266
245,2013,2010,5,1,0.93696,1.362176
148,2013,2013,5,1,0.93689,1.3621340000000002
92,2013,1995,5,1,0.93641,1.361846
113,2013,2012,5,1,0.9363,1.36178
156,2013,1995,5,1,0.93621,1.361726
158,2013,1991,5,1,0.93538,1.361228
122,2013,1998,5,1,0.93516,1.3610959999999999
177,2013,1980,5,1,0.93481,1.360886
73,2013,2012,5,1,0.93478,1.360868
198,2013,2017,5,1,0.93454,1.360724
96,2013,1986,5,1,0.93405,1.36043
124,2013,1991,5,1,0.9334,1.3600400000000001
119,2013,1995,5,1,0.93298,1.359788
99,2013,1965,5,1,0.93277,1.3596620000000001
232,2013,1987,5,1,0.93269,1.359614
168,2013,2017,5,1,0.93244,1.359464
206,2013,2010,5,1,0.93208,1.359248
180,2013,1991,5,1,0.93132,1.358792
153,2013,2012,5,1,0.9312,1.35872
4,2013,2002,5,1,0.93097,1.358582
5,2013,2012,5,1,0.92871,1.357226
238,2013,1997,5,1,0.92813,1.356878
179,2013,1980,5,1,0.92812,1.356872
69,2013,1990,5,1,0.92799,1.356794
35,2013,1991,5,1,0.92729,1.356374
179,2013,1983,5,1,0.92713,1.356278
93,2013,1979,5,1,0.92711,1.356266
235,2013,2006,5,1,0.92634,1.355804
188,2013,2017,5,1,0.92525,1.35515
211,2013,1960,5,1,0.92467,1.354802
101,2013,1995,5,1,0.92453,1.354718
215,2013,1990,5,1,0.92451,1.3547060000000002
79,2013,1998,5,1,0.92444,1.354664
212,2013,2015,5,1,0.92433,1.354598
233,2013,1991,5,1,0.92372,1.354232
43,2013,2012,5,1,0.92353,1.3541180000000002
54,2013,1988,5,1,0.92338,1.354028
62,2013,1984,5,1,0.92336,1.354016
91,2013,1997,5,1,0.92182,1.353092
108,2013,1979,5,1,0.92134,1.352804
183,2013,1988,5,1,0.92118,1.352708
57,2013,2012,5,1,0.92114,1.352684
225,2013,1995,5,1,0.91975,1.35185
34,2013,1980,5,1,0.91949,1.3516940000000002
21,2013,1979,5,1,0.91944,1.351664
164,2013,2006,5,1,0.9189,1.35134
33,2013,1983,5,1,0.91851,1.3511060000000001
155,2013,2012,5,1,0.91846,1.351076
40,2013,1990,5,1,0.91824,1.3509440000000001
192,2013,2018,5,1,0.91804,1.350824
249,2013,1981,5,1,0.91743,1.3504580000000002
131,2013,1995,5,1,0.91714,1.350284
115,2013,2011,5,1,0.91706,1.350236
3,2013,1991,5,1,0.91677,1.3500619999999999
124,2013,1999,5,1,0.91626,1.349756
197,2013,2012,5,1,0.91588,1.349528
172,2013,1999,5,1,0.91547,1.349282
216,2013,1997,5,1,0.91448,1.348688
94,2013,1989,5,1,0.91376,1.3482560000000001
79,2013,1999,5,1,0.91369,1.348214
172,2013,1981,5,1,0.91311,1.347866
193,2013,2007,5,1,0.91189,1.347134
36,2013,1962,5,1,0.91158,1.346948
78,2013,1990,5,1,0.91129,1.346774
68,2013,2011,5,1,0.91054,1.346324
219,2013,2013,5,1,0.90865,1.34519
206,2013,1982,5,1,0.90841,1.345046
118,2013,1996,5,1,0.90733,1.344398
221,2013,1995,5,1,0.90584,1.343504
144,2013,1987,5,1,0.90575,1.34345
118,2013,1990,5,1,0.90551,1.3433060000000001
73,2013,1989,5,1,0.90508,1.343048
44,2013,1980,5,1,0.90347,1.342082
202,2013,2012,5,1,0.90254,1.3415240000000002
9,2013,2007,5,1,0.90218,1.3413080000000002
238,2013,1964,5,1,0.90163,1.340978
76,2013,2007,5,1,0.90134,1.3408039999999999
177,2013,2012,5,1,0.90052,1.340312
107,2013,1997,4,1,0.99955,1.2997299999999998
250,2013,2003,4,1,0.9992,1.2995199999999998
196,2013,1991,4,1,0.99793,1.2987579999999999
208,2013,1995,4,1,0.9975,1.2985
72,2013,2017,4,1,0.99699,1.298194
103,2013,2012,4,1,0.99688,1.298128
18,2013,1969,4,1,0.99659,1.2979539999999998
101,2013,1995,4,1,0.99648,1.297888
38,2013,1967,4,1,0.99644,1.297864
38,2013,1995,4,1,0.9961,1.29766
3,2013,2017,4,1,0.99595,1.29757
124,2013,2017,4,1,0.99577,1.297462
226,2013,2017,4,1,0.99576,1.297456
180,2013,1983,4,1,0.9955,1.2973
178,2013,2015,4,1,0.99525,1.2971499999999998
249,2013,1980,4,1,0.99523,1.297138
117,2013,1983,4,1,0.99522,1.297132
2,2013,1988,4,1,0.99506,1.2970359999999999
206,2013,2017,4,1,0.995,1.297
250,2013,1989,4,1,0.99491,1.296946
35,2013,1991,4,1,0.99489,1.2969339999999998
248,2013,2013,4,1,0.99477,1.296862
242,2013,1984,4,1,0.99472,1.296832
119,2013,1995,4,1,0.99469,1.296814
122,2013,2013,4,1,0.99468,1.296808
48,2013,2017,4,1,0.99425,1.2965499999999999
180,2013,1991,4,1,0.99397,1.296382
216,2013,1997,4,1,0.99356,1.296136
211,2013,1960,4,1,0.99295,1.29577
138,2013,2017,4,1,0.99268,1.295608
108,2013,1991,4,1,0.99172,1.295032
57,2013,2012,4,1,0.99154,1.294924
14,2013,1997,4,1,0.99152,1.294912
94,2013,2013,4,1,0.99121,1.2947259999999998
112,2013,1986,4,1,0.9912,1.2947199999999999
63,2013,1985,4,1,0.99096,1.294576
49,2013,1991,4,1,0.9907,1.29442
242,2013,1981,4,1,0.99054,1.294324
31,2013,1996,4,1,0.99033,1.294198
142,2013,1996,4,1,0.98998,1.293988
143,2013,1997,4,1,0.98995,1.2939699999999998
6,2013,2017,4,1,0.98932,1.2935919999999999
92,2013,1995,4,1,0.98926,1.293556
171,2013,1995,4,1,0.98892,1.293352
133,2013,1991,4,1,0.98866,1.293196
72,2013,1995,4,1,0.98842,1.2930519999999999
53,2013,2012,4,1,0.98818,1.292908
113,2013,1996,4,1,0.98808,1.2928479999999998
128,2013,2017,4,1,0.98785,1.29271
249,2013,2012,4,1,0.98783,1.292698
239,2013,2014,4,1,0.98729,1.292374
84,2013,1997,4,1,0.98722,1.292332
48,2013,2012,4,1,0.98722,1.292332
183,2013,1991,4,1,0.98671,1.292026
81,2013,1997,4,1,0.98658,1.291948
68,2013,2017,4,1,0.98649,1.2918939999999999
21,2013,1997,4,1,0.98599,1.291594
165,2013,2012,4,1,0.98537,1.2912219999999999
193,2013,2012,4,1,0.98518,1.291108
121,2013,2017,4,1,0.98507,1.291042
182,2013,1989,4,1,0.98488,1.290928
17,2013,1983,4,1,0.98479,1.290874
124,2013,1999,4,1,0.98467,1.290802
119,2013,2019,4,1,0.98461,1.290766
99,2013,2017,4,1,0.98389,1.290334
173,2013,1996,4,1,0.98341,1.2900459999999998
37,2013,1981,4,1,0.98328,1.289968
228,2013,2015,4,1,0.98234,1.2894039999999998
199,2013,1995,4,1,0.98222,1.289332
74,2013,1997,4,1,0.98211,1.289266
40,2013,2012,4,1,0.9819,1.28914
225,2013,1995,4,1,0.98148,1.288888
213,2013,2013,4,1,0.98134,1.2888039999999998
206,2013,1982,4,1,0.98028,1.288168
26,2013,1983,4,1,0.97976,1.287856
15,2013,2012,4,1,0.97883,1.2872979999999998
180,2013,2012,4,1,0.97858,1.287148
167,2013,1970,4,1,0.9782,1.2869199999999998
107,2013,2012,4,1,0.97746,1.286476
62,2013,1996,4,1,0.97741,1.286446
243,2013,1986,4,1,0.97717,1.286302
144,2013,2012,4,1,0.9771,1.28626
250,2013,1981,4,1,0.97694,1.2861639999999999
72,2013,1980,4,1,0.9769,1.28614
129,2013,1981,4,1,0.97689,1.286134
188,2013,2017,4,1,0.9765,1.2858999999999998
156,2013,1995,4,1,0.97629,1.285774
170,2013,1985,4,1,0.97573,1.285438
92,2013,1981,4,1,0.97531,1.285186
6,2013,1991,4,1,0.9747,1.2848199999999999
150,2013,2017,4,1,0.97469,1.284814
182,2013,2012,4,1,0.97457,1.284742
31,2013,2012,4,1,0.9743,1.28458
6,2013,2012,4,1,0.9742,1.2845199999999999
63,2013,2014,4,1,0.97389,1.2843339999999999
29,2013,2017,4,1,0.97354,1.2841239999999998
158,2013,1991,4,1,0.97342,1.284052
238,2013,1980,4,1,0.97331,1.283986
43,2013,1990,4,1,0.97298,1.283788
10,2013,1999,4,1,0.97279,1.283674
181,2013,1988,4,1,0.97196,1.283176
148,2013,2013,4,1,0.97142,1.2828519999999999
42,2013,1991,4,1,0.97048,1.2822879999999999
219,2013,2013,4,1,0.97034,1.282204
229,2013,1991,4,1,0.97022,1.2821319999999998
210,2013,2012,4,1,0.97003,1.2820179999999999
123,2013,2017,4,1,0.96959,1.2817539999999998
50,2013,1996,4,1,0.96942,1.2816519999999998
130,2013,1982,4,1,0.96929,1.281574
58,2013,1997,4,1,0.96904,1.281424
226,2013,1983,4,1,0.96903,1.281418
34,2013,1980,4,1,0.96889,1.281334
82,2013,1997,4,1,0.96847,1.281082
215,2013,2012,4,1,0.96834,1.2810039999999998
89,2013,1983,4,1,0.96815,1.2808899999999999
179,2013,1983,4,1,0.96753,1.2805179999999998
79,2013,2011,4,1,0.9667,1.28002
3,2013,2012,4,1,0.96598,1.279588
213,2013,2017,4,1,0.96424,1.278544
16,2013,2017,4,1,0.96419,1.278514
198,2013,2017,4,1,0.96369,1.278214
234,2013,2017,4,1,0.96345,1.27807
117,2013,2012,4,1,0.96286,1.2777159999999999
123,2013,2000,4,1,0.96282,1.277692
65,2013,2012,4,1,0.96235,1.27741
131,2013,1995,4,1,0.96212,1.277272
195,2013,2012,4,1,0.96179,1.2770739999999998
68,2013,1982,4,1,0.96178,1.2770679999999999
19,2013,1989,4,1,0.96163,1.276978
172,2013,1999,4,1,0.96156,1.276936
157,2013,1986,4,1,0.96086,1.276516
187,2013,2017,4,1,0.96003,1.276018
36,2013,1990,4,1,0.95991,1.2759459999999998
108,2013,1997,4,1,0.95936,1.2756159999999999
168,2013,2017,4,1,0.95843,1.275058
182,2013,1995,4,1,0.9582,1.2749199999999998
201,2013,2014,4,1,0.95752,1.274512
34,2013,1988,4,1,0.95741,1.274446
48,2013,1996,4,1,0.95698,1.274188
1,2013,2013,4,1,0.95688,1.274128
79,2013,1981,4,1,0.9566,1.27396
142,2013,2012,4,1,0.95614,1.2736839999999998
44,2013,2017,4,1,0.95609,1.273654
215,2013,1990,4,1,0.95559,1.2733539999999999
84,2013,2012,4,1,0.95539,1.273234
84,2013,2017,4,1,0.95515,1.2730899999999998
217,2013,2008,4,1,0.95506,1.2730359999999998
199,2013,1983,4,1,0.95461,1.2727659999999998
233,2013,1996,4,1,0.95454,1.272724
48,2013,1982,4,1,0.95443,1.2726579999999998
33,2013,1995,4,1,0.95413,1.272478
78,2013,2012,4,1,0.9538,1.2722799999999999
110,2013,2019,4,1,0.95369,1.272214
117,2013,1988,4,1,0.95331,1.271986
206,2013,1998,4,1,0.95322,1.271932
215,2013,1998,4,1,0.95285,1.27171
122,2013,1982,4,1,0.95265,1.2715899999999998
33,2013,1983,4,1,0.9523,1.27138
238,2013,2017,4,1,0.95194,1.271164
150,2013,1998,4,1,0.9519,1.27114
99,2013,1980,4,1,0.95183,1.2710979999999998
5,2013,2012,4,1,0.95058,1.2703479999999998
73,2013,2012,4,1,0.95044,1.270264
156,2013,1981,4,1,0.94998,1.2699880000000001
233,2013,2011,4,1,0.94881,1.269286
113,2013,2012,4,1,0.94863,1.269178
134,2013,1980,4,1,0.94853,1.269118
62,2013,2017,4,1,0.9485,1.2691
37,2013,2012,4,1,0.94802,1.268812
156,2013,1965,4,1,0.94769,1.268614
216,2013,1981,4,1,0.94738,1.2684279999999999
99,2013,2006,4,1,0.94711,1.268266
74,2013,2012,4,1,0.94691,1.268146
12,2013,2017,4,1,0.94317,1.2659019999999999
159,2013,2013,4,1,0.94314,1.2658839999999998
153,2013,2012,4,1,0.94307,1.265842
36,2013,2016,4,1,0.94299,1.265794
4,2013,2014,4,1,0.94292,1.265752
235,2013,2006,4,1,0.94189,1.265134
122,2013,2017,4,1,0.94162,1.264972
179,2013,1980,4,1,0.94128,1.264768
42,2013,2010,4,1,0.94078,1.264468
174,2013,1995,4,1,0.94027,1.264162
14,2013,1981,4,1,0.93971,1.263826
85,2013,1990,4,1,0.93965,1.26379
119,2013,1984,4,1,0.93964,1.2637839999999998
76,2013,1997,4,1,0.9391,1.2634599999999998
245,2013,2009,4,1,0.93783,1.2626979999999999
172,2013,2017,4,1,0.9372,1.2623199999999999
177,2013,2012,4,1,0.93704,1.2622239999999998
165,2013,2017,4,1,0.93673,1.262038
50,2013,1981,4,1,0.93667,1.2620019999999998
249,2013,2017,4,1,0.93651,1.2619059999999998
179,2013,2017,4,1,0.9365,1.2618999999999998
110,2013,2010,4,1,0.9361,1.26166
250,2013,2014,4,1,0.93587,1.2615219999999998
226,2013,2013,4,1,0.93573,1.261438
248,2013,1991,4,1,0.93508,1.261048
62,2013,1983,4,1,0.93506,1.2610359999999998
31,2013,1980,4,1,0.93502,1.261012
223,2013,1990,4,1,0.93488,1.2609279999999998
33,2013,2011,4,1,0.9348,1.2608799999999998
114,2013,1990,4,1,0.933,1.2597999999999998
166,2013,2012,4,1,0.9327,1.25962
80,2013,2012,4,1,0.9326,1.25956
109,2013,1989,4,1,0.93241,1.259446
234,2013,1983,4,1,0.93219,1.2593139999999998
44,2013,1972,4,1,0.9319,1.25914
1,2013,2018,4,1,0.93176,1.259056
183,2013,1988,4,1,0.93116,1.258696
117,2013,2017,4,1,0.93082,1.258492
221,2013,1995,4,1,0.93081,1.258486
93,2013,1979,4,1,0.92958,1.2577479999999999
197,2013,2012,4,1,0.92952,1.257712
112,2013,1965,4,1,0.92925,1.25755
179,2013,2012,4,1,0.92913,1.2574779999999999
150,2013,1982,4,1,0.92813,1.256878
133,2013,1979,4,1,0.92807,1.2568419999999998
250,2013,2000,4,1,0.92788,1.2567279999999998
109,2013,2017,4,1,0.92788,1.2567279999999998
44,2013,2012,4,1,0.92665,1.25599
78,2013,1995,4,1,0.92629,1.255774
157,2013,1976,4,1,0.9254,1.25524
39,2013,1986,4,1,0.92514,1.2550839999999999
132,2013,2017,4,1,0.92408,1.254448
50,2013,1989,4,1,0.92279,1.253674
238,2013,1999,4,1,0.92253,1.253518
169,2013,1999,4,1,0.92248,1.253488
118,2013,1996,4,1,0.92046,1.252276
115,2013,1998,4,1,0.91971,1.2518259999999999
91,2013,1995,4,1,0.91918,1.2515079999999998
131,2013,1983,4,1,0.91898,1.251388
63,2013,1999,4,1,0.91894,1.251364
168,2013,2006,4,1,0.91796,1.2507759999999999
137,2013,1997,4,1,0.91741,1.250446
76,2013,2007,4,1,0.91652,1.249912
226,2013,1990,4,1,0.91643,1.249858
115,2013,1980,4,1,0.91589,1.249534
26,2013,1999,4,1,0.91553,1.249318
34,2013,2012,4,1,0.91489,1.2489339999999998
130,2013,1998,4,1,0.91452,1.2487119999999998
128,2013,1995,4,1,0.91421,1.248526
105,2013,2017,4,1,0.9137,1.2482199999999999
13,2013,2012,4,1,0.91286,1.247716
159,2013,1990,4,1,0.91189,1.247134
229,2013,1990,4,1,0.91156,1.2469359999999998
50,2013,1978,4,1,0.91129,1.2467739999999998
102,2013,2015,4,1,0.91083,1.2464979999999999
92,2013,1977,4,1,0.91036,1.246216
172,2013,1981,4,1,0.90992,1.245952
217,2013,2017,4,1,0.90929,1.245574
117,2013,1979,4,1,0.90903,1.245418
40,2013,1990,4,1,0.90858,1.245148
149,2013,1961,4,1,0.90824,1.2449439999999998
195,2013,1980,4,1,0.90777,1.244662
33,2013,2012,4,1,0.90633,1.243798
84,2013,2007,4,1,0.90565,1.2433899999999998
113,2013,1991,4,1,0.90446,1.242676
53,2013,1997,4,1,0.90427,1.242562
172,2013,1982,4,1,0.90335,1.24201
58,2013,2012,4,1,0.90334,1.242004
208,2013,2006,4,1,0.90073,1.240438
38,2014,1996,3,1,0.99999,1.1999940000000002
48,2014,2018,3,1,0.99999,1.1999940000000002
130,2014,1983,3,1,0.99999,1.1999940000000002
165,2014,2013,3,1,0.99998,1.199988
177,2014,2018,3,1,0.99998,1.199988
192,2014,1983,3,1,0.99998,1.199988
164,2014,2003,3,1,0.99998,1.199988
171,2014,1996,3,1,0.99996,1.199976
208,2014,1996,3,1,0.99996,1.199976
179,2014,2018,3,1,0.99995,1.19997
34,2014,1981,3,1,0.99995,1.19997
115,2014,1988,3,1,0.99993,1.199958
56,2014,2013,3,1,0.99993,1.199958
168,2014,2018,3,1,0.99992,1.1999520000000001
33,2014,1984,3,1,0.99992,1.1999520000000001
196,2014,1981,3,1,0.99991,1.1999460000000002
137,2014,1998,3,1,0.99989,1.199934
234,2014,1984,3,1,0.99987,1.199922
197,2014,2013,3,1,0.99986,1.199916
81,2014,1998,3,1,0.99984,1.199904
157,2014,1977,3,1,0.99983,1.1998980000000001
112,2014,1987,3,1,0.9998,1.19988
210,2014,2018,3,1,0.99979,1.1998739999999999
225,2014,2014,3,1,0.99979,1.1998739999999999
242,2014,1992,3,1,0.99978,1.199868
11,2014,1990,3,1,0.99978,1.199868
29,2014,2018,3,1,0.99977,1.199862
250,2014,2006,3,1,0.99977,1.199862
196,2014,1992,3,1,0.99975,1.19985
144,2014,1990,3,1,0.99974,1.1998440000000001
226,2014,2018,3,1,0.99971,1.199826
16,2014,2007,3,1,0.99971,1.199826
33,2014,2013,3,1,0.99971,1.199826
117,2014,2013,3,1,0.9997,1.19982
33,2014,1983,3,1,0.9997,1.19982
5,2014,2018,3,1,0.9997,1.19982
23,2014,2008,3,1,0.99967,1.199802
2,2014,1989,3,1,0.99966,1.199796
107,2014,1998,3,1,0.99965,1.1997900000000001
121,2014,2018,3,1,0.99964,1.1997840000000002
33,2014,1981,3,1,0.99964,1.1997840000000002
40,2014,2013,3,1,0.9996,1.19976
101,2014,2012,3,1,0.99958,1.199748
250,2014,2004,3,1,0.99956,1.1997360000000001
249,2014,1981,3,1,0.99952,1.199712
228,2014,2013,3,1,0.99945,1.19967
141,2014,1995,3,1,0.99939,1.199634
14,2014,1995,3,1,0.99939,1.199634
249,2014,2013,3,1,0.99932,1.199592
84,2014,1998,3,1,0.99931,1.199586
219,2014,1990,3,1,0.9993,1.19958
117,2014,1996,3,1,0.9993,1.19958
226,2014,1984,3,1,0.99919,1.1995140000000002
238,2014,2000,3,1,0.99918,1.199508
63,2014,1986,3,1,0.99914,1.199484
106,2014,2000,3,1,0.99914,1.199484
225,2014,1981,3,1,0.99909,1.1994540000000002
110,2014,2004,3,1,0.99906,1.199436
79,2014,2012,3,1,0.99902,1.1994120000000001
48,2014,1983,3,1,0.99901,1.1994060000000002
119,2014,1996,3,1,0.99897,1.199382
5,2014,1981,3,1,0.99896,1.199376
210,2014,1981,3,1,0.99895,1.19937
180,2014,1992,3,1,0.99895,1.19937
34,2014,1989,3,1,0.99895,1.19937
91,2014,1998,3,1,0.99893,1.1993580000000001
63,2014,2000,3,1,0.99891,1.199346
35,2014,1981,3,1,0.99891,1.199346
235,2014,2018,3,1,0.99889,1.199334
172,2014,2000,3,1,0.9988,1.1992800000000001
135,2014,2013,3,1,0.99879,1.199274
23,2014,1981,3,1,0.99878,1.199268
1,2014,2014,3,1,0.99873,1.199238
22,2014,1980,3,1,0.9987,1.19922
105,2014,2018,3,1,0.9987,1.19922
228,2014,2016,3,1,0.99869,1.199214
216,2014,1995,3,1,0.99866,1.1991960000000002
234,2014,2018,3,1,0.99866,1.1991960000000002
166,2014,2018,3,1,0.99859,1.199154
134,2014,1981,3,1,0.99858,1.199148
81,2014,1982,3,1,0.99855,1.1991300000000003
16,2014,1991,3,1,0.99846,1.199076
85,2014,1998,3,1,0.99843,1.199058
129,2014,1982,3,1,0.99842,1.199052
223,2014,1998,3,1,0.99841,1.199046
149,2014,1996,3,1,0.99833,1.198998
3,2014,2018,3,1,0.99819,1.198914
35,2014,1992,3,1,0.99817,1.198902
103,2014,2001,3,1,0.99817,1.198902
216,2014,1998,3,1,0.99804,1.1988240000000001
158,2014,1992,3,1,0.99801,1.198806
168,2014,2017,3,1,0.99798,1.198788
242,2014,1985,3,1,0.99796,1.198776
225,2014,1996,3,1,0.99788,1.198728
165,2014,1996,3,1,0.99784,1.198704
124,2014,2000,3,1,0.99778,1.198668
94,2014,2001,3,1,0.99771,1.198626
206,2014,2018,3,1,0.9977,1.19862
118,2014,1997,3,1,0.99769,1.198614
31,2014,2018,3,1,0.99764,1.198584
57,2014,2013,3,1,0.9976,1.19856
143,2014,1998,3,1,0.99759,1.1985540000000001
81,2014,1995,3,1,0.99755,1.19853
42,2014,1992,3,1,0.99751,1.198506
235,2014,2007,3,1,0.99741,1.1984460000000001
45,2014,1985,3,1,0.99739,1.1984340000000002
232,2014,1978,3,1,0.99738,1.198428
180,2014,1984,3,1,0.99737,1.198422
163,2014,2018,3,1,0.99731,1.1983860000000002
103,2014,2013,3,1,0.99714,1.1982840000000001
72,2014,2018,3,1,0.99704,1.1982240000000002
193,2014,2010,3,1,0.997,1.1982
138,2014,2018,3,1,0.997,1.1982
65,2014,1968,3,1,0.997,1.1982
18,2014,1970,3,1,0.99695,1.1981700000000002
101,2014,1996,3,1,0.99688,1.198128
233,2014,1989,3,1,0.99687,1.1981220000000001
108,2014,1998,3,1,0.99682,1.198092
124,2014,2018,3,1,0.9966,1.1979600000000001
122,2014,2014,3,1,0.99658,1.1979480000000002
85,2014,1995,3,1,0.99654,1.197924
10,2014,2000,3,1,0.9965,1.1979000000000002
21,2014,1995,3,1,0.9965,1.1979000000000002
79,2014,1999,3,1,0.9965,1.1979000000000002
38,2014,1968,3,1,0.99648,1.197888
37,2014,1982,3,1,0.99647,1.197882
199,2014,1998,3,1,0.99641,1.1978460000000002
163,2014,1995,3,1,0.9964,1.19784
182,2014,2013,3,1,0.99639,1.197834
171,2014,1988,3,1,0.99636,1.197816
72,2014,1996,3,1,0.99632,1.1977920000000002
84,2014,2013,3,1,0.99623,1.1977380000000002
181,2014,1989,3,1,0.99607,1.197642
1,2014,1979,3,1,0.99588,1.1975280000000001
84,2014,2010,3,1,0.99588,1.1975280000000001
156,2014,2007,3,1,0.99587,1.1975220000000002
149,2014,2014,3,1,0.99574,1.197444
216,2014,1982,3,1,0.99574,1.197444
74,2014,1998,3,1,0.99561,1.1973660000000002
80,2014,2018,3,1,0.99559,1.197354
92,2014,1982,3,1,0.99557,1.197342
48,2014,2001,3,1,0.99555,1.19733
195,2014,2018,3,1,0.99552,1.1973120000000002
49,2014,1995,3,1,0.99547,1.197282
250,2014,1990,3,1,0.9954,1.19724
171,2014,1983,3,1,0.99537,1.197222
229,2014,1991,3,1,0.99535,1.19721
31,2014,1997,3,1,0.99529,1.197174
158,2014,1998,3,1,0.99523,1.197138
79,2014,1982,3,1,0.99515,1.1970900000000002
178,2014,2016,3,1,0.99514,1.197084
117,2014,1984,3,1,0.99513,1.197078
44,2014,1973,3,1,0.99513,1.197078
147,2014,1998,3,1,0.99508,1.1970480000000001
232,2014,2014,3,1,0.99505,1.19703
248,2014,2014,3,1,0.99502,1.197012
181,2014,1995,3,1,0.99492,1.196952
50,2014,1979,3,1,0.99489,1.1969340000000002
155,2014,1995,3,1,0.99482,1.196892
33,2014,2018,3,1,0.99473,1.196838
24,2014,2009,3,1,0.99472,1.1968320000000001
147,2014,1981,3,1,0.99471,1.1968260000000002
117,2014,2018,3,1,0.9947,1.1968200000000002
159,2014,1991,3,1,0.99466,1.196796
171,2014,1980,3,1,0.99458,1.196748
123,2014,2018,3,1,0.99451,1.196706
215,2014,2013,3,1,0.99444,1.1966640000000002
213,2014,2014,3,1,0.99442,1.196652
164,2014,2018,3,1,0.99436,1.1966160000000001
93,2014,1980,3,1,0.99435,1.1966100000000002
112,2014,1966,3,1,0.99427,1.1965620000000001
142,2014,2013,3,1,0.99419,1.196514
96,2014,1992,3,1,0.99411,1.196466
238,2014,2018,3,1,0.99406,1.196436
122,2014,2018,3,1,0.99398,1.196388
168,2014,2007,3,1,0.99388,1.196328
110,2014,2020,3,1,0.99377,1.196262
94,2014,2014,3,1,0.99377,1.196262
245,2014,2011,3,1,0.99372,1.1962320000000002
44,2014,1983,3,1,0.99371,1.196226
153,2014,1995,3,1,0.99358,1.196148
211,2014,1961,3,1,0.99347,1.196082
238,2014,1965,3,1,0.99346,1.1960760000000001
99,2014,1966,3,1,0.99344,1.196064
76,2014,1995,3,1,0.99341,1.196046
76,2014,2018,3,1,0.99329,1.195974
14,2014,1998,3,1,0.99324,1.1959440000000001
119,2014,2020,3,1,0.99321,1.195926
183,2014,1992,3,1,0.99296,1.195776
73,2014,1995,3,1,0.99286,1.195716
221,2014,1999,3,1,0.99278,1.195668
198,2014,2006,3,1,0.99247,1.1954820000000002
108,2014,1992,3,1,0.99215,1.19529
180,2014,2018,3,1,0.99214,1.195284
233,2014,1991,3,1,0.99181,1.195086
113,2014,2013,3,1,0.99176,1.1950560000000001
173,2014,2013,3,1,0.99175,1.1950500000000002
229,2014,1992,3,1,0.99165,1.1949900000000002
167,2014,1971,3,1,0.99165,1.1949900000000002
156,2014,1996,3,1,0.99162,1.194972
4,2014,2015,3,1,0.99159,1.194954
122,2014,1999,3,1,0.99157,1.1949420000000002
49,2014,1992,3,1,0.99156,1.1949360000000002
68,2014,2018,3,1,0.99155,1.19493
13,2014,1991,3,1,0.99155,1.19493
174,2014,1999,3,1,0.99149,1.1948940000000001
84,2014,2018,3,1,0.99142,1.194852
118,2014,1990,3,1,0.99131,1.1947860000000001
82,2014,1991,3,1,0.99125,1.19475
34,2014,1988,3,1,0.99124,1.194744
131,2014,1996,3,1,0.99122,1.1947320000000001
92,2014,1996,3,1,0.99117,1.194702
69,2014,2000,3,1,0.99104,1.1946240000000001
17,2014,1984,3,1,0.99089,1.194534
174,2014,1996,3,1,0.99089,1.194534
31,2014,2013,3,1,0.99066,1.194396
1,2014,2013,3,1,0.99061,1.194366
115,2014,1999,3,1,0.99047,1.194282
219,2014,1993,3,1,0.99045,1.19427
242,2014,1982,3,1,0.99041,1.1942460000000001
199,2014,1988,3,1,0.99032,1.1941920000000001
62,2014,1997,3,1,0.99019,1.1941140000000001
65,2014,2013,3,1,0.99016,1.194096
78,2014,1996,3,1,0.98999,1.193994
91,2014,1996,3,1,0.9899,1.19394
193,2014,2013,3,1,0.98988,1.193928
142,2014,1997,3,1,0.98978,1.1938680000000002
226,2014,1983,3,1,0.9897,1.19382
53,2014,2013,3,1,0.9897,1.19382
148,2014,2014,3,1,0.98966,1.193796
133,2014,1992,3,1,0.98962,1.193772
177,2014,1981,3,1,0.98958,1.193748
6,2014,2018,3,1,0.98926,1.193556
21,2014,1998,3,1,0.98916,1.1934960000000001
250,2014,1996,3,1,0.9889,1.19334
50,2014,1978,3,1,0.98874,1.193244
48,2014,2013,3,1,0.98873,1.193238
68,2014,1983,3,1,0.98866,1.193196
180,2014,2013,3,1,0.98845,1.19307
113,2014,1997,3,1,0.98822,1.192932
238,2014,1981,3,1,0.98819,1.192914
28,2014,2018,3,1,0.98819,1.192914
197,2014,1998,3,1,0.98818,1.192908
25,2014,1991,3,1,0.98801,1.192806
113,2014,1991,3,1,0.98795,1.19277
128,2014,2018,3,1,0.9878,1.1926800000000002
239,2014,2015,3,1,0.98776,1.192656
200,2014,2018,3,1,0.98759,1.192554
53,2014,2018,3,1,0.98748,1.192488
228,2014,2018,3,1,0.98746,1.192476
130,2014,1980,3,1,0.98738,1.192428
212,2014,2018,3,1,0.98733,1.192398
159,2014,1981,3,1,0.98685,1.19211
78,2014,2018,3,1,0.98681,1.1920860000000002
78,2014,1976,3,1,0.98675,1.19205
164,2014,2007,3,1,0.98646,1.1918760000000002
68,2014,2013,3,1,0.98602,1.1916120000000001
117,2014,2012,3,1,0.98597,1.191582
226,2014,1986,3,1,0.98587,1.191522
43,2014,1991,3,1,0.98584,1.1915040000000001
57,2014,1998,3,1,0.98579,1.1914740000000001
118,2014,1996,3,1,0.98563,1.191378
159,2014,1984,3,1,0.98546,1.1912760000000002
206,2014,1999,3,1,0.98537,1.191222
173,2014,1997,3,1,0.98494,1.1909640000000001
213,2014,2018,3,1,0.98483,1.190898
48,2014,1982,3,1,0.98479,1.190874
179,2014,1984,3,1,0.98469,1.190814
182,2014,1990,3,1,0.98453,1.190718
173,2014,1975,3,1,0.98445,1.1906700000000001
211,2014,2017,3,1,0.98429,1.190574
114,2014,1991,3,1,0.98398,1.190388
143,2014,1995,3,1,0.98366,1.190196
99,2014,2018,3,1,0.98359,1.1901540000000002
199,2014,1996,3,1,0.98349,1.1900940000000002
76,2014,1998,3,1,0.98342,1.190052
217,2014,2013,3,1,0.98326,1.189956
74,2014,1995,3,1,0.98293,1.189758
193,2014,2018,3,1,0.98278,1.1896680000000002
122,2014,1980,3,1,0.98277,1.1896620000000002
80,2014,1990,3,1,0.98272,1.189632
92,2014,1978,3,1,0.98268,1.1896080000000002
127,2014,1995,3,1,0.98264,1.189584
170,2014,1986,3,1,0.98255,1.18953
173,2014,1981,3,1,0.98245,1.18947
153,2014,1982,3,1,0.98229,1.189374
6,2014,1992,3,1,0.9821,1.18926
63,2014,2015,3,1,0.98183,1.189098
110,2014,2011,3,1,0.98176,1.189056
65,2014,1992,3,1,0.98158,1.1889480000000001
159,2014,1987,3,1,0.98155,1.18893
238,2014,2013,3,1,0.98097,1.188582
191,2014,1966,3,1,0.98067,1.188402
10,2014,1999,3,1,0.98055,1.18833
37,2014,2013,3,1,0.98043,1.188258
250,2014,1982,3,1,0.98036,1.1882160000000002
215,2014,1999,3,1,0.98032,1.188192
145,2014,2018,3,1,0.98027,1.1881620000000002
13,2014,2018,3,1,0.98009,1.1880540000000002
235,2014,2014,3,1,0.9799,1.1879400000000002
133,2014,1982,3,1,0.97982,1.1878920000000002
206,2014,1983,3,1,0.97981,1.187886
15,2014,2013,3,1,0.97969,1.187814
109,2014,2018,3,1,0.97954,1.187724
26,2014,1984,3,1,0.97949,1.187694
2,2014,1986,3,1,0.97944,1.187664
20,2014,1992,3,1,0.97932,1.187592
172,2014,1999,3,1,0.97913,1.187478
69,2014,1996,3,1,0.97879,1.187274
156,2014,1982,3,1,0.97862,1.1871720000000001
99,2014,1999,3,1,0.9785,1.1871
206,2014,2013,3,1,0.97835,1.1870100000000001
164,2014,2009,3,1,0.97812,1.1868720000000001
34,2014,1980,3,1,0.9779,1.18674
249,2014,2018,3,1,0.9777,1.18662
150,2014,2018,3,1,0.97727,1.186362
107,2014,2013,3,1,0.97723,1.1863380000000001
62,2014,2018,3,1,0.9772,1.18632
44,2014,1997,3,1,0.97716,1.186296
238,2014,2017,3,1,0.97709,1.186254
180,2014,1996,3,1,0.97709,1.186254
36,2014,1991,3,1,0.97708,1.186248
72,2014,1981,3,1,0.97694,1.1861640000000002
144,2014,2013,3,1,0.97688,1.186128
243,2014,1987,3,1,0.97679,1.186074
188,2014,2018,3,1,0.97675,1.18605
10,2014,1965,3,1,0.97652,1.185912
58,2014,1998,3,1,0.97549,1.185294
33,2014,1996,3,1,0.9753,1.18518
238,2014,1999,3,1,0.97525,1.1851500000000001
195,2014,1983,3,1,0.97487,1.184922
97,2014,2018,3,1,0.97474,1.184844
231,2014,2013,3,1,0.97467,1.1848020000000001
96,2014,1987,3,1,0.9744,1.1846400000000001
6,2014,2013,3,1,0.97418,1.1845080000000001
97,2014,2001,3,1,0.97403,1.184418
122,2014,1998,3,1,0.97403,1.184418
91,2014,2014,3,1,0.97364,1.1841840000000001
102,2014,2013,3,1,0.97351,1.184106
36,2014,2017,3,1,0.97339,1.184034
199,2014,2018,3,1,0.97317,1.183902
101,2014,1984,3,1,0.97314,1.183884
58,2014,1979,3,1,0.97303,1.183818
129,2014,2013,3,1,0.97289,1.183734
158,2014,1982,3,1,0.97285,1.18371
199,2014,1984,3,1,0.97272,1.1836320000000002
182,2014,1992,3,1,0.9726,1.18356
50,2014,1997,3,1,0.97258,1.183548
3,2014,2013,3,1,0.97247,1.1834820000000001
233,2014,1992,3,1,0.97226,1.183356
177,2014,1980,3,1,0.97219,1.1833140000000002
82,2014,1998,3,1,0.97213,1.183278
73,2014,2013,3,1,0.97202,1.1832120000000002
42,2014,2011,3,1,0.97173,1.183038
48,2014,1964,3,1,0.97162,1.1829720000000001
125,2014,1982,3,1,0.9713,1.1827800000000002
23,2014,1990,3,1,0.9711,1.18266
65,2014,1969,3,1,0.97101,1.182606
144,2014,1995,3,1,0.97101,1.182606
227,2014,2015,3,1,0.97099,1.182594
210,2014,2013,3,1,0.97076,1.1824560000000002
99,2014,1981,3,1,0.97062,1.182372
61,2014,1986,3,1,0.97043,1.182258
73,2014,1991,3,1,0.97024,1.182144
163,2014,1990,3,1,0.97004,1.1820240000000002
219,2014,2014,3,1,0.96983,1.181898
217,2014,2018,3,1,0.96982,1.181892
137,2014,1991,3,1,0.96981,1.181886
182,2014,1996,3,1,0.96935,1.18161
39,2014,1987,3,1,0.96909,1.181454
3,2014,1960,3,1,0.96892,1.181352
171,2014,1999,3,1,0.96887,1.1813220000000002
124,2014,1993,3,1,0.96881,1.181286
89,2014,1984,3,1,0.96876,1.181256
173,2014,1983,3,1,0.96874,1.181244
48,2014,1997,3,1,0.96866,1.181196
209,2014,2010,3,1,0.96841,1.181046
62,2014,1981,3,1,0.96785,1.18071
74,2014,2013,3,1,0.96764,1.180584
122,2014,1974,3,1,0.96751,1.180506
6,2014,1996,3,1,0.96751,1.180506
74,2014,2018,3,1,0.96645,1.1798700000000002
169,2014,2000,3,1,0.96635,1.1798100000000002
44,2014,2018,3,1,0.96623,1.179738
110,2014,2013,3,1,0.96577,1.179462
21,2014,2018,3,1,0.96574,1.1794440000000002
177,2014,2013,3,1,0.9657,1.17942
113,2014,1992,3,1,0.96565,1.1793900000000002
116,2014,2018,3,1,0.96539,1.1792340000000001
159,2014,1986,3,1,0.96516,1.179096
107,2014,2018,3,1,0.96482,1.178892
123,2014,2001,3,1,0.96478,1.178868
250,2014,2001,3,1,0.96466,1.1787960000000002
102,2014,2011,3,1,0.96451,1.178706
234,2014,1981,3,1,0.96451,1.178706
153,2014,2013,3,1,0.96449,1.1786940000000001
206,2014,2011,3,1,0.96447,1.1786820000000002
103,2014,2018,3,1,0.96437,1.178622
158,2014,1981,3,1,0.96401,1.178406
182,2014,1994,3,1,0.96393,1.178358
15,2014,1990,3,1,0.96373,1.178238
84,2014,2008,3,1,0.96348,1.178088
16,2014,2018,3,1,0.96342,1.178052
36,2014,2000,3,1,0.96339,1.178034
198,2014,2018,3,1,0.96303,1.1778180000000003
199,2014,2013,3,1,0.96298,1.177788
101,2014,2013,3,1,0.96297,1.177782
156,2014,1966,3,1,0.96277,1.1776620000000002
99,2014,2007,3,1,0.9627,1.1776200000000001
140,2014,1975,3,1,0.96256,1.177536
43,2014,2018,3,1,0.96242,1.1774520000000002
80,2014,1997,3,1,0.96237,1.177422
62,2014,1984,3,1,0.96175,1.17705
97,2014,2000,3,1,0.96125,1.1767500000000002
195,2014,2013,3,1,0.96114,1.176684
73,2014,1998,3,1,0.96078,1.176468
19,2014,1990,3,1,0.96067,1.176402
79,2014,2011,3,1,0.96016,1.176096
245,2014,2010,3,1,0.95994,1.175964
157,2014,1987,3,1,0.95987,1.175922
165,2014,2018,3,1,0.95978,1.175868
134,2014,1980,3,1,0.95963,1.1757780000000002
169,2014,1999,3,1,0.95961,1.175766
212,2014,1997,3,1,0.95944,1.175664
104,2014,2007,3,1,0.95938,1.1756280000000001
198,2014,2007,3,1,0.95926,1.175556
187,2014,2018,3,1,0.95915,1.17549
233,2014,2012,3,1,0.95908,1.175448
115,2014,2012,3,1,0.95906,1.175436
229,2014,1994,3,1,0.95902,1.1754120000000001
215,2014,1991,3,1,0.95834,1.175004
93,2014,1982,3,1,0.95821,1.1749260000000001
26,2014,2018,3,1,0.95803,1.1748180000000001
173,2014,1976,3,1,0.95792,1.174752
76,2014,2013,3,1,0.95718,1.1743080000000001
249,2014,2017,3,1,0.95707,1.174242
20,2014,2013,3,1,0.95675,1.17405
150,2014,1999,3,1,0.9567,1.17402
201,2014,2015,3,1,0.95665,1.17399
226,2014,2014,3,1,0.95657,1.173942
113,2014,2014,3,1,0.95656,1.173936
174,2014,1984,3,1,0.95624,1.1737440000000001
131,2014,1984,3,1,0.95597,1.1735820000000001
168,2014,2019,3,1,0.95595,1.17357
148,2014,2008,3,1,0.95588,1.1735280000000001
117,2014,1989,3,1,0.95577,1.1734620000000002
196,2014,1998,3,1,0.95572,1.173432
249,2014,1984,3,1,0.95569,1.1734140000000002
58,2014,1982,3,1,0.95561,1.1733660000000001
217,2014,2009,3,1,0.95553,1.173318
94,2014,1966,3,1,0.95529,1.173174
12,2014,2018,3,1,0.95522,1.173132
233,2014,1997,3,1,0.9548,1.1728800000000001
79,2014,1998,3,1,0.95471,1.1728260000000001
78,2014,1991,3,1,0.95406,1.172436
215,2014,1980,3,1,0.95397,1.172382
13,2014,2014,3,1,0.95377,1.172262
37,2014,2018,3,1,0.95328,1.1719680000000001
78,2014,2013,3,1,0.95314,1.171884
140,2014,1993,3,1,0.95246,1.1714760000000002
234,2014,1983,3,1,0.95229,1.1713740000000001
5,2014,2013,3,1,0.9522,1.1713200000000001
31,2014,1981,3,1,0.95202,1.1712120000000001
122,2014,1983,3,1,0.95197,1.171182
118,2014,1992,3,1,0.95192,1.1711520000000002
80,2014,2013,3,1,0.95181,1.171086
132,2014,2018,3,1,0.95119,1.170714
138,2014,1980,3,1,0.95116,1.170696
50,2014,1982,3,1,0.95088,1.170528
25,2014,2011,3,1,0.95084,1.1705040000000002
155,2014,1981,3,1,0.95069,1.170414
144,2014,1997,3,1,0.95058,1.1703480000000002
118,2014,2013,3,1,0.95028,1.170168
179,2014,2013,3,1,0.95026,1.170156
56,2014,1995,3,1,0.94987,1.1699220000000001
109,2014,1990,3,1,0.94966,1.169796
226,2014,1991,3,1,0.94949,1.169694
137,2014,1997,3,1,0.94939,1.169634
248,2014,2016,3,1,0.94932,1.1695920000000002
119,2014,1985,3,1,0.94926,1.169556
82,2014,1992,3,1,0.94921,1.169526
149,2014,1964,3,1,0.9492,1.1695200000000001
74,2014,1982,3,1,0.94909,1.169454
183,2014,1999,3,1,0.9484,1.16904
149,2014,1975,3,1,0.94832,1.1689920000000003
28,2014,2013,3,1,0.94781,1.1686860000000001
69,2014,1992,3,1,0.94733,1.168398
79,2014,2000,3,1,0.94721,1.168326
118,2014,1991,3,1,0.94695,1.16817
182,2014,2018,3,1,0.94694,1.168164
115,2014,2013,3,1,0.94655,1.1679300000000001
102,2014,2016,3,1,0.94636,1.1678160000000002
140,2014,1984,3,1,0.94611,1.167666
49,2014,2013,3,1,0.946,1.1676000000000002
165,2014,1980,3,1,0.94591,1.1675460000000002
43,2014,1979,3,1,0.94532,1.167192
73,2014,1990,3,1,0.94492,1.1669520000000002
221,2014,1996,3,1,0.94456,1.166736
173,2014,1966,3,1,0.94455,1.16673
21,2014,2013,3,1,0.94454,1.166724
58,2014,1995,3,1,0.9445,1.1667
58,2014,2013,3,1,0.94426,1.166556
235,2014,1982,3,1,0.94418,1.166508
84,2014,2012,3,1,0.94404,1.1664240000000001
127,2014,1982,3,1,0.94347,1.166082
248,2014,1992,3,1,0.94329,1.165974
249,2014,1982,3,1,0.94305,1.1658300000000001
73,2014,1981,3,1,0.94274,1.1656440000000001
143,2014,1982,3,1,0.94273,1.165638
40,2014,2018,3,1,0.94266,1.165596
159,2014,2014,3,1,0.94264,1.165584
242,2014,2000,3,1,0.94255,1.16553
82,2014,1965,3,1,0.94252,1.165512
170,2014,2018,3,1,0.94251,1.1655060000000002
122,2014,2011,3,1,0.94249,1.1654940000000003
128,2014,1996,3,1,0.94221,1.165326
172,2014,2018,3,1,0.9422,1.1653200000000001
36,2014,1997,3,1,0.94211,1.165266
96,2014,1988,3,1,0.9421,1.16526
85,2014,1991,3,1,0.94206,1.1652360000000002
15,2014,2018,3,1,0.94197,1.1651820000000002
232,2014,1987,3,1,0.94179,1.1650740000000002
195,2014,1984,3,1,0.94156,1.164936
13,2014,2013,3,1,0.94149,1.164894
152,2014,1966,3,1,0.94145,1.16487
165,2014,1981,3,1,0.94125,1.1647500000000002
114,2014,1981,3,1,0.94091,1.164546
50,2014,1990,3,1,0.94077,1.164462
223,2014,1991,3,1,0.94072,1.1644320000000001
166,2014,2013,3,1,0.94065,1.16439
250,2014,2015,3,1,0.94063,1.1643780000000001
98,2014,1998,3,1,0.94062,1.1643720000000002
99,2014,1991,3,1,0.94028,1.164168
235,2014,1980,3,1,0.94012,1.164072
179,2014,1981,3,1,0.94008,1.1640480000000002
202,2014,2013,3,1,0.93993,1.163958
250,2014,2000,3,1,0.93948,1.163688
124,2014,2012,3,1,0.9387,1.16322
33,2014,2012,3,1,0.93856,1.1631360000000002
231,2014,2011,3,1,0.93847,1.1630820000000002
174,2014,1960,3,1,0.93846,1.163076
172,2014,1983,3,1,0.93833,1.162998
14,2014,2013,3,1,0.93819,1.162914
14,2014,1982,3,1,0.93818,1.162908
114,2014,1980,3,1,0.93711,1.162266
34,2014,2013,3,1,0.93702,1.162212
203,2014,1995,3,1,0.93681,1.162086
147,2014,2018,3,1,0.93673,1.162038
17,2014,2018,3,1,0.93577,1.1614620000000002
232,2014,1989,3,1,0.93526,1.161156
212,2014,1994,3,1,0.9342,1.16052
172,2014,1982,3,1,0.93368,1.160208
173,2014,2018,3,1,0.93354,1.1601240000000002
141,2014,2019,3,1,0.9334,1.16004
102,2014,2018,3,1,0.93336,1.1600160000000002
150,2014,1983,3,1,0.93322,1.159932
147,2014,1982,3,1,0.93313,1.159878
235,2014,1981,3,1,0.93291,1.1597460000000002
29,2014,1980,3,1,0.93266,1.159596
249,2014,1969,3,1,0.93256,1.1595360000000001
113,2014,2018,3,1,0.93253,1.159518
72,2014,2007,3,1,0.93172,1.159032
1,2014,2019,3,1,0.93141,1.158846
117,2014,1980,3,1,0.9312,1.1587200000000002
219,2014,1998,3,1,0.93074,1.158444
100,2014,1964,3,1,0.93073,1.158438
220,2014,1991,3,1,0.93073,1.158438
200,2014,1984,3,1,0.93001,1.158006
238,2014,1964,3,1,0.92994,1.1579640000000002
183,2014,1989,3,1,0.92968,1.1578080000000002
79,2014,1981,3,1,0.92962,1.157772
238,2014,1973,3,1,0.92937,1.157622
68,2014,2011,3,1,0.92918,1.157508
131,2014,2018,3,1,0.92884,1.157304
76,2014,2010,3,1,0.92884,1.157304
203,2014,2013,3,1,0.92882,1.157292
44,2014,2013,3,1,0.92855,1.15713
16,2014,1973,3,1,0.92766,1.156596
203,2014,1998,3,1,0.92732,1.156392
227,2014,1980,3,1,0.92695,1.1561700000000001
10,2014,2012,3,1,0.92664,1.1559840000000001
104,2014,1982,3,1,0.92653,1.155918
134,2014,1982,3,1,0.92649,1.155894
133,2014,1980,3,1,0.92645,1.1558700000000002
78,2014,1981,3,1,0.92627,1.1557620000000002
35,2014,2013,3,1,0.92617,1.1557020000000002
145,2014,2013,3,1,0.92565,1.1553900000000001
225,2014,1999,3,1,0.92562,1.155372
26,2014,2000,3,1,0.92539,1.155234
138,2014,1982,3,1,0.92516,1.155096
110,2014,1996,3,1,0.92464,1.154784
35,2014,1982,3,1,0.92418,1.154508
177,2014,2010,3,1,0.92369,1.154214
14,2014,2018,3,1,0.92363,1.154178
76,2014,2008,3,1,0.92309,1.153854
2,2014,2013,3,1,0.92246,1.153476
217,2014,2011,3,1,0.92245,1.15347
217,2014,1964,3,1,0.92226,1.153356
203,2014,2018,3,1,0.92222,1.1533320000000002
228,2014,1999,3,1,0.92193,1.1531580000000001
153,2014,1981,3,1,0.92167,1.153002
115,2014,1981,3,1,0.92094,1.152564
192,2014,1997,3,1,0.92042,1.152252
172,2014,1996,3,1,0.92019,1.152114
155,2014,2013,3,1,0.91849,1.151094
149,2014,1962,3,1,0.9177,1.15062
223,2014,1982,3,1,0.91663,1.149978
42,2014,1991,3,1,0.91658,1.1499480000000002
240,2014,1979,3,1,0.91625,1.14975
129,2014,1981,3,1,0.91622,1.1497320000000002
140,2014,2018,3,1,0.91588,1.149528
109,2014,1982,3,1,0.9157,1.14942
40,2014,1991,3,1,0.9157,1.14942
233,2014,1994,3,1,0.9155,1.1493000000000002
108,2014,1981,3,1,0.91539,1.149234
233,2014,1990,3,1,0.91538,1.149228
3,2014,1992,3,1,0.91531,1.149186
82,2014,1980,3,1,0.91466,1.148796
79,2014,2001,3,1,0.91444,1.1486640000000001
211,2014,2018,3,1,0.91438,1.148628
130,2014,1999,3,1,0.91413,1.148478
200,2014,1996,3,1,0.9137,1.14822
238,2014,1998,3,1,0.91341,1.1480460000000001
85,2014,1980,3,1,0.91333,1.147998
29,2014,2007,3,1,0.91327,1.1479620000000001
208,2014,2007,3,1,0.91305,1.1478300000000001
61,2014,2001,3,1,0.91296,1.147776
39,2014,1998,3,1,0.91292,1.147752
188,2014,1999,3,1,0.91264,1.1475840000000002
115,2014,1991,3,1,0.91237,1.1474220000000002
143,2014,1981,3,1,0.91203,1.147218
13,2014,2012,3,1,0.91192,1.1471520000000002
91,2014,2003,3,1,0.9117,1.14702
74,2014,1981,3,1,0.91162,1.146972
122,2014,2000,3,1,0.91096,1.146576
9,2014,2018,3,1,0.91081,1.1464860000000001
140,2014,2007,3,1,0.9107,1.14642
223,2014,1980,3,1,0.91061,1.146366
10,2014,2018,3,1,0.91046,1.146276
148,2014,1999,3,1,0.9103,1.1461800000000002
212,2014,2016,3,1,0.90979,1.145874
36,2014,1963,3,1,0.90968,1.1458080000000002
86,2014,2018,3,1,0.90923,1.1455380000000002
144,2014,1982,3,1,0.90911,1.145466
36,2014,2001,3,1,0.90829,1.144974
232,2014,1988,3,1,0.90771,1.1446260000000001
212,2014,2010,3,1,0.90768,1.144608
20,2014,1991,3,1,0.90716,1.1442960000000002
21,2014,1982,3,1,0.90649,1.143894
4,2014,2004,3,1,0.90604,1.143624
126,2014,2013,3,1,0.90603,1.143618
49,2014,1980,3,1,0.90603,1.143618
212,2014,1990,3,1,0.90588,1.143528
249,2014,1983,3,1,0.90584,1.143504
53,2014,1998,3,1,0.90578,1.143468
195,2014,1981,3,1,0.90563,1.1433780000000002
240,2014,1999,3,1,0.90544,1.143264
140,2014,2013,3,1,0.90514,1.143084
217,2014,2014,3,1,0.90464,1.142784
120,2014,2013,3,1,0.90444,1.1426640000000001
211,2014,2020,3,1,0.9039,1.1423400000000001
150,2014,1980,3,1,0.90364,1.142184
196,2014,1987,3,1,0.90324,1.141944
107,2014,1991,3,1,0.903,1.1418
215,2014,1998,3,1,0.90278,1.1416680000000001
101,2014,1985,3,1,0.90235,1.14141
68,2014,1982,3,1,0.90194,1.141164
81,2014,2013,3,1,0.90186,1.141116
82,2014,1973,3,1,0.90171,1.141026
213,2014,1987,3,1,0.90161,1.1409660000000001
6,2014,2014,3,1,0.9012,1.14072
62,2014,1960,3,1,0.90111,1.140666
73,2014,1966,3,1,0.90105,1.14063
62,2014,1985,3,1,0.90099,1.140594
233,2014,2013,3,1,0.90088,1.1405280000000002
143,2014,2018,3,1,0.9008,1.1404800000000002
235,2014,1999,3,1,0.90001,1.140006
