Country,Year,Exports,Imports,Net Trade
Albania,1995,280.783,894.86,-614.077
Albania,1996,326.11,1227.045,-900.935
Albania,1997,266.515,1120.408,-853.893
Albania,1998,356.686,1333.015,-976.328
Albania,1999,617.413,1538.63,-921.217
Albania,2000,857.471,2300.873,-1443.402
Albania,2001,990.003,2651.108,-1661.105
Albania,2002,1025.172,2911.351,-1886.18
Albania,2003,1145.868,3060.634,-1914.766
Albania,2004,1357.668,3312.102,-1954.434
Albania,2005,1687.132,3848.504,-2161.372
Albania,2006,1972.72,4183.56,-2210.84
Albania,2007,2349.75,4994.571,-2644.821
Albania,2008,2241.061,5175.494,-2934.433
Albania,2009,2346.649,5116.481,-2769.832
Albania,2010,2797.055,5087.166,-2290.111
Albania,2011,2983.733,5401.872,-2418.138
Albania,2012,2992.493,5040.262,-2047.769
Albania,2013,3040.044,5007.822,-1967.778
Albania,2014,3075.089,5221.095,-2146.005
Albania,2015,3104.898,5070.977,-1966.08
Albania,2016,3457.012,5421.895,-1964.883
Albania,2017,3914.837,5874.926,-1960.089
Albania,2018,4072.439,6015.746,-1943.307
Albania,2019,4179.78,6153.485,-1973.706
Albania,2020,3015.233,4935.748,-1920.515
Albania,2021,4417.689,6500.636,-2082.947
Argentina,2004,59096.447,35218.504,23877.944
Argentina,2005,66712.106,40800.014,25912.093
Argentina,2006,70422.102,45284.695,25137.407
Argentina,2007,76171.681,54178.738,21992.943
Argentina,2008,76735.256,61526.56,15208.696
Argentina,2009,69562.73,50195.558,19367.171
Argentina,2010,79229.802,67866.612,11363.19
Argentina,2011,82516.9,82816.688,-299.788
Argentina,2012,79126.849,78900.897,225.952
Argentina,2013,76341.393,81964.525,-5623.132
Argentina,2014,71013.4,72555.002,-1541.602
Argentina,2015,69041.093,75973.299,-6932.206
Argentina,2016,72712.252,80398.108,-7685.856
Argentina,2017,74613.962,92927.185,-18313.223
Argentina,2018,75095.965,88781.39,-13685.425
Argentina,2019,82418.592,72181.729,10236.862
Argentina,2020,67820.783,58856.734,8964.049
Argentina,2021,74072.215,71816.993,2255.222
Argentina,2022,78298.212,84281.598,-5983.386
Australia,1990,68473.516,52309.031,16164.485
Australia,1991,74947.385,54138.965,20808.419
Australia,1992,80501.778,57709.382,22792.396
Australia,1993,88140.151,62038.224,26101.926
Australia,1994,92029.669,72176.981,19852.689
Australia,1995,101195.965,75559.548,25636.417
Australia,1996,112209.874,83035.827,29174.047
Australia,1997,117348.048,91543.36,25804.688
Australia,1998,119595.793,96224.26,23371.533
Australia,1999,131426.052,107817.252,23608.8
Australia,2000,142784.404,106766.19,36018.214
Australia,2001,142083.144,108206.369,33876.775
Australia,2002,142799.667,122486.757,20312.909
Australia,2003,144697.607,139021.339,5676.268
Australia,2004,149703.367,156398.687,-6695.32
Australia,2005,154176.581,169631.208,-15454.626
Australia,2006,160585.687,187211.739,-26626.053
Australia,2007,167039.755,214331.699,-47291.944
Australia,2008,171084.376,206375.573,-35291.197
Australia,2009,179142.68,220707.077,-41564.397
Australia,2010,180666.477,243725.019,-63058.542
Australia,2011,188983.01,271269.876,-82286.866
Australia,2012,199009.38,273161.788,-74152.407
Australia,2013,211095.805,265207.579,-54111.774
Australia,2014,225637.878,269235.479,-43597.601
Australia,2015,240064.862,268358.21,-28293.348
Australia,2016,253232.877,282440.526,-29207.648
Australia,2017,263635.04,302081.012,-38445.971
Australia,2018,273930.777,302764.042,-28833.265
Australia,2019,269141.995,284697.274,-15555.279
Australia,2020,245886.559,274852.432,-28965.874
Australia,2021,244727.829,293830.334,-49102.504
Australia,2022,260561.046,321133.031,-60571.985
Austria,1990,68780.829,73758.597,-4977.768
Austria,1991,70801.126,77530.882,-6729.756
Austria,1992,71735.265,79171.521,-7436.255
Austria,1993,70032.872,74825.422,-4792.55
Austria,1994,74016.404,82556.032,-8539.628
Austria,1995,79349.577,87430.87,-8081.292
Austria,1996,83030.197,91077.506,-8047.308
Austria,1997,92186.619,97699.023,-5512.404
Austria,1998,99424.637,103324.198,-3899.561
Austria,1999,105821.578,107523.094,-1701.516
Austria,2000,120133.507,118475.684,1657.823
Austria,2001,127066.409,124627.322,2439.087
Austria,2002,132512.753,124989.767,7522.986
Austria,2003,133217.049,129373.674,3843.375
Austria,2004,144755.073,139691.412,5063.662
Austria,2005,154403.153,147311.635,7091.518
Austria,2006,166101.003,155936.079,10164.924
Austria,2007,178677.853,164723.055,13954.799
Austria,2008,182556.355,166294.935,16261.42
Austria,2009,156326.461,146507.139,9819.322
Austria,2010,176853.803,164043.334,12810.469
Austria,2011,187350.716,173810.919,13539.796
Austria,2012,190044.247,175416.285,14627.962
Austria,2013,191261.771,176633.764,14628.007
Austria,2014,196784.649,181856.153,14928.496
Austria,2015,202784.894,188457.899,14326.996
Austria,2016,208844.321,195479.351,13364.97
Austria,2017,219073.531,205818.68,13254.851
Austria,2018,230461.893,216825.225,13636.668
Austria,2019,239817.739,221698.883,18118.856
Austria,2020,214469.829,199485.514,14984.316
Austria,2021,234044.998,228067.409,5977.589
Austria,2022,260228.349,246036.336,14192.012
Belgium,1990,140673.07,141224.139,-551.069
Belgium,1991,144971.182,145262.054,-290.872
Belgium,1992,150287.017,151242.585,-955.568
Belgium,1993,149622.274,150696.833,-1074.56
Belgium,1994,162082.254,161668.18,414.074
Belgium,1995,170173.315,169188.511,984.804
Belgium,1996,178639.675,178585.42,54.255
Belgium,1997,195593.587,193233.542,2360.045
Belgium,1998,203686.817,203007.574,679.244
Belgium,1999,213564.145,209855.598,3708.547
Belgium,2000,240039.563,237169.365,2870.199
Belgium,2001,240952.138,235377.612,5574.526
Belgium,2002,249261.058,237863.143,11397.915
Belgium,2003,253287.48,241334.698,11952.782
Belgium,2004,268974.55,256554.885,12419.665
Belgium,2005,283797.975,273042.579,10755.396
Belgium,2006,299976.226,287082.022,12894.204
Belgium,2007,316283.07,303099.283,13183.787
Belgium,2008,322000.279,314632.226,7368.053
Belgium,2009,285693.8,280466.663,5227.137
Belgium,2010,315517.617,307638.19,7879.428
Belgium,2011,330130.124,324942.929,5187.195
Belgium,2012,328522.884,322750.199,5772.685
Belgium,2013,329681.437,322059.971,7621.466
Belgium,2014,346814.202,339864.324,6949.878
Belgium,2015,359721.498,353165.498,6556.001
Belgium,2016,382030.918,379481.923,2548.995
Belgium,2017,402931.811,399287.505,3644.306
Belgium,2018,407272.669,407181.023,91.646
Belgium,2019,417002.21,415148.435,1853.774
Belgium,2020,390903.138,384590.009,6313.128
Belgium,2021,445066.007,434714.917,10351.09
Belgium,2022,466960.025,455996.484,10963.541
Bulgaria,1995,14506.634,10270.722,4235.912
Bulgaria,1996,18851.648,10132.586,8719.063
Bulgaria,1997,20189.536,10087.318,10102.219
Bulgaria,1998,16682.957,9861.454,6821.502
Bulgaria,1999,13726.206,11485.941,2240.265
Bulgaria,2000,11370.69,10376.84,993.85
Bulgaria,2001,11508.835,11680.329,-171.495
Bulgaria,2002,12528.25,12415.139,113.112
Bulgaria,2003,13337.888,14296.152,-958.264
Bulgaria,2004,16606.725,18047.932,-1441.208
Bulgaria,2005,18115.664,20637.451,-2521.787
Bulgaria,2006,19503.898,23921.966,-4418.068
Bulgaria,2007,23331.077,29332.232,-6001.155
Bulgaria,2008,23909.189,30758.962,-6849.773
Bulgaria,2009,21108.09,24143.231,-3035.141
Bulgaria,2010,23438.25,24070.35,-632.099
Bulgaria,2011,26380.636,26384.939,-4.303
Bulgaria,2012,26918.212,27804.106,-885.894
Bulgaria,2013,29510.978,29009.635,501.343
Bulgaria,2014,30432.101,30502.314,-70.213
Bulgaria,2015,32392.289,31946.164,446.126
Bulgaria,2016,35182.065,33578.704,1603.361
Bulgaria,2017,37203.88,36064.552,1139.327
Bulgaria,2018,37851.47,38142.362,-290.893
Bulgaria,2019,39354.345,40134.966,-780.621
Bulgaria,2020,35272.815,38405.964,-3133.15
Bulgaria,2021,39210.811,42529.697,-3318.886
Bulgaria,2022,43769.749,48896.022,-5126.274
Brazil,1995,80957.548,104576.718,-23619.17
Brazil,1996,80617.636,110427.069,-29809.433
Brazil,1997,89501.126,126543.985,-37042.859
Brazil,1998,93894.025,126472.284,-32578.258
Brazil,1999,99251.89,107382.373,-8130.483
Brazil,2000,112016.228,118978.152,-6961.923
Brazil,2001,122355.914,122941.79,-585.875
Brazil,2002,130280.69,106581.594,23699.096
Brazil,2003,144632.332,106066.274,38566.057
Brazil,2004,165566.098,117059.029,48507.069
Brazil,2005,181533.579,125793.192,55740.387
Brazil,2006,190315.136,148137.314,42177.822
Brazil,2007,202069.191,177109.418,24959.773
Brazil,2008,202896.16,207263.554,-4367.393
Brazil,2009,184134.218,191507.447,-7373.229
Brazil,2010,205717.919,255928.685,-50210.766
Brazil,2011,215616.955,279968.74,-64351.786
Brazil,2012,217142.75,283134.772,-65992.022
Brazil,2013,221117.103,302018.953,-80901.85
Brazil,2014,217646.271,295157.398,-77511.127
Brazil,2015,232488.798,253272.683,-20783.886
Brazil,2016,234495.468,227076.86,7418.608
Brazil,2017,246006.366,242329.478,3676.888
Brazil,2018,255977.21,261092.514,-5115.304
Brazil,2019,249420.556,264571.744,-15151.188
Brazil,2020,243706.566,239499.235,4207.331
Canada,1990,191830.827,177854.656,13976.171
Canada,1991,194942.702,182322.249,12620.453
Canada,1992,209435.163,191671.843,17763.32
Canada,1993,232044.203,206014.565,26029.638
Canada,1994,261781.854,223106.839,38675.015
Canada,1995,284992.086,236009.658,48982.428
Canada,1996,301303.394,248664.432,52638.962
Canada,1997,327204.012,284371.422,42832.59
Canada,1998,358343.98,299436.783,58907.197
Canada,1999,397147.502,323557.266,73590.236
Canada,2000,432992.869,351017.965,81974.903
Canada,2001,420434.098,333795.006,86639.092
Canada,2002,425602.043,340010.085,85591.958
Canada,2003,418327.647,354403.319,63924.328
Canada,2004,441463.895,384548.872,56915.023
Canada,2005,451493.735,412810.663,38683.072
Canada,2006,455472.785,434774.623,20698.162
Canada,2007,460654.416,459882.339,772.077
Canada,2008,439722.602,463998.929,-24276.327
Canada,2009,382711.768,406488.112,-23776.344
Canada,2010,408267.857,462536.242,-54268.385
Canada,2011,427977.651,488410.66,-60433.009
Canada,2012,440023.892,506523.699,-66499.807
Canada,2013,450851.882,517046.023,-66194.141
Canada,2014,479358.192,530131.973,-50773.781
Canada,2015,495747.45,534115.084,-38367.633
Canada,2016,502720.953,534386.127,-31665.174
Canada,2017,509985.63,559114.254,-49128.624
Canada,2018,529513.738,577587.108,-48073.37
Canada,2019,543864.182,579770.5,-35906.317
Canada,2020,495710.161,525606.132,-29895.971
Canada,2021,502430.969,566594.918,-64163.949
Canada,2022,516396.024,609341.51,-92945.486
Switzerland,1990,174667.394,158142.126,16525.269
Switzerland,1991,171940.463,153083.37,18857.093
Switzerland,1992,178725.873,154977.638,23748.234
Switzerland,1993,177645.553,152950.172,24695.381
Switzerland,1994,180020.567,159843.942,20176.625
Switzerland,1995,185018.059,169203.199,15814.861
Switzerland,1996,190603.001,175869.162,14733.839
Switzerland,1997,218793.023,194083.439,24709.584
Switzerland,1998,224541.092,204412.189,20128.903
Switzerland,1999,231994.085,212556.39,19437.695
Switzerland,2000,260143.865,229850.796,30293.069
Switzerland,2001,260405.491,233105.336,27300.155
Switzerland,2002,255825.395,228637.764,27187.631
Switzerland,2003,252814.192,230020.263,22793.929
Switzerland,2004,277693.096,241361.235,36331.861
Switzerland,2005,295669.471,264576.839,31092.632
Switzerland,2006,314685.201,272097.576,42587.625
Switzerland,2007,350193.36,288052.839,62140.522
Switzerland,2008,364774.212,300724.246,64049.966
Switzerland,2009,333004.944,292481.369,40523.576
Switzerland,2010,374982.853,315851.022,59131.832
Switzerland,2011,390134.411,344077.05,46057.362
Switzerland,2012,392818.638,336826.178,55992.46
Switzerland,2013,448488.742,378150.391,70338.35
Switzerland,2014,425910.693,352573.231,73337.462
Switzerland,2015,443048.39,370031.119,73017.271
Switzerland,2016,469532.418,389590.449,79941.969
Switzerland,2017,467762.504,388081.909,79680.595
Switzerland,2018,483539.499,390994.708,92544.791
Switzerland,2019,480260.187,392083.162,88177.025
Switzerland,2020,455093.629,379614.332,75479.297
Switzerland,2021,517743.785,401269.397,116474.388
Switzerland,2022,548459.308,426070.531,122388.777
Chile,1990,17241.769,9794.41,7447.359
Chile,1991,19385.504,10475.359,8910.145
Chile,1992,22085.288,12759.809,9325.478
Chile,1993,22865.828,14569.327,8296.501
Chile,1994,25524.575,16043.602,9480.973
Chile,1995,28328.098,20051.461,8276.637
Chile,1996,31666.555,22424.141,9242.414
Chile,1997,35655.582,25363.463,10292.119
Chile,1998,37947.612,27107.633,10839.98
Chile,1999,40601.812,24425.721,16176.092
Chile,2000,43067.038,27007.37,16059.668
Chile,2001,46344.995,28356.96,17988.035
Chile,2002,47847.989,28878.103,18969.886
Chile,2003,51202.355,31151.663,20050.692
Chile,2004,58890.138,37228.141,21661.997
Chile,2005,60817.975,44067.03,16750.944
Chile,2006,63995.703,49591.389,14404.314
Chile,2007,68316.972,56412.256,11904.716
Chile,2008,67972.522,62537.463,5435.059
Chile,2009,65115.762,51467.745,13648.018
Chile,2010,66332.641,64459.585,1873.056
Chile,2011,69776.771,74669.308,-4892.537
Chile,2012,70002.253,77518.443,-7516.19
Chile,2013,72144.435,78958.796,-6814.361
Chile,2014,72477.326,73762.276,-1284.95
Chile,2015,70787.392,73132.217,-2344.825
Chile,2016,71210.953,73987.449,-2776.496
Chile,2017,70526.152,77283.295,-6757.142
Chile,2018,73971.46,83932.913,-9961.452
Chile,2019,72086.016,82476.861,-10390.845
Chile,2020,71429.622,72311.065,-881.443
Chile,2021,70450.906,95303.637,-24852.731
Chile,2022,71416.225,96115.826,-24699.601
Cameroon,1993,2911.689,1246.273,1665.417
Cameroon,1994,3228.748,1854.181,1374.567
Cameroon,1995,3726.07,1964.343,1761.727
Cameroon,1996,4364.969,2582.729,1782.24
Cameroon,1997,4659.125,3164.057,1495.068
Cameroon,1998,4329.443,2954.128,1375.315
Cameroon,1999,4164.163,2943.311,1220.851
Cameroon,2000,4573.974,3648.084,925.89
Cameroon,2001,4862.569,4067.225,795.344
Cameroon,2002,4849.767,4012.211,837.556
Cameroon,2003,4276.856,3447.085,829.772
Cameroon,2004,4659.223,3757.192,902.03
Cameroon,2005,4371.293,3930.838,440.455
Cameroon,2006,4793.357,4078.588,714.769
Cameroon,2007,5478.462,4682.525,795.937
Cameroon,2008,5301.485,5184.91,116.575
Cameroon,2009,4665.757,4836.992,-171.235
Cameroon,2010,5280.906,5528.818,-247.912
Cameroon,2011,5549.991,5953.87,-403.879
Cameroon,2012,5618.031,6136.523,-518.492
Cameroon,2013,5800.947,6870.597,-1069.651
Cameroon,2014,6452.926,7916.593,-1463.668
Cameroon,2015,6760.654,7907.933,-1147.279
Cameroon,2016,6947.032,7989.445,-1042.413
Cameroon,2017,6837.901,7893.058,-1055.157
Cameroon,2018,6983.505,8561.598,-1578.093
Cameroon,2019,7767.26,9533.869,-1766.608
Cameroon,2020,6589.653,7893.431,-1303.778
Colombia,1990,15098.302,9502.248,5596.054
Colombia,1991,16212.396,9685.401,6526.995
Colombia,1992,17222.659,13098.404,4124.254
Colombia,1993,17364.575,18560.9,-1196.324
Colombia,1994,17563.03,21448.794,-3885.764
Colombia,1995,18327.714,23132.355,-4804.641
Colombia,1996,19953.976,23805.97,-3851.994
Colombia,1997,20595.657,25366.052,-4770.395
Colombia,1998,22573.969,24368.019,-1794.05
Colombia,1999,23838.612,18479.221,5359.391
Colombia,2000,25695.799,19713.324,5982.475
Colombia,2001,26418.174,21436.187,4981.986
Colombia,2002,25790.255,21506.934,4283.322
Colombia,2003,27688.372,23263.951,4424.421
Colombia,2004,30404.337,25653.831,4750.506
Colombia,2005,32141.509,28706.881,3434.628
Colombia,2006,35200.834,33782.778,1418.056
Colombia,2007,37390.286,38464.405,-1074.119
Colombia,2008,38151.834,43276.969,-5125.135
Colombia,2009,36165.535,39534.512,-3368.977
Colombia,2010,36911.4,43816.034,-6904.634
Colombia,2011,41435.83,52679.614,-11243.784
Colombia,2012,43289.37,57618.373,-14329.004
Colombia,2013,45313.966,62529.778,-17215.813
Colombia,2014,45183.029,67382.098,-22199.069
Colombia,2015,45932.177,66653.739,-20721.562
Colombia,2016,45836.254,64293.595,-18457.341
Colombia,2017,47013.955,64948.643,-17934.688
Colombia,2018,47315.948,68719.184,-21403.236
Colombia,2019,48775.219,73765.903,-24990.684
Colombia,2020,37723.646,59086.032,-21362.387
Colombia,2021,43716.829,74864.094,-31147.265
Colombia,2022,50204.545,91551.382,-41346.837
Costa Rica,1991,4219.666,4391.434,-171.768
Costa Rica,1992,4939.871,5404.144,-464.273
Costa Rica,1993,5339.744,6171.097,-831.353
Costa Rica,1994,5550.198,6460.294,-910.096
Costa Rica,1995,6161.741,6676.345,-514.605
Costa Rica,1996,6547.253,6886.081,-338.828
Costa Rica,1997,7116.567,7918.316,-801.748
Costa Rica,1998,8145.542,9211.229,-1065.687
Costa Rica,1999,8562.473,8927.438,-364.964
Costa Rica,2000,8754.312,8579.509,174.803
Costa Rica,2001,8903.312,8580.373,322.939
Costa Rica,2002,9141.929,9106.324,35.606
Costa Rica,2003,9660.371,9520.079,140.291
Costa Rica,2004,10663.44,9978.14,685.301
Costa Rica,2005,11304.515,10671.176,633.34
Costa Rica,2006,12213.568,11505.257,708.31
Costa Rica,2007,13132.387,12665.961,466.426
Costa Rica,2008,13417.63,13509.351,-91.721
Costa Rica,2009,12282.263,10978.2,1304.063
Costa Rica,2010,13427.885,13034.027,393.859
Costa Rica,2011,14374.297,14424.879,-50.582
Costa Rica,2012,15174.122,15553.621,-379.5
Costa Rica,2013,15676.618,15815.022,-138.404
Costa Rica,2014,16454.858,16613.092,-158.234
Costa Rica,2015,16930.125,17360.352,-430.226
Costa Rica,2016,18524.481,18912.095,-387.613
Costa Rica,2017,19812.845,19860.074,-47.229
Costa Rica,2018,20781.884,20427.269,354.615
Costa Rica,2019,21667.497,19957.967,1709.53
Costa Rica,2020,19363.623,17377.542,1986.081
Costa Rica,2021,22449.008,20722.064,1726.944
Costa Rica,2022,25413.836,21969.898,3443.938
Cyprus,1995,8094.169,8018.541,75.628
Cyprus,1996,8613.263,8489.889,123.375
Cyprus,1997,8611.321,8578.323,32.999
Cyprus,1998,9112.823,8667.095,445.728
Cyprus,1999,9334.329,8919.104,415.226
Cyprus,2000,10153.068,9754.889,398.179
Cyprus,2001,10331.849,9783.954,547.895
Cyprus,2002,9970.174,9686.395,283.779
Cyprus,2003,9681.268,9638.179,43.089
Cyprus,2004,9990.166,10351.622,-361.456
Cyprus,2005,10298.949,10455.377,-156.428
Cyprus,2006,10536.22,11051.658,-515.439
Cyprus,2007,11101.237,12113.542,-1012.305
Cyprus,2008,11038.521,13686.315,-2647.794
Cyprus,2009,10524.796,11589.022,-1064.226
Cyprus,2010,11190.343,12840.166,-1649.823
Cyprus,2011,11975.381,12507.383,-532.002
Cyprus,2012,11906.496,12052.934,-146.438
Cyprus,2013,12040.154,11503.855,536.299
Cyprus,2014,12797.775,12391.8,405.976
Cyprus,2015,13939.92,13390.822,549.098
Cyprus,2016,14946.351,14751.917,194.434
Cyprus,2017,16587.826,16861.828,-274.002
Cyprus,2018,17785.49,17590.817,194.673
Cyprus,2019,19337.175,19263.065,74.11
Cyprus,2020,19765.336,19883.342,-118.005
Cyprus,2021,22443.63,21669.483,774.147
Cyprus,2022,25655.069,25904.627,-249.558
Czechia,1990,20502.189,19768.829,733.36
Czechia,1991,19261.905,13276.067,5985.839
Czechia,1992,21101.377,17216.843,3884.534
Czechia,1993,24440.287,21305.921,3134.366
Czechia,1994,25366.691,24492.14,874.552
Czechia,1995,31318.299,30250.48,1067.818
Czechia,1996,32100.168,33811.23,-1711.063
Czechia,1997,34537.121,35790.071,-1252.95
Czechia,1998,37870.745,37784.074,86.671
Czechia,1999,39838.732,39744.296,94.436
Czechia,2000,45727.324,45450.887,276.437
Czechia,2001,50038.803,50608.425,-569.622
Czechia,2002,50500.33,53130.545,-2630.215
Czechia,2003,54956.207,58160.76,-3204.553
Czechia,2004,71266.914,73041.557,-1774.643
Czechia,2005,84207.897,82156.817,2051.08
Czechia,2006,96240.541,91589.776,4650.765
Czechia,2007,106857.178,103385.294,3471.884
Czechia,2008,111359.967,106670.624,4689.344
Czechia,2009,100415.59,94854.779,5560.811
Czechia,2010,115138.127,108905.046,6233.081
Czechia,2011,125688.826,116220.377,9468.449
Czechia,2012,131067.554,119282.484,11785.07
Czechia,2013,131407.937,119356.024,12051.913
Czechia,2014,142859.373,131312.323,11547.05
Czechia,2015,151477.128,140304.406,11172.722
Czechia,2016,158055.104,144274.811,13780.294
Czechia,2017,169432.227,153292.789,16139.438
Czechia,2018,175712.872,162158.484,13554.388
Czechia,2019,178311.784,164664.099,13647.685
Czechia,2020,163991.707,151168.454,12823.253
Czechia,2021,175299.68,171309.111,3990.569
Czechia,2022,187934.062,182072.3,5861.761
Germany,1990,422568.199,402896.628,19671.571
Germany,1991,469155.318,446818.926,22336.392
Germany,1992,467422.37,460286.881,7135.488
Germany,1993,439695.254,429521.864,10173.39
Germany,1994,474511.691,464908.236,9603.455
Germany,1995,505862.232,497257.715,8604.517
Germany,1996,535637.364,517591.669,18045.695
Germany,1997,601174.171,565257.641,35916.53
Germany,1998,647333.513,618469.224,28864.289
Germany,1999,681519.78,673397.324,8122.455
Germany,2000,775728.93,746018.604,29710.325
Germany,2001,819682.705,752356.464,67326.241
Germany,2002,854184.051,732682.692,121501.359
Germany,2003,870410.721,774010.805,96399.917
Germany,2004,970763.954,834616.571,136147.384
Germany,2005,1035670.592,884395.155,151275.437
Germany,2006,1162963.241,983028.055,179935.186
Germany,2007,1266309.741,1044029.928,222279.813
Germany,2008,1290886.05,1068060.968,222825.083
Germany,2009,1106563.772,964542.638,142021.134
Germany,2010,1265994.661,1088659.008,177335.653
Germany,2011,1371704.267,1168410.373,203293.894
Germany,2012,1411561.998,1169598.728,241963.27
Germany,2013,1425740.629,1200891.895,224848.734
Germany,2014,1494113.163,1248029.706,246083.457
Germany,2015,1575404.01,1320386.911,255017.1
Germany,2016,1614316.492,1379672.278,234644.213
Germany,2017,1693401.772,1451765.408,241636.363
Germany,2018,1731053.924,1509730.389,221323.534
Germany,2019,1770439.024,1560433.253,210005.771
Germany,2020,1606597.011,1431167.368,175429.643
Germany,2021,1761931.845,1558320.63,203611.215
Germany,2022,1820221.791,1661706.927,158514.864
Denmark,1990,63444.33,47981.896,15462.434
Denmark,1991,67358.125,49916.406,17441.719
Denmark,1992,67540.542,49851.078,17689.464
Denmark,1993,68370.778,49145.62,19225.158
Denmark,1994,74001.535,55676.67,18324.865
Denmark,1995,76012.507,59465.837,16546.669
Denmark,1996,79555.789,61327.987,18227.802
Denmark,1997,83143.676,66995.87,16147.806
Denmark,1998,86554.417,72074.871,14479.546
Denmark,1999,96313.935,73910.946,22402.989
Denmark,2000,108461.952,84044.085,24417.867
Denmark,2001,112104.022,86061.311,26042.711
Denmark,2002,116983.137,91545.068,25438.069
Denmark,2003,115569.065,90600.037,24969.028
Denmark,2004,119065.467,97080.92,21984.547
Denmark,2005,128376.602,108149.454,20227.148
Denmark,2006,141647.689,123252.695,18394.995
Denmark,2007,146822.868,130448.145,16374.723
Denmark,2008,152507.875,136670.819,15837.056
Denmark,2009,138439.954,120347.432,18092.522
Denmark,2010,142510.275,120998.108,21512.167
Denmark,2011,152763.712,130004.74,22758.972
Denmark,2012,154539.141,133526.526,21012.615
Denmark,2013,157029.385,135490.24,21539.145
Denmark,2014,161942.603,140769.895,21172.708
Denmark,2015,167735.89,147190.078,20545.812
Denmark,2016,174632.313,152580.509,22051.804
Denmark,2017,183038.446,158963.184,24075.262
Denmark,2018,189174.765,167058.367,22116.399
Denmark,2019,197708.473,172087.965,25620.508
Denmark,2020,185639.228,167292.117,18347.111
Denmark,2021,199880.289,182040.884,17839.405
Denmark,2022,221553.298,193875.263,27678.035
Spain,1990,98727.623,114219.574,-15491.952
Spain,1991,106869.695,126033.154,-19163.459
Spain,1992,114893.512,134628.591,-19735.079
Spain,1993,123896.934,127593.946,-3697.012
Spain,1994,144550.152,142196.69,2353.462
Spain,1995,158139.982,157939.16,200.822
Spain,1996,173909.489,169479.204,4430.285
Spain,1997,198935.661,191322.184,7613.477
Spain,1998,215142.316,218189.038,-3046.722
Spain,1999,232506.193,248058.235,-15552.042
Spain,2000,256775.678,271799.592,-15023.914
Spain,2001,266897.764,281734.17,-14836.406
Spain,2002,270694.517,292094.802,-21400.285
Spain,2003,280353.936,309716.085,-29362.149
Spain,2004,292420.998,339658.51,-47237.511
Spain,2005,297949.701,363298.901,-65349.2
Spain,2006,312040.515,393137.031,-81096.516
Spain,2007,335746.367,425531.479,-89785.112
Spain,2008,332702.973,402094.129,-69391.155
Spain,2009,296644.914,328500.139,-31855.225
Spain,2010,323530.63,348863.029,-25332.398
Spain,2011,349974.761,346802.663,3172.097
Spain,2012,353247.824,326566.258,26681.566
Spain,2013,368714.433,325866.155,42848.278
Spain,2014,385403.726,348024.237,37379.489
Spain,2015,402038.653,365693.23,36345.423
Spain,2016,423633.102,375381.496,48251.606
Spain,2017,446980.582,400859.241,46121.341
Spain,2018,454702.792,416576.6,38126.191
Spain,2019,464770.512,421942.205,42828.307
Spain,2020,371547.02,358593.457,12953.563
Spain,2021,421692.564,412089.73,9602.834
Spain,2022,485593.85,440877.152,44716.698
Estonia,1993,4226.406,3305.387,921.019
Estonia,1994,4375.123,3709.107,666.015
Estonia,1995,4611.885,3907.237,704.648
Estonia,1996,4730.555,4214.061,516.494
Estonia,1997,5933.403,5453.122,480.281
Estonia,1998,6714.294,6161.588,552.707
Estonia,1999,6746.132,5808.569,937.563
Estonia,2000,6277.271,5497.684,779.587
Estonia,2001,6674.799,6177.497,497.302
Estonia,2002,6863.073,6998.243,-135.17
Estonia,2003,7561.222,7978.196,-416.974
Estonia,2004,8868.732,9265.541,-396.809
Estonia,2005,10635.596,10812.826,-177.23
Estonia,2006,11649.109,13051.378,-1402.27
Estonia,2007,13118.694,14745.702,-1627.007
Estonia,2008,13236.484,13837.686,-601.202
Estonia,2009,10548.347,9602.585,945.762
Estonia,2010,13102.863,11643.799,1459.064
Estonia,2011,16270.221,14809.553,1460.668
Estonia,2012,17055.467,16244.325,811.141
Estonia,2013,17533.023,16641.658,891.365
Estonia,2014,17995.978,17148.708,847.269
Estonia,2015,17725.576,16825.097,900.479
Estonia,2016,18580.396,17918.266,662.131
Estonia,2017,19478.21,18633.375,844.835
Estonia,2018,20042.9,19737.853,305.047
Estonia,2019,21267.493,20491.99,775.503
Estonia,2020,20146.082,20580.785,-434.703
Estonia,2021,24163.232,24904.932,-741.7
Estonia,2022,25361.08,26345.666,-984.586
Finland,1990,25070.553,31968.395,-6897.842
Finland,1991,23091.182,27710.084,-4618.902
Finland,1992,25487.73,27904.249,-2416.519
Finland,1993,29736.055,28283.703,1452.352
Finland,1994,33687.03,31907.372,1779.659
Finland,1995,36635.006,34520.275,2114.732
Finland,1996,38746.409,37017.788,1728.621
Finland,1997,44181.913,41415.897,2766.016
Finland,1998,48101.822,44925.286,3176.535
Finland,1999,53555.078,46851.401,6703.677
Finland,2000,62180.431,53814.704,8365.727
Finland,2001,63313.244,54559.187,8754.057
Finland,2002,65835.166,56901.369,8933.798
Finland,2003,65171.678,59239.112,5932.565
Finland,2004,70869.026,64052.179,6816.847
Finland,2005,75793.045,71214.085,4578.96
Finland,2006,83231.219,75907.324,7323.895
Finland,2007,90711.555,81510.365,9201.19
Finland,2008,96699.596,88003.234,8696.362
Finland,2009,77249.835,73044.781,4205.054
Finland,2010,82024.069,77649.26,4374.809
Finland,2011,83688.338,82468.984,1219.355
Finland,2012,83883.613,83395.427,488.186
Finland,2013,84364.032,83499.721,864.311
Finland,2014,82717.515,82750.8,-33.285
Finland,2015,83041.492,84375.127,-1333.634
Finland,2016,86274.613,89202.617,-2928.005
Finland,2017,93885.871,93050.408,835.463
Finland,2018,95297.172,98382.727,-3085.555
Finland,2019,101658.009,100707.157,950.853
Finland,2020,93764.934,94506.089,-741.155
Finland,2021,99539.949,100301.075,-761.126
Finland,2022,103204.67,108818.805,-5614.135
France,1990,252392.691,262017.718,-9625.027
France,1991,268236.137,269762.586,-1526.448
France,1992,284195.865,274528.908,9666.957
France,1993,285317.318,265416.662,19900.656
France,1994,308596.114,288939.476,19656.638
France,1995,335920.188,310675.597,25244.591
France,1996,350257.557,318274.192,31983.364
France,1997,395928.498,343658.462,52270.035
France,1998,430819.858,384555.222,46264.637
France,1999,452843.031,411284.117,41558.914
France,2000,511194.319,474430.576,36763.743
France,2001,526900.239,485730.412,41169.827
France,2002,537423.776,495180.711,42243.065
France,2003,532270.463,499605.731,32664.732
France,2004,560789.784,530601.454,30188.33
France,2005,583084.654,564135.822,18948.833
France,2006,618056.518,595730.721,22325.796
France,2007,635307.649,630019.206,5288.443
France,2008,638107.366,638177.971,-70.605
France,2009,568566.154,578479.213,-9913.058
France,2010,618003.967,629920.607,-11916.64
France,2011,657333.058,666691.393,-9358.335
France,2012,676015.354,668026.267,7989.087
France,2013,690486.894,684182.356,6304.538
France,2014,713082.533,717698.303,-4615.771
France,2015,746211.771,760028.535,-13816.764
France,2016,759463.466,782287.987,-22824.521
France,2017,792772.718,817388.014,-24615.296
France,2018,828661.421,842556.667,-13895.245
France,2019,842075.241,862308.897,-20233.656
France,2020,699732.445,756033.665,-56301.221
France,2021,776925.918,827019.257,-50093.34
France,2022,832197.965,897801.151,-65603.186
United Kingdom,1990,295858.167,283766.166,12092.001
United Kingdom,1991,296349.067,271349.62,24999.447
United Kingdom,1992,309773.168,289750.511,20022.657
United Kingdom,1993,323870.326,299372.258,24498.068
United Kingdom,1994,353761.18,317138.684,36622.495
United Kingdom,1995,387176.323,334718.504,52457.819
United Kingdom,1996,414671.575,365505.233,49166.342
United Kingdom,1997,465724.868,401456.828,64268.04
United Kingdom,1998,479775.305,431405.903,48369.401
United Kingdom,1999,496550.377,463316.12,33234.257
United Kingdom,2000,545004.152,507023.615,37980.538
United Kingdom,2001,560746.339,538359.516,22386.823
United Kingdom,2002,565909.435,563765.68,2143.755
United Kingdom,2003,575568.778,573049.999,2518.779
United Kingdom,2004,604564.109,611526.463,-6962.354
United Kingdom,2005,650242.671,654512.756,-4270.085
United Kingdom,2006,732960.027,723651.558,9308.469
United Kingdom,2007,721482.486,713701.615,7780.871
United Kingdom,2008,741203.145,706501.504,34701.641
United Kingdom,2009,675680.138,656873.535,18806.603
United Kingdom,2010,719906.537,715755.387,4151.15
United Kingdom,2011,769783.193,736715.241,33067.952
United Kingdom,2012,775634.436,754794.256,20840.18
United Kingdom,2013,777841.297,779274.106,-1432.809
United Kingdom,2014,785658.483,818978.598,-33320.115
United Kingdom,2015,815304.692,859564.412,-44259.721
United Kingdom,2016,837924.351,893745.423,-55821.071
United Kingdom,2017,894614.59,922028.456,-27413.865
United Kingdom,2018,922222.98,950593.353,-28370.372
United Kingdom,2019,940639.222,976430.915,-35791.693
United Kingdom,2020,832750.607,820176.19,12574.416
United Kingdom,2021,873898.315,870554.474,3343.841
United Kingdom,2022,948685.347,993704.036,-45018.69
Georgia,2010,3765.008,5362.906,-1597.897
Georgia,2011,4390.274,6202.173,-1811.899
Georgia,2012,4993.792,6871.651,-1877.859
Georgia,2013,5855.32,7053.163,-1197.842
Georgia,2014,5866.815,8077.687,-2210.872
Georgia,2015,6110.414,8659.154,-2548.74
Georgia,2016,6642.686,8865.063,-2222.377
Georgia,2017,7418.599,9582.405,-2163.806
Georgia,2018,8164.649,10566.03,-2401.381
Georgia,2019,8962.879,11266.139,-2303.259
Georgia,2020,5590.934,9396.771,-3805.837
Georgia,2021,6953.369,10427.439,-3474.07
Georgia,2022,9610.881,11930.793,-2319.912
Greece,1990,18147.132,26332.427,-8185.295
Greece,1991,18895.391,27869.404,-8974.013
Greece,1992,20788.93,28169.483,-7380.554
Greece,1993,20249.072,28346.415,-8097.344
Greece,1994,21744.27,28771.691,-7027.421
Greece,1995,22396.387,31345.319,-8948.931
Greece,1996,23311.162,34459.879,-11148.717
Greece,1997,28696.714,37367.532,-8670.818
Greece,1998,29992.196,44154.159,-14161.963
Greece,1999,37323.75,50550.449,-13226.699
Greece,2000,45603.334,60751.584,-15148.25
Greece,2001,45658.145,61353.895,-15695.75
Greece,2002,42313.867,59248.114,-16934.247
Greece,2003,42003.211,63628.59,-21625.379
Greece,2004,49795.064,66439.449,-16644.385
Greece,2005,51457.958,67006.912,-15548.954
Greece,2006,54140.329,75925.386,-21785.056
Greece,2007,59889.14,87693.379,-27804.238
Greece,2008,61968.972,88851.557,-26882.584
Greece,2009,50492.73,70766.787,-20274.057
Greece,2010,52947.279,68339.054,-15391.775
Greece,2011,53285.583,61781.99,-8496.407
Greece,2012,54331.413,58376.936,-4045.522
Greece,2013,55302.521,56346.805,-1044.284
Greece,2014,59863.506,60147.972,-284.466
Greece,2015,62867.562,64870.129,-2002.566
Greece,2016,62606.906,66268.61,-3661.705
Greece,2017,67935.678,71155.343,-3219.665
Greece,2018,74129.805,76918.531,-2788.726
Greece,2019,77751.98,79149.83,-1397.85
Greece,2020,61019.238,73385.427,-12366.19
Greece,2021,75773.374,86490.186,-10716.812
Greece,2022,80507.049,92733.402,-12226.353
Hong Kong,1990,107549.44,104027.414,3522.026
Hong Kong,1991,122437.288,121823.071,614.217
Hong Kong,1992,144037.018,147302.79,-3265.772
Hong Kong,1993,161545.034,164384.723,-2839.689
Hong Kong,1994,176462.093,186305.908,-9843.815
Hong Kong,1995,193985.398,209771.503,-15786.106
Hong Kong,1996,206155.381,220048.764,-13893.382
Hong Kong,1997,219088.794,239129.748,-20040.955
Hong Kong,1998,207208.047,222535.091,-15327.044
Hong Kong,1999,213849.576,217436.133,-3586.557
Hong Kong,2000,250024.052,254600.756,-4576.705
Hong Kong,2001,247397.421,252119.785,-4722.364
Hong Kong,2002,268581.751,269874.836,-1293.085
Hong Kong,2003,303778.884,300717.828,3061.057
Hong Kong,2004,352704.305,344015.749,8688.556
Hong Kong,2005,395619.995,376113.551,19506.444
Hong Kong,2006,435874.126,413361.255,22512.871
Hong Kong,2007,471794.54,450808.503,20986.037
Hong Kong,2008,488400.662,465447.455,22953.207
Hong Kong,2009,443853.333,428058.501,15794.832
Hong Kong,2010,521837.261,506087.282,15749.979
Hong Kong,2011,546926.984,534442.327,12484.657
Hong Kong,2012,564455.634,557105.885,7349.749
Hong Kong,2013,608586.073,603247.744,5338.329
Hong Kong,2014,614505.812,609438.09,5067.722
Hong Kong,2015,606079.014,598687.006,7392.008
Hong Kong,2016,610224.672,603881.75,6342.922
Hong Kong,2017,645894.877,643824.793,2070.084
Hong Kong,2018,669496.897,672710.584,-3213.687
Hong Kong,2019,628331.673,623975.651,4356.022
Hong Kong,2020,586341.494,581183.565,5157.929
Hong Kong,2021,686050.939,674087.836,11963.102
Croatia,1995,9197.581,9869.645,-672.065
Croatia,1996,10737.822,10863.185,-125.363
Croatia,1997,11456.767,14019.575,-2562.808
Croatia,1998,11431.85,12510.768,-1078.918
Croatia,1999,11597.462,12112.953,-515.491
Croatia,2000,13213.975,12975.467,238.508
Croatia,2001,14508.043,14524.547,-16.504
Croatia,2002,15211.862,17158.602,-1946.74
Croatia,2003,16220.41,19156.602,-2936.192
Croatia,2004,17415.206,20169.059,-2753.853
Croatia,2005,18216.244,21223.087,-3006.843
Croatia,2006,19663.928,22971.149,-3307.221
Croatia,2007,20638.337,24365.612,-3727.274
Croatia,2008,20194.69,25301.1,-5106.411
Croatia,2009,17409.625,20145.91,-2736.285
Croatia,2010,18769.51,19539.489,-769.979
Croatia,2011,19195.826,20034.846,-839.02
Croatia,2012,18907.003,19561.522,-654.518
Croatia,2013,19399.227,20204.111,-804.884
Croatia,2014,20810.466,20897.546,-87.08
Croatia,2015,22941.645,22835.566,106.079
Croatia,2016,24558.81,24321.731,237.08
Croatia,2017,26265.322,26386.786,-121.464
Croatia,2018,27210.911,28345.075,-1134.165
Croatia,2019,29072.962,30238.551,-1165.589
Croatia,2020,22329.785,26513.789,-4184.004
Croatia,2021,29639.293,31092.492,-1453.199
Croatia,2022,37639.489,39331.326,-1691.837
Hungary,1991,11666.178,11268.651,397.527
Hungary,1992,11911.36,11296.481,614.879
Hungary,1993,10703.627,13583.385,-2879.758
Hungary,1994,12172.164,14784.756,-2612.592
Hungary,1995,16604.255,17010.137,-405.882
Hungary,1996,18126.226,18208.619,-82.393
Hungary,1997,22249.463,22583.258,-333.796
Hungary,1998,25693.455,27681.24,-1987.785
Hungary,1999,28725.583,31352.37,-2626.787
Hungary,2000,35908.17,38619.971,-2711.8
Hungary,2001,39079.706,40879.028,-1799.322
Hungary,2002,41330.833,44426.578,-3095.744
Hungary,2003,43913.837,48618.449,-4704.612
Hungary,2004,51768.867,57368.137,-5599.27
Hungary,2005,58434.278,61980.407,-3546.129
Hungary,2006,69839.761,71348.447,-1508.686
Hungary,2007,81087.024,81441.572,-354.549
Hungary,2008,86513.077,86240.785,272.292
Hungary,2009,77235.588,74005.986,3229.603
Hungary,2010,85822.806,81217.563,4605.243
Hungary,2011,91322.105,84510.424,6811.681
Hungary,2012,89766.178,81856.196,7909.982
Hungary,2013,93449.276,85225.343,8223.934
Hungary,2014,102044.538,94515.826,7528.712
Hungary,2015,109560.506,99881.467,9679.038
Hungary,2016,113728.388,103348.039,10380.35
Hungary,2017,121092.809,112025.704,9067.105
Hungary,2018,127128.759,119826.619,7302.14
Hungary,2019,134024.831,129659.635,4365.196
Hungary,2020,125785.152,124661.792,1123.36
Hungary,2021,136196.554,133804.162,2392.393
Hungary,2022,153366.493,149323.326,4043.167
Indonesia,1993,56232.551,56185.604,46.947
Indonesia,1994,61822.735,67588.594,-5765.859
Indonesia,1995,66596.239,81740.975,-15144.736
Indonesia,1996,71630.859,87352.296,-15721.437
Indonesia,1997,77218.047,100207.038,-22988.991
Indonesia,1998,85853.476,94905.952,-9052.476
Indonesia,1999,58547.794,56302.73,2245.064
Indonesia,2000,74054.13,70904.263,3149.867
Indonesia,2001,74531.765,73867.963,663.801
Indonesia,2002,73624.765,70728.978,2895.786
Indonesia,2003,77958.598,71834.991,6123.607
Indonesia,2004,88505.087,90981.381,-2476.294
Indonesia,2005,103198.093,107147.825,-3949.732
Indonesia,2006,112904.421,116343.968,-3439.548
Indonesia,2007,122549.826,126889.681,-4339.855
Indonesia,2008,134233.075,139581.896,-5348.82
Indonesia,2009,131487.252,126636.611,4850.641
Indonesia,2010,151573.997,147638.856,3935.142
Indonesia,2011,173961.354,169827.326,4134.028
Indonesia,2012,176759.956,183410.814,-6650.858
Indonesia,2013,184125.468,186825.734,-2700.266
Indonesia,2014,186104.153,190785.883,-4681.73
Indonesia,2015,182158.299,178863.652,3294.646
Indonesia,2016,179133.545,174561.779,4571.765
Indonesia,2017,195071.579,188645.33,6426.25
Indonesia,2018,207778.83,211539.357,-3760.528
Indonesia,2019,206787.676,196463.073,10324.603
Indonesia,2020,189380.671,161875.834,27504.837
Indonesia,2021,223376.579,202127.126,21249.452
Indonesia,2022,259752.871,231940.864,27812.007
India,1990,28103.184,31632.635,-3529.451
India,1991,30818.594,31637.443,-818.849
India,1992,32326.623,38321.827,-5995.204
India,1993,36781.1,45705.395,-8924.295
India,1994,41578.704,56035.542,-14456.839
India,1995,54632.784,71796.031,-17163.247
India,1996,58069.039,70044.217,-11975.178
India,1997,56717.089,79290.532,-22573.443
India,1998,64591.872,95819.113,-31227.24
India,1999,76218.067,102519.271,-26301.204
India,2000,90054.322,107224.615,-17170.293
India,2001,93935.235,110381.574,-16446.339
India,2002,113741.482,123623.852,-9882.37
India,2003,124640.441,140787.685,-16147.244
India,2004,158513.241,172035.842,-13522.601
India,2005,199843.605,228098.344,-28254.74
India,2006,240522.702,277094.939,-36572.237
India,2007,254776.194,305339.056,-50562.861
India,2008,291966.92,374692.357,-82725.437
India,2009,278286.896,366688.415,-88401.518
India,2010,332876.764,423923.767,-91047.004
India,2011,384723.265,513197.971,-128474.706
India,2012,410905.564,544101.709,-133196.145
India,2013,442924.925,499780.267,-56855.342
India,2014,450798.318,504134.507,-53336.189
India,2015,425341.343,474642.418,-49301.075
India,2016,446541.451,495440.745,-48899.293
India,2017,466924.764,581746.44,-114821.677
India,2018,522637.623,633072.165,-110434.542
India,2019,504895.441,627728.651,-122833.209
India,2020,458252.268,541038.671,-82786.403
Ireland,1990,30926.645,30859.787,66.858
Ireland,1991,32690.296,31600.501,1089.795
Ireland,1992,37230.308,34181.047,3049.261
Ireland,1993,40841.258,36760.237,4081.022
Ireland,1994,47022.065,42452.874,4569.192
Ireland,1995,56403.805,49418.931,6984.874
Ireland,1996,63410.048,55766.16,7643.888
Ireland,1997,74537.533,65047.857,9489.676
Ireland,1998,91509.987,83115.403,8394.584
Ireland,1999,105942.756,93601.248,12341.508
Ireland,2000,128389.678,113900.116,14489.562
Ireland,2001,146374.69,128822.508,17552.182
Ireland,2002,155853.687,135699.626,20154.061
Ireland,2003,153207.611,132419.145,20788.467
Ireland,2004,163197.322,134940.349,28256.973
Ireland,2005,172140.387,152109.043,20031.344
Ireland,2006,182556.983,166257.863,16299.121
Ireland,2007,198807.215,181805.085,17002.129
Ireland,2008,191245.692,176740.022,14505.67
Ireland,2009,200135.783,173730.782,26405.001
Ireland,2010,212107.602,174718.311,37389.291
Ireland,2011,218701.488,179334.898,39366.589
Ireland,2012,216903.317,177514.78,39388.537
Ireland,2013,223388.156,179440.657,43947.499
Ireland,2014,255987.185,205754.244,50232.941
Ireland,2015,356246.507,272324.692,83921.815
Ireland,2016,372643.924,324079.973,48563.95
Ireland,2017,408546.818,327902.75,80644.068
Ireland,2018,448602.167,335991.315,112610.852
Ireland,2019,501752.813,478194.575,23558.238
Ireland,2020,559607.575,469928.349,89679.226
Ireland,2021,644125.397,434652.005,209473.392
Ireland,2022,733803.213,503765.075,230038.138
Iceland,1990,3155.179,3441.463,-286.284
Iceland,1991,2968.72,3622.438,-653.718
Iceland,1992,2909.882,3406.094,-496.212
Iceland,1993,3099.394,3150.596,-51.202
Iceland,1994,3386.963,3271.011,115.952
Iceland,1995,3309.443,3389.34,-79.897
Iceland,1996,3577.189,3884.153,-306.963
Iceland,1997,3748.389,4151.387,-402.998
Iceland,1998,3801.749,5062.426,-1260.677
Iceland,1999,3920.215,5232.136,-1311.921
Iceland,2000,4071.601,5640.349,-1568.748
Iceland,2001,4346.272,5077.686,-731.415
Iceland,2002,4500.864,4939.037,-438.173
Iceland,2003,4534.28,5445.557,-911.277
Iceland,2004,4904.457,6241.811,-1337.354
Iceland,2005,5253.509,7978.725,-2725.216
Iceland,2006,5006.079,8762.236,-3756.157
Iceland,2007,6175.986,8563.948,-2387.962
Iceland,2008,6389.947,6824.378,-434.431
Iceland,2009,6921.373,5413.819,1507.553
Iceland,2010,6987.424,5539.342,1448.082
Iceland,2011,7224.711,5914.558,1310.153
Iceland,2012,7484.664,6186.847,1297.817
Iceland,2013,7993.982,6193.397,1800.585
Iceland,2014,8304.841,6813.993,1490.848
Iceland,2015,9047.941,7736.736,1311.204
Iceland,2016,10038.805,8866.529,1172.275
Iceland,2017,10548.746,9915.492,633.253
Iceland,2018,10593.286,9825.503,767.783
Iceland,2019,10026.626,8932.529,1094.097
Iceland,2020,6915.501,7089.268,-173.767
Iceland,2021,7924.368,8500.378,-576.01
Iceland,2022,9694.189,10195.504,-501.315
Israel,1990,22581.023,23667.087,-1086.064
Israel,1991,21938.389,26743.587,-4805.198
Israel,1992,25019.252,28618.09,-3598.838
Israel,1993,27483.943,32900.56,-5416.617
Israel,1994,31023.47,36310.191,-5286.722
Israel,1995,34140.244,39123.932,-4983.687
Israel,1996,36223.332,41937.643,-5714.311
Israel,1997,39511.403,43696.549,-4185.146
Israel,1998,41968.582,44622.584,-2654.002
Israel,1999,48031.359,51560.504,-3529.144
Israel,2000,59269.765,57726.738,1543.028
Israel,2001,52351.727,54585.589,-2233.862
Israel,2002,51262.649,53905.944,-2643.295
Israel,2003,55414.975,53482.982,1931.993
Israel,2004,65123.313,59818.838,5304.475
Israel,2005,68166.434,61904.733,6261.701
Israel,2006,71631.156,64021.806,7609.35
Israel,2007,78955.371,71144.572,7810.799
Israel,2008,83422.587,72902.611,10519.976
Israel,2009,73372.893,62867.989,10504.903
Israel,2010,84274.667,72354.247,11920.419
Israel,2011,91234.852,80494.093,10740.759
Israel,2012,90815.391,82226.801,8588.59
Israel,2013,95414.909,83050.54,12364.368
Israel,2014,96246.736,84983.077,11263.659
Israel,2015,94578.02,85080.552,9497.467
Israel,2016,96854.944,93818.194,3036.75
Israel,2017,101577.978,98126.973,3451.006
Israel,2018,107264.242,105347.185,1917.058
Israel,2019,110378.306,109456.968,921.338
Israel,2020,107691.863,100754.679,6937.184
Israel,2021,123771.335,122016.899,1754.436
Israel,2022,134460.117,136696.972,-2236.855
Italy,1990,249354.441,261875.732,-12521.29
Italy,1991,244499.033,266833.403,-22334.369
Italy,1992,262314.946,285817.333,-23502.387
Italy,1993,285850.163,253819.171,32030.991
Italy,1994,313368.971,274250.607,39118.364
Italy,1995,352799.691,300454.759,52344.932
Italy,1996,357874.603,296845.514,61029.089
Italy,1997,375893.869,327685.423,48208.446
Italy,1998,386020.948,357294.328,28726.62
Italy,1999,382244.61,373354.083,8890.527
Italy,2000,428437.515,414388.752,14048.763
Italy,2001,439453.314,424462.463,14990.851
Italy,2002,427128.29,426851.134,277.156
Italy,2003,421582.612,430009.029,-8426.418
Italy,2004,447423.833,449673.703,-2249.87
Italy,2005,461815.546,465143.863,-3328.317
Italy,2006,500193.93,502162.539,-1968.609
Italy,2007,531192.611,529551.53,1641.081
Italy,2008,514358.415,508240.672,6117.743
Italy,2009,422718.198,441568.822,-18850.624
Italy,2010,472436.469,495293.877,-22857.408
Italy,2011,498041.919,498083.525,-41.607
Italy,2012,508163.672,457641.67,50522.002
Italy,2013,510065.155,445275.594,64789.561
Italy,2014,523404.496,460647.784,62756.712
Italy,2015,545774.938,490422.561,55352.378
Italy,2016,555956.384,509681.818,46274.565
Italy,2017,586180.624,540728.43,45452.194
Italy,2018,598736.538,559319.539,39416.999
Italy,2019,608157.855,555404.512,52753.344
Italy,2020,526010.187,488044.764,37965.423
Italy,2021,599206.971,561898.824,37308.148
Italy,2022,658740.881,631829.868,26911.013
Japan,1990,272528.114,369154.94,-96626.826
Japan,1991,287326.861,364963.076,-77636.215
Japan,1992,300563.368,362459.029,-61895.661
Japan,1993,303043.457,358107.72,-55064.262
Japan,1994,316522.85,387733.304,-71210.454
Japan,1995,329763.487,438102.58,-108339.093
Japan,1996,345699.837,489655.724,-143955.886
Japan,1997,384020.605,492161.424,-108140.818
Japan,1998,374713.248,458675.26,-83962.013
Japan,1999,382209.694,475657.511,-93447.817
Japan,2000,431988.276,521141.788,-89153.512
Japan,2001,403330.935,527202.393,-123871.458
Japan,2002,435163.98,531352.949,-96188.969
Japan,2003,477066.09,549386.883,-72320.794
Japan,2004,545624.616,596107.074,-50482.458
Japan,2005,584471.638,631551.203,-47079.564
Japan,2006,644707.573,661260.228,-16552.655
Japan,2007,700816.91,676276.252,24540.658
Japan,2008,711945.092,681232.3,30712.792
Japan,2009,545472.605,575230.373,-29757.768
Japan,2010,681081.115,640148.075,40933.04
Japan,2011,680266.536,676815.725,3450.811
Japan,2012,681257.91,713723.784,-32465.873
Japan,2013,686779.868,736342.0,-49562.132
Japan,2014,750937.516,796168.993,-45231.476
Japan,2015,775051.883,799671.85,-24619.968
Japan,2016,787594.427,790272.791,-2678.364
Japan,2017,839725.872,816405.431,23320.441
Japan,2018,871296.203,847539.558,23756.645
Japan,2019,858588.43,855915.849,2672.581
Japan,2020,759037.875,798132.741,-39094.866
Japan,2021,847786.575,838513.916,9272.659
Japan,2022,891349.238,905313.578,-13964.341
South Korea,1990,48912.576,74930.645,-26018.069
South Korea,1991,54890.457,89904.837,-35014.379
South Korea,1992,61545.556,94235.523,-32689.967
South Korea,1993,67738.212,100590.432,-32852.22
South Korea,1994,79997.259,124667.835,-44670.576
South Korea,1995,98361.779,152132.561,-53770.782
South Korea,1996,108384.746,173637.973,-65253.227
South Korea,1997,128667.65,177740.002,-49072.353
South Korea,1998,147407.606,134693.544,12714.062
South Korea,1999,165494.572,167875.928,-2381.356
South Korea,2000,193604.594,204964.311,-11359.717
South Korea,2001,190121.513,197868.08,-7746.568
South Korea,2002,214481.245,227332.978,-12851.733
South Korea,2003,243606.783,251155.818,-7549.035
South Korea,2004,294775.864,281505.987,13269.876
South Korea,2005,318060.75,303330.246,14730.504
South Korea,2006,356371.466,341161.278,15210.188
South Korea,2007,401288.295,379996.154,21292.141
South Korea,2008,431794.881,392395.613,39399.267
South Korea,2009,429822.561,365290.408,64532.153
South Korea,2010,485819.077,429251.892,56567.186
South Korea,2011,560718.775,491545.047,69173.727
South Korea,2012,593203.517,504165.913,89037.603
South Korea,2013,615865.299,512433.811,103431.488
South Korea,2014,628771.146,518906.762,109864.384
South Korea,2015,630243.711,529869.468,100374.242
South Korea,2016,645194.913,557288.303,87906.61
South Korea,2017,661197.973,606647.229,54550.744
South Korea,2018,687486.787,617038.381,70448.405
South Korea,2019,689125.317,605256.896,83868.421
South Korea,2020,677363.284,586322.856,91040.428
South Korea,2021,752514.982,645512.61,107002.372
South Korea,2022,778315.181,668361.226,109953.955
Lithuania,1995,5085.084,4998.184,86.9
Lithuania,1996,6400.694,6472.688,-71.994
Lithuania,1997,7932.569,8362.422,-429.853
Lithuania,1998,8233.459,8899.626,-666.166
Lithuania,1999,6682.21,7605.57,-923.36
Lithuania,2000,7625.481,8106.875,-481.394
Lithuania,2001,9461.125,9705.345,-244.22
Lithuania,2002,11371.286,11658.835,-287.55
Lithuania,2003,12403.022,12777.736,-374.714
Lithuania,2004,13300.999,15135.266,-1834.267
Lithuania,2005,15940.316,18110.76,-2170.444
Lithuania,2006,17981.832,20701.033,-2719.201
Lithuania,2007,18556.028,22905.196,-4349.167
Lithuania,2008,20711.798,25383.608,-4671.81
Lithuania,2009,17879.277,18110.251,-230.973
Lithuania,2010,20808.213,21154.714,-346.5
Lithuania,2011,23835.156,24162.37,-327.214
Lithuania,2012,26420.682,25411.492,1009.19
Lithuania,2013,28341.401,26888.252,1453.149
Lithuania,2014,27824.828,26438.673,1386.155
Lithuania,2015,28498.382,28911.509,-413.127
Lithuania,2016,29902.547,30079.99,-177.444
Lithuania,2017,33945.709,33431.09,514.62
Lithuania,2018,36256.039,35445.301,810.737
Lithuania,2019,39905.991,37573.794,2332.197
Lithuania,2020,39991.625,35939.628,4051.998
Lithuania,2021,46807.087,43103.589,3703.498
Lithuania,2022,52512.365,48457.131,4055.234
Luxembourg,1990,24563.525,19666.436,4897.089
Luxembourg,1991,26819.776,21461.929,5357.848
Luxembourg,1992,27552.239,20797.679,6754.56
Luxembourg,1993,28863.327,21883.651,6979.675
Luxembourg,1994,31083.019,23352.207,7730.813
Luxembourg,1995,32503.784,24341.225,8162.559
Luxembourg,1996,34512.197,26242.984,8269.213
Luxembourg,1997,39162.541,30447.428,8715.113
Luxembourg,1998,45520.84,35741.907,9778.933
Luxembourg,1999,50988.649,40447.158,10541.491
Luxembourg,2000,59661.851,47273.971,12387.88
Luxembourg,2001,63490.425,50502.8,12987.625
Luxembourg,2002,63427.949,49750.844,13677.105
Luxembourg,2003,65193.479,51563.5,13629.979
Luxembourg,2004,71212.074,56253.385,14958.689
Luxembourg,2005,75467.978,59711.663,15756.316
Luxembourg,2006,85220.279,66573.513,18646.767
Luxembourg,2007,89590.621,68280.193,21310.427
Luxembourg,2008,89297.084,69769.096,19527.987
Luxembourg,2009,82829.003,63438.637,19390.365
Luxembourg,2010,91241.385,72480.62,18760.765
Luxembourg,2011,95245.194,77370.091,17875.104
Luxembourg,2012,96787.141,78732.082,18055.059
Luxembourg,2013,102900.381,83636.638,19263.742
Luxembourg,2014,109605.514,90525.091,19080.423
Luxembourg,2015,115238.593,95691.946,19546.647
Luxembourg,2016,121356.387,99282.301,22074.086
Luxembourg,2017,121081.081,100030.419,21050.662
Luxembourg,2018,125454.05,103742.752,21711.299
Luxembourg,2019,132976.014,111431.51,21544.505
Luxembourg,2020,133765.446,111011.285,22754.161
Luxembourg,2021,147514.352,124747.225,22767.127
Luxembourg,2022,146568.659,122369.454,24199.205
Latvia,1995,3892.34,4467.197,-574.857
Latvia,1996,4616.341,5661.266,-1044.925
Latvia,1997,5204.829,5917.986,-713.157
Latvia,1998,5450.429,6910.289,-1459.86
Latvia,1999,5104.373,6550.622,-1446.249
Latvia,2000,5840.363,6725.819,-885.457
Latvia,2001,6368.196,7777.692,-1409.496
Latvia,2002,6688.541,7988.538,-1299.997
Latvia,2003,6954.754,8936.393,-1981.639
Latvia,2004,7911.207,10782.273,-2871.065
Latvia,2005,9770.701,12621.212,-2850.511
Latvia,2006,10507.65,15382.559,-4874.909
Latvia,2007,11963.977,18066.218,-6102.241
Latvia,2008,12241.4,16053.695,-3812.295
Latvia,2009,10665.41,11093.998,-428.588
Latvia,2010,12099.265,12514.691,-415.426
Latvia,2011,13624.215,15365.583,-1741.368
Latvia,2012,14918.235,16171.819,-1253.584
Latvia,2013,15016.592,16151.225,-1134.632
Latvia,2014,15958.385,16635.746,-677.361
Latvia,2015,16432.932,16909.654,-476.722
Latvia,2016,17082.947,17512.56,-429.613
Latvia,2017,18168.055,19009.127,-841.072
Latvia,2018,18968.373,20213.884,-1245.51
Latvia,2019,19214.525,20663.472,-1448.946
Latvia,2020,19282.744,20427.277,-1144.534
Latvia,2021,21026.793,23503.776,-2476.983
Latvia,2022,23195.621,26111.186,-2915.566
Morocco,2007,25741.766,30884.658,-5142.891
Morocco,2008,25103.115,35161.565,-10058.45
Morocco,2009,22798.305,32220.605,-9422.301
Morocco,2010,26868.082,34742.845,-7874.763
Morocco,2011,28375.579,37895.821,-9520.241
Morocco,2012,29128.427,39165.188,-10036.761
Morocco,2013,29122.723,39137.213,-10014.49
Morocco,2014,31746.477,40635.61,-8889.133
Morocco,2015,33119.568,41176.43,-8056.861
Morocco,2016,35374.506,47286.72,-11912.213
Morocco,2017,39209.384,49485.179,-10275.795
Morocco,2018,40705.481,51860.169,-11154.688
Morocco,2019,42792.451,52964.816,-10172.365
Morocco,2020,36379.02,46668.724,-10289.704
Morocco,2021,39534.885,52181.524,-12646.638
Madagascar,2007,2312.47,2802.513,-490.043
Madagascar,2008,2604.202,3840.167,-1235.964
Madagascar,2009,1963.738,3155.718,-1191.979
Madagascar,2010,2075.377,2969.806,-894.429
Madagascar,2011,2209.149,3044.962,-835.813
Madagascar,2012,2099.542,2939.907,-840.366
Madagascar,2013,2321.723,3261.554,-939.831
Madagascar,2014,3235.447,3488.939,-253.492
Madagascar,2015,3214.679,3717.317,-502.639
Madagascar,2016,3183.171,3897.268,-714.097
Madagascar,2017,4628.202,4819.931,-191.728
Madagascar,2018,4741.561,5356.776,-615.215
Madagascar,2019,5258.969,5600.593,-341.624
Madagascar,2020,3332.307,4671.652,-1339.345
Mexico,1990,62104.743,73196.31,-11091.568
Mexico,1991,65253.61,84305.774,-19052.164
Mexico,1992,68506.073,100843.436,-32337.363
Mexico,1993,90990.716,110625.17,-19634.454
Mexico,1994,99856.322,130635.229,-30778.907
Mexico,1995,125293.82,107777.957,17515.864
Mexico,1996,146997.565,127288.943,19708.622
Mexico,1997,159731.129,157270.84,2460.289
Mexico,1998,172873.79,179961.681,-7087.891
Mexico,1999,184666.349,201151.838,-16485.489
Mexico,2000,212865.756,243456.755,-30590.998
Mexico,2001,216775.284,242730.352,-25955.068
Mexico,2002,222712.085,251502.273,-28790.188
Mexico,2003,218766.132,259078.308,-40312.177
Mexico,2004,231371.096,277283.205,-45912.108
Mexico,2005,246114.322,293714.516,-47600.193
Mexico,2006,267522.541,316351.642,-48829.102
Mexico,2007,274262.773,334518.208,-60255.434
Mexico,2008,268626.444,347268.524,-78642.08
Mexico,2009,241485.018,290362.237,-48877.219
Mexico,2010,297219.948,340045.594,-42825.646
Mexico,2011,324822.109,361247.548,-36425.439
Mexico,2012,350540.492,381649.497,-31109.005
Mexico,2013,360011.066,395502.565,-35491.499
Mexico,2014,387271.932,419081.788,-31809.856
Mexico,2015,414495.04,439821.705,-25326.665
Mexico,2016,427208.878,450964.948,-23756.069
Mexico,2017,440868.963,476438.154,-35569.191
Mexico,2018,469645.011,503138.202,-33493.19
Mexico,2019,475112.914,497699.438,-22586.524
Mexico,2020,441765.654,438019.216,3746.439
Mexico,2021,473648.634,503939.869,-30291.235
Mexico,2022,514772.844,545791.185,-31018.341
North Macedonia,2000,2107.429,2775.761,-668.332
North Macedonia,2001,1808.313,2506.899,-698.586
North Macedonia,2002,1720.409,2720.548,-1000.139
North Macedonia,2003,1726.178,2559.646,-833.468
North Macedonia,2004,2022.897,3106.457,-1083.56
North Macedonia,2005,2385.561,3406.741,-1021.18
North Macedonia,2006,2675.02,3727.013,-1051.993
North Macedonia,2007,3043.91,4285.371,-1241.461
North Macedonia,2008,2901.828,4505.121,-1603.293
North Macedonia,2009,2498.749,3952.86,-1454.111
North Macedonia,2010,3090.442,4362.638,-1272.195
North Macedonia,2011,3589.168,4710.892,-1121.724
North Macedonia,2012,3659.23,5099.043,-1439.814
North Macedonia,2013,3882.222,5209.573,-1327.351
North Macedonia,2014,4521.983,5946.573,-1424.59
North Macedonia,2015,4905.249,6537.962,-1632.713
North Macedonia,2016,5350.71,7265.389,-1914.679
North Macedonia,2017,5797.327,7645.975,-1848.648
North Macedonia,2018,6539.665,8466.637,-1926.972
North Macedonia,2019,7120.173,9320.292,-2200.119
North Macedonia,2020,6341.819,8307.998,-1966.18
North Macedonia,2021,7083.97,9295.341,-2211.372
North Macedonia,2022,8032.499,10792.66,-2760.161
Malta,2000,7628.905,7829.575,-200.67
Malta,2001,6929.662,6946.763,-17.1
Malta,2002,7498.423,7102.876,395.548
Malta,2003,7408.444,7418.558,-10.114
Malta,2004,7113.196,7345.968,-232.771
Malta,2005,7411.062,7911.423,-500.362
Malta,2006,9021.59,9242.683,-221.093
Malta,2007,9952.547,9975.809,-23.261
Malta,2008,11890.384,11725.262,165.122
Malta,2009,11841.027,11598.766,242.26
Malta,2010,12812.593,12551.892,260.701
Malta,2011,13488.113,13027.942,460.171
Malta,2012,14225.396,13519.451,705.945
Malta,2013,14360.436,13350.944,1009.492
Malta,2014,14855.934,13470.901,1385.033
Malta,2015,17149.439,16066.229,1083.211
Malta,2016,18353.981,16993.47,1360.511
Malta,2017,20257.42,17940.234,2317.186
Malta,2018,22115.31,19910.89,2204.42
Malta,2019,24360.641,22174.105,2186.536
Malta,2020,23955.923,22605.345,1350.577
Malta,2021,25445.178,23468.967,1976.211
Malta,2022,27036.141,25626.694,1409.446
Netherlands,1990,182898.734,162214.777,20683.957
Netherlands,1991,194984.815,172493.079,22491.735
Netherlands,1992,200724.001,177412.053,23311.948
Netherlands,1993,208689.769,178111.368,30578.402
Netherlands,1994,226782.327,194201.865,32580.462
Netherlands,1995,247666.307,213930.3,33736.007
Netherlands,1996,257933.092,225278.384,32654.708
Netherlands,1997,282892.381,249890.874,33001.508
Netherlands,1998,301842.803,270731.211,31111.592
Netherlands,1999,329047.563,297215.8,31831.763
Netherlands,2000,369944.599,330675.201,39269.398
Netherlands,2001,375393.218,338854.368,36538.849
Netherlands,2002,377822.629,339807.401,38015.228
Netherlands,2003,384779.28,346734.536,38044.744
Netherlands,2004,416380.251,368808.64,47571.611
Netherlands,2005,440364.484,388825.73,51538.754
Netherlands,2006,471951.327,418571.117,53380.21
Netherlands,2007,497223.903,451274.596,45949.307
Netherlands,2008,505263.098,448112.64,57150.458
Netherlands,2009,461599.573,413130.575,48468.998
Netherlands,2010,506502.154,448336.415,58165.739
Netherlands,2011,532633.486,465693.859,66939.627
Netherlands,2012,549990.898,475867.684,74123.214
Netherlands,2013,563621.747,486501.902,77119.846
Netherlands,2014,589246.308,502394.147,86852.161
Netherlands,2015,632814.006,575386.728,57427.278
Netherlands,2016,643371.021,564009.783,79361.238
Netherlands,2017,685188.419,598921.272,86267.146
Netherlands,2018,714859.921,627209.465,87650.456
Netherlands,2019,729013.393,647488.252,81525.14
Netherlands,2020,697436.938,616700.318,80736.62
Netherlands,2021,752936.946,654644.365,98292.582
Netherlands,2022,786900.957,679802.867,107098.091
Norway,1990,80616.389,44556.619,36059.771
Norway,1991,85609.466,44729.978,40879.487
Norway,1992,89638.772,45499.184,44139.589
Norway,1993,92427.777,47756.205,44671.572
Norway,1994,100103.462,50326.217,49777.245
Norway,1995,105495.711,53138.287,52357.425
Norway,1996,116123.964,57835.734,58288.23
Norway,1997,125082.484,65134.194,59948.29
Norway,1998,126722.455,71132.954,55589.501
Norway,1999,130455.389,69827.426,60627.963
Norway,2000,135547.918,71786.215,63761.703
Norway,2001,141757.239,73203.72,68553.519
Norway,2002,140931.983,73599.049,67332.934
Norway,2003,140462.871,74207.544,66255.327
Norway,2004,142088.581,80995.846,61092.735
Norway,2005,142881.224,87401.715,55479.508
Norway,2006,142065.392,95116.338,46949.054
Norway,2007,143172.884,104370.239,38802.645
Norway,2008,144759.409,109045.365,35714.044
Norway,2009,138486.225,97879.177,40607.048
Norway,2010,138958.066,105694.492,33263.573
Norway,2011,138243.919,109854.004,28389.914
Norway,2012,141086.37,113077.896,28008.474
Norway,2013,138756.681,118780.655,19976.026
Norway,2014,144076.511,121369.515,22706.996
Norway,2015,149733.264,123654.686,26078.578
Norway,2016,150313.858,126044.394,24269.464
Norway,2017,152712.122,128364.658,24347.463
Norway,2018,150364.328,130149.344,20214.984
Norway,2019,153545.562,137094.265,16451.297
Norway,2020,149969.991,123584.003,26385.987
Norway,2021,158676.904,125703.131,32973.773
Norway,2022,168020.709,137329.379,30691.33
New Zealand,1990,18338.927,14191.253,4147.674
New Zealand,1991,20032.706,13666.014,6366.692
New Zealand,1992,20951.278,14680.516,6270.762
New Zealand,1993,22448.485,15726.415,6722.07
New Zealand,1994,24355.834,17974.541,6381.293
New Zealand,1995,25275.884,19106.126,6169.758
New Zealand,1996,26337.821,20314.894,6022.927
New Zealand,1997,27236.44,20504.582,6731.859
New Zealand,1998,28166.836,21148.211,7018.625
New Zealand,1999,30505.759,23103.302,7402.457
New Zealand,2000,32353.988,23361.67,8992.318
New Zealand,2001,33417.404,24359.82,9057.584
New Zealand,2002,35934.424,26152.041,9782.384
New Zealand,2003,36898.075,29595.199,7302.876
New Zealand,2004,38068.645,33550.514,4518.132
New Zealand,2005,37900.154,35184.444,2715.71
New Zealand,2006,39214.828,34596.412,4618.416
New Zealand,2007,40753.418,38244.956,2508.462
New Zealand,2008,39658.965,37034.226,2624.739
New Zealand,2009,41259.63,33568.174,7691.456
New Zealand,2010,42423.549,37426.683,4996.866
New Zealand,2011,43396.807,39886.735,3510.072
New Zealand,2012,44716.654,40415.899,4300.756
New Zealand,2013,44777.252,43700.766,1076.486
New Zealand,2014,46859.743,46943.116,-83.373
New Zealand,2015,49784.689,48010.6,1774.09
New Zealand,2016,50559.157,50503.357,55.8
New Zealand,2017,52354.918,54153.209,-1798.292
New Zealand,2018,53838.083,56286.214,-2448.131
New Zealand,2019,53704.325,56869.013,-3164.689
New Zealand,2020,44235.568,47821.566,-3585.999
New Zealand,2021,44851.89,56110.263,-11258.372
New Zealand,2022,47536.663,58728.607,-11191.943
Poland,1990,31238.721,21785.532,9453.189
Poland,1991,30702.636,28250.766,2451.87
Poland,1992,34016.523,28745.614,5270.909
Poland,1993,35088.692,32524.352,2564.34
Poland,1994,39669.755,36213.163,3456.591
Poland,1995,48734.315,44985.277,3749.038
Poland,1996,54256.533,57332.803,-3076.27
Poland,1997,60876.509,69479.772,-8603.263
Poland,1998,69547.42,82396.87,-12849.45
Poland,1999,67798.382,83327.232,-15528.85
Poland,2000,83803.687,96194.721,-12391.033
Poland,2001,86364.239,91173.365,-4809.126
Poland,2002,90531.901,93644.515,-3112.614
Poland,2003,103278.684,102382.544,896.14
Poland,2004,108210.107,111144.979,-2934.872
Poland,2005,118998.541,118155.458,843.083
Poland,2006,137292.214,139263.828,-1971.614
Poland,2007,151101.472,161262.767,-10161.295
Poland,2008,161755.936,176514.657,-14758.721
Poland,2009,152156.254,154296.591,-2140.337
Poland,2010,171111.023,176349.914,-5238.891
Poland,2011,184269.266,185378.697,-1109.431
Poland,2012,191586.417,184135.296,7451.121
Poland,2013,201296.193,187461.998,13834.196
Poland,2014,212395.543,205022.417,7373.126
Poland,2015,226390.768,216458.151,9932.617
Poland,2016,246776.23,233163.55,13612.681
Poland,2017,269099.615,256188.089,12911.527
Poland,2018,287286.908,275462.528,11824.38
Poland,2019,302620.241,284256.267,18363.974
Poland,2020,299328.028,277398.859,21929.168
Poland,2021,336250.431,322176.681,14073.75
Poland,2022,358922.669,344063.138,14859.53
Portugal,1990,27943.478,28667.521,-724.044
Portugal,1991,28268.191,30743.716,-2475.526
Portugal,1992,29183.375,34035.107,-4851.732
Portugal,1993,28228.081,32912.787,-4684.706
Portugal,1994,30596.036,35817.636,-5221.6
Portugal,1995,33300.116,38475.414,-5175.297
Portugal,1996,35198.335,40751.786,-5553.451
Portugal,1997,37769.839,44938.464,-7168.626
Portugal,1998,40836.037,51515.769,-10679.733
Portugal,1999,42276.119,56161.34,-13885.221
Portugal,2000,45880.522,59271.403,-13390.881
Portugal,2001,46935.192,59870.069,-12934.876
Portugal,2002,48488.917,59699.761,-11210.844
Portugal,2003,50889.413,59570.54,-8681.126
Portugal,2004,52697.163,63990.385,-11293.222
Portugal,2005,52832.982,65388.607,-12555.625
Portugal,2006,59408.731,70331.592,-10922.861
Portugal,2007,63236.833,74269.089,-11032.256
Portugal,2008,62973.12,75926.173,-12953.053
Portugal,2009,56647.031,68716.678,-12069.646
Portugal,2010,61863.66,74077.346,-12213.686
Portugal,2011,66121.686,69498.779,-3377.093
Portugal,2012,68158.606,65136.72,3021.887
Portugal,2013,73067.599,68185.507,4882.092
Portugal,2014,76212.084,73586.319,2625.765
Portugal,2015,80984.13,79509.937,1474.193
Portugal,2016,84572.254,83495.142,1077.111
Portugal,2017,91681.08,90260.092,1420.989
Portugal,2018,95470.644,94745.047,725.596
Portugal,2019,99361.347,99427.911,-66.564
Portugal,2020,80848.322,87684.785,-6836.462
Portugal,2021,90810.59,98421.014,-7610.423
Portugal,2022,106608.74,109302.724,-2693.984
Romania,1995,15415.872,10644.501,4771.37
Romania,1996,16353.975,11605.631,4748.344
Romania,1997,18180.492,12822.698,5357.794
Romania,1998,17890.223,14303.461,3586.762
Romania,1999,19198.987,13691.297,5507.69
Romania,2000,15632.511,12574.885,3057.626
Romania,2001,17861.762,15529.545,2332.216
Romania,2002,20961.044,17186.733,3774.311
Romania,2003,22709.355,20356.369,2352.986
Romania,2004,25921.364,25433.392,487.973
Romania,2005,28306.994,30454.783,-2147.79
Romania,2006,31639.095,38579.973,-6940.878
Romania,2007,38251.42,54511.903,-16260.482
Romania,2008,43511.255,60616.203,-17104.948
Romania,2009,41038.155,48003.183,-6965.028
Romania,2010,47408.998,54050.509,-6641.511
Romania,2011,53153.202,59305.031,-6151.828
Romania,2012,53740.616,58227.969,-4487.353
Romania,2013,64799.43,63519.816,1279.613
Romania,2014,70330.683,69134.76,1195.923
Romania,2015,73554.073,75016.626,-1462.553
Romania,2016,85572.497,87460.622,-1888.125
Romania,2017,92217.379,97489.636,-5272.257
Romania,2018,97123.431,105898.673,-8775.241
Romania,2019,102327.575,114954.362,-12626.787
Romania,2020,92637.924,108992.823,-16354.899
Romania,2021,104312.023,125270.369,-20958.345
Romania,2022,114279.342,137679.529,-23400.187
Russia,1995,153057.356,91089.689,87037.638
Russia,1996,158720.477,92273.854,95320.325
Russia,1997,157926.876,92642.948,92920.689
Russia,1998,160927.486,76523.076,136089.636
Russia,1999,178951.362,63514.154,201301.564
Russia,2000,195951.739,84092.741,186745.141
Russia,2001,204181.714,99818.086,166353.069
Russia,2002,225212.433,114391.527,173548.396
Russia,2003,253678.982,134157.133,183196.456
Russia,2004,283633.361,165360.73,169254.952
Russia,2005,301952.401,192863.792,141231.217
Russia,2006,324068.017,233893.821,89275.229
Russia,2007,344382.301,295185.19,-13105.055
Russia,2008,346417.625,338786.194,-110106.028
Russia,2009,330010.381,235728.661,96594.821
Russia,2010,353268.38,296578.399,967.907
Russia,2011,354373.956,356744.57,-136201.67
Russia,2012,359194.724,391281.404,-206790.888
Russia,2013,375581.108,405129.846,-206958.165
Russia,2014,377498.903,375714.978,-135111.072
Russia,2015,391365.533,281640.128,109725.404
Russia,2016,403765.52,271298.32,157812.932
Russia,2017,424010.361,318273.903,88447.354
Russia,2018,447560.373,326730.797,114710.736
Russia,2019,450765.86,337879.61,95134.669
Saudi Arabia,2000,169235.182,68390.372,100844.809
Saudi Arabia,2001,164470.015,65042.047,99427.968
Saudi Arabia,2002,147572.12,64775.975,82796.145
Saudi Arabia,2003,178440.535,73579.792,104860.743
Saudi Arabia,2004,192241.941,84572.257,107669.684
Saudi Arabia,2005,205124.65,108745.498,96379.152
Saudi Arabia,2006,209628.544,146786.583,62841.961
Saudi Arabia,2007,210024.656,180756.317,29268.34
Saudi Arabia,2008,207531.381,199750.981,7780.4
Saudi Arabia,2009,185282.132,187069.832,-1787.701
Saudi Arabia,2010,193349.126,199351.151,-6002.025
Saudi Arabia,2011,213005.509,210254.653,2750.856
Saudi Arabia,2012,220221.17,226352.723,-6131.553
Saudi Arabia,2013,220614.281,234626.098,-14011.817
Saudi Arabia,2014,216522.056,250189.639,-33667.583
Saudi Arabia,2015,218010.395,247307.252,-29296.857
Saudi Arabia,2016,235446.46,202238.999,33207.461
Saudi Arabia,2017,228201.003,202930.876,25270.126
Saudi Arabia,2018,244539.601,208236.389,36303.212
Saudi Arabia,2019,232320.286,228187.295,4132.991
Saudi Arabia,2020,208531.649,183113.697,25417.952
Saudi Arabia,2021,212700.546,189223.189,23477.357
Senegal,1999,2517.366,2926.289,-408.923
Senegal,2000,2696.392,2907.969,-211.577
Senegal,2001,2534.537,3402.103,-867.567
Senegal,2002,2862.89,3387.983,-525.093
Senegal,2003,2759.228,3683.704,-924.476
Senegal,2004,3117.255,3795.306,-678.051
Senegal,2005,2991.156,3941.205,-950.048
Senegal,2006,3170.486,4217.885,-1047.399
Senegal,2007,3241.222,4695.807,-1454.585
Senegal,2008,3274.629,4514.303,-1239.674
Senegal,2009,3334.132,4532.146,-1198.013
Senegal,2010,3307.388,4469.225,-1161.837
Senegal,2011,3377.795,4689.717,-1311.922
Senegal,2012,3623.203,4932.59,-1309.388
Senegal,2013,3522.446,5265.784,-1743.339
Senegal,2014,3685.749,5845.842,-2160.093
Senegal,2015,4030.818,6298.159,-2267.34
Senegal,2016,4198.004,6723.17,-2525.166
Senegal,2017,4541.516,7846.846,-3305.33
Senegal,2018,4913.426,8554.22,-3640.794
Senegal,2019,5635.46,9139.407,-3503.946
Senegal,2020,4891.778,9783.642,-4891.864
Singapore,1990,71296.056,64802.138,6493.917
Singapore,1991,77418.362,69454.949,7963.414
Singapore,1992,83025.476,74642.809,8382.667
Singapore,1993,97120.434,88487.917,8632.517
Singapore,1994,115080.101,103056.753,12023.348
Singapore,1995,139347.481,126665.285,12682.196
Singapore,1996,152371.029,139366.756,13004.273
Singapore,1997,167960.14,155018.202,12941.938
Singapore,1998,160540.942,141928.027,18612.914
Singapore,1999,173413.271,155286.091,18127.18
Singapore,2000,198260.433,186372.884,11887.549
Singapore,2001,191042.351,173656.138,17386.213
Singapore,2002,205142.691,183277.217,21865.474
Singapore,2003,233597.44,201401.706,32195.734
Singapore,2004,278913.68,246965.396,31948.284
Singapore,2005,314558.435,275546.051,39012.383
Singapore,2006,349015.984,303926.609,45089.375
Singapore,2007,378815.34,326611.532,52203.808
Singapore,2008,398745.586,362134.963,36610.623
Singapore,2009,370020.33,326118.306,43902.024
Singapore,2010,435838.307,379297.511,56540.796
Singapore,2011,469356.391,400870.22,68486.171
Singapore,2012,475914.025,411220.337,64693.688
Singapore,2013,505134.399,438001.346,67133.053
Singapore,2014,523420.072,450127.471,73292.601
Singapore,2015,549421.999,465345.117,84076.883
Singapore,2016,549514.666,466244.504,83270.162
Singapore,2017,590767.698,503984.216,86783.482
Singapore,2018,636935.683,541114.833,95820.85
Singapore,2019,638437.765,541109.814,97327.951
Singapore,2020,641178.259,534969.396,106208.863
Singapore,2021,716260.979,599056.971,117204.008
Singapore,2022,706930.918,587707.672,119223.247
Serbia,1995,1042.768,2475.302,-1432.533
Serbia,1996,2328.117,4094.364,-1766.247
Serbia,1997,3517.312,5440.876,-1923.564
Serbia,1998,4555.094,4957.513,-402.419
Serbia,1999,2632.616,3300.856,-668.239
Serbia,2000,3117.428,4146.758,-1029.33
Serbia,2001,4799.481,7104.256,-2304.774
Serbia,2002,5727.832,9063.651,-3335.819
Serbia,2003,7335.063,10712.317,-3377.254
Serbia,2004,8061.528,14024.938,-5963.41
Serbia,2005,9462.291,13460.767,-3998.475
Serbia,2006,10148.702,16020.678,-5871.976
Serbia,2007,10531.296,19451.667,-8920.37
Serbia,2008,11853.587,21412.828,-9559.242
Serbia,2009,10486.948,16726.357,-6239.409
Serbia,2010,12254.553,16714.222,-4459.669
Serbia,2011,12944.342,17911.888,-4967.546
Serbia,2012,13314.144,17800.698,-4486.554
Serbia,2013,15717.078,18953.621,-3236.543
Serbia,2014,16394.715,19918.381,-3523.666
Serbia,2015,17915.464,20707.752,-2792.288
Serbia,2016,20066.576,22162.856,-2096.28
Serbia,2017,21718.228,24620.341,-2902.113
Serbia,2018,23347.487,27276.789,-3929.302
Serbia,2019,25137.796,30186.204,-5048.408
Serbia,2020,24076.318,29095.33,-5019.013
Serbia,2021,28740.262,34707.285,-5967.023
Slovakia,1992,13383.486,17933.876,-4550.391
Slovakia,1993,13349.499,17826.871,-4477.372
Slovakia,1994,15319.722,16983.09,-1663.368
Slovakia,1995,16016.472,18959.714,-2943.241
Slovakia,1996,15651.324,22091.934,-6440.61
Slovakia,1997,17803.193,24193.764,-6390.571
Slovakia,1998,17395.657,23747.096,-6351.44
Slovakia,1999,19176.143,22860.462,-3684.32
Slovakia,2000,20770.731,24304.955,-3534.224
Slovakia,2001,23065.069,28891.543,-5826.474
Slovakia,2002,24775.228,30476.187,-5700.959
Slovakia,2003,29666.014,32946.382,-3280.368
Slovakia,2004,35938.711,40382.55,-4443.839
Slovakia,2005,40478.809,46408.191,-5929.382
Slovakia,2006,49722.029,55297.865,-5575.836
Slovakia,2007,56911.064,60649.741,-3738.678
Slovakia,2008,58624.259,63141.255,-4516.996
Slovakia,2009,49029.265,51202.515,-2173.251
Slovakia,2010,57528.806,59694.243,-2165.437
Slovakia,2011,63644.204,64351.454,-707.25
Slovakia,2012,69463.798,65699.552,3764.247
Slovakia,2013,73638.777,69428.777,4210.0
Slovakia,2014,76360.064,72573.106,3786.958
Slovakia,2015,81433.631,78755.121,2678.509
Slovakia,2016,85530.459,82556.61,2973.85
Slovakia,2017,88680.13,85923.246,2756.884
Slovakia,2018,93222.066,90021.936,3200.13
Slovakia,2019,93957.159,91985.048,1972.11
Slovakia,2020,87999.463,84502.223,3497.24
Slovakia,2021,97215.749,94416.599,2799.15
Slovakia,2022,100129.42,98427.308,1702.111
Slovenia,1990,14592.838,12077.859,2514.979
Slovenia,1991,11652.933,9378.312,2274.621
Slovenia,1992,8915.097,7227.548,1687.549
Slovenia,1993,8967.4,8497.098,470.302
Slovenia,1994,10072.875,9613.631,459.244
Slovenia,1995,10182.668,10699.533,-516.864
Slovenia,1996,10485.281,10956.023,-470.742
Slovenia,1997,11705.205,12236.843,-531.639
Slovenia,1998,12620.768,13467.67,-846.902
Slovenia,1999,12873.752,14600.234,-1726.483
Slovenia,2000,14494.881,15566.746,-1071.865
Slovenia,2001,15535.983,16130.748,-594.766
Slovenia,2002,16745.042,17038.164,-293.121
Slovenia,2003,17274.269,18139.594,-865.324
Slovenia,2004,19527.261,20673.362,-1146.101
Slovenia,2005,21746.32,22190.144,-443.824
Slovenia,2006,24817.453,24939.183,-121.731
Slovenia,2007,28256.606,29193.127,-936.52
Slovenia,2008,29438.677,30387.179,-948.502
Slovenia,2009,24563.494,24800.385,-236.891
Slovenia,2010,27059.282,26445.328,613.955
Slovenia,2011,28917.89,27850.597,1067.292
Slovenia,2012,29061.304,26865.993,2195.311
Slovenia,2013,29951.194,27433.261,2517.933
Slovenia,2014,31751.451,28573.664,3177.787
Slovenia,2015,33256.871,29807.624,3449.247
Slovenia,2016,35306.614,31682.206,3624.408
Slovenia,2017,39215.5,35063.24,4152.259
Slovenia,2018,41629.349,37548.083,4081.265
Slovenia,2019,43495.111,39301.183,4193.929
Slovenia,2020,39785.315,35717.764,4067.55
Slovenia,2021,45543.945,42070.874,3473.071
Slovenia,2022,48806.27,45853.991,2952.279
Sweden,1990,63834.354,72372.84,-8538.486
Sweden,1991,62579.507,68826.732,-6247.225
Sweden,1992,63929.512,69957.694,-6028.182
Sweden,1993,68919.617,68048.35,871.267
Sweden,1994,78298.336,76804.65,1493.686
Sweden,1995,87133.357,82348.442,4784.915
Sweden,1996,90978.954,85174.458,5804.496
Sweden,1997,103655.661,95665.824,7989.837
Sweden,1998,112897.447,106121.623,6775.824
Sweden,1999,121025.639,111861.743,9163.896
Sweden,2000,135598.646,125560.401,10038.245
Sweden,2001,136399.491,123753.373,12646.119
Sweden,2002,138716.666,122476.881,16239.785
Sweden,2003,144692.594,126329.829,18362.765
Sweden,2004,160984.306,134966.625,26017.681
Sweden,2005,171285.627,144198.216,27087.411
Sweden,2006,186040.144,156209.587,29830.557
Sweden,2007,194589.445,168747.938,25841.507
Sweden,2008,198194.137,173904.408,24289.729
Sweden,2009,169539.18,148626.871,20912.309
Sweden,2010,187590.38,165694.294,21896.086
Sweden,2011,200196.072,177432.038,22764.034
Sweden,2012,202439.86,179231.005,23208.855
Sweden,2013,200207.453,178872.848,21334.605
Sweden,2014,208948.46,190291.32,18657.139
Sweden,2015,221067.598,201824.555,19243.042
Sweden,2016,226372.736,210845.709,15527.027
Sweden,2017,235725.61,220816.141,14909.469
Sweden,2018,245736.824,229259.809,16477.015
Sweden,2019,260417.125,234140.873,26276.252
Sweden,2020,246213.182,219978.069,26235.113
Sweden,2021,273600.421,245453.239,28147.182
Sweden,2022,293604.355,268129.659,25474.695
Turkiye,1990,30942.784,38453.918,-26977.413
Turkiye,1991,32095.309,36447.742,-11037.078
Turkiye,1992,35626.134,40426.051,-12096.879
Turkiye,1993,38363.935,54892.823,-69010.386
Turkiye,1994,44187.723,42884.629,20756.949
Turkiye,1995,47715.757,55571.757,-23235.554
Turkiye,1996,58193.725,66977.336,-24407.709
Turkiye,1997,69323.15,82005.876,-40012.435
Turkiye,1998,77639.331,83920.068,-5764.822
Turkiye,1999,69574.02,81060.056,-34033.625
Turkiye,2000,82657.21,98657.576,-52036.375
Turkiye,2001,86733.723,74949.887,86209.789
Turkiye,2002,93794.919,90786.861,45252.522
Turkiye,2003,101024.86,111894.177,-20791.245
Turkiye,2004,113313.381,135650.952,-73321.514
Turkiye,2005,122754.132,152121.848,-104904.145
Turkiye,2006,129752.409,163134.202,-122415.624
Turkiye,2007,138805.159,178862.606,-152377.151
Turkiye,2008,144195.781,173925.612,-99732.691
Turkiye,2009,138980.355,148425.159,-1457.757
Turkiye,2010,141372.923,177167.937,-130538.382
Turkiye,2011,159639.795,203703.597,-165361.85
Turkiye,2012,182783.98,204963.662,-50006.117
Turkiye,2013,191800.08,227347.218,-112957.491
Turkiye,2014,205375.555,228027.702,-45005.44
Turkiye,2015,212027.255,229538.16,-17510.905
Turkiye,2016,208333.976,236414.964,-70799.625
Turkiye,2017,234186.746,261557.876,-58914.334
Turkiye,2018,254827.225,245388.543,129184.65
Turkiye,2019,265585.408,233010.54,246692.499
Turkiye,2020,227452.759,248641.134,-30629.628
Turkiye,2021,284074.711,254565.383,237583.379
Turkiye,2022,309801.766,274675.524,273610.404
United States,1990,659885.538,718642.696,-58757.158
United States,1991,703532.021,717568.177,-14036.157
United States,1992,752267.606,767867.712,-15600.107
United States,1993,776827.098,834262.486,-57435.388
United States,1994,845467.973,933776.22,-88308.247
United States,1995,932367.05,1008486.791,-76119.742
United States,1996,1008602.475,1096188.937,-87586.463
United States,1997,1128722.815,1243818.014,-115095.199
United States,1998,1155086.764,1389204.304,-234117.54
United States,1999,1212651.977,1550271.169,-337619.192
United States,2000,1313437.357,1751801.941,-438364.584
United States,2001,1240120.345,1708685.092,-468564.748
United States,2002,1215790.702,1771385.758,-555595.057
United States,2003,1241359.239,1862160.017,-620800.778
United States,2004,1360991.271,2066652.024,-705660.754
United States,2005,1455465.821,2200804.55,-745338.729
United States,2006,1593232.068,2342101.902,-748869.834
United States,2007,1732786.557,2402136.103,-669349.546
United States,2008,1832971.087,2350561.029,-517589.942
United States,2009,1680937.999,2054160.749,-373222.75
United States,2010,1897489.944,2324765.378,-427275.435
United States,2011,2033472.716,2436726.217,-403253.502
United States,2012,2115086.222,2496377.306,-381291.084
United States,2013,2177934.144,2526658.53,-348724.386
United States,2014,2262517.565,2657045.734,-394528.17
United States,2015,2268651.0,2794850.0,-526199.0
United States,2016,2277844.954,2835422.08,-557577.126
United States,2017,2375064.338,2963252.796,-588188.458
United States,2018,2441609.87,3087859.958,-646250.088
United States,2019,2453092.775,3123207.283,-670114.508
United States,2020,2128424.131,2843437.698,-715013.566
United States,2021,2257272.052,3245332.776,-988060.724
South Africa,1990,41084.464,25525.023,15559.441
South Africa,1991,40449.55,26071.935,14377.615
South Africa,1992,42670.546,27466.111,15204.434
South Africa,1993,47099.363,29393.505,17705.857
South Africa,1994,48270.151,34123.753,14146.399
South Africa,1995,53549.653,39853.407,13696.246
South Africa,1996,57407.278,43324.884,14082.394
South Africa,1997,60447.414,45657.998,14789.417
South Africa,1998,62409.663,46577.379,15832.284
South Africa,1999,63196.679,42682.673,20514.005
South Africa,2000,68450.574,44960.883,23489.691
South Africa,2001,70088.515,45073.235,25015.279
South Africa,2002,70781.888,47480.862,23301.026
South Africa,2003,70859.236,51319.604,19539.631
South Africa,2004,72867.194,59278.181,13589.013
South Africa,2005,79109.885,65727.208,13382.677
South Africa,2006,85013.666,77729.73,7283.937
South Africa,2007,91668.805,85010.165,6658.641
South Africa,2008,93089.518,87398.183,5691.335
South Africa,2009,77242.125,71963.72,5278.405
South Africa,2010,83203.678,79731.298,3472.38
South Africa,2011,85706.814,89170.254,-3463.44
South Africa,2012,86660.157,92619.663,-5959.506
South Africa,2013,89895.158,96360.322,-6465.164
South Africa,2014,93172.993,95698.288,-2525.295
South Africa,2015,96023.876,100526.134,-4502.258
South Africa,2016,96415.182,96371.139,44.043
South Africa,2017,96151.741,97847.96,-1696.219
South Africa,2018,98794.245,101252.281,-2458.036
South Africa,2019,95521.282,101812.365,-6291.083
South Africa,2020,84089.427,83916.902,172.526
South Africa,2021,91732.8,91955.976,-223.176
South Africa,2022,98511.561,105650.805,-7139.244
