Year,Country,Health Care Rank,Health Care Index,Health Care Exp. Index
2012.01,Japan,1,96.11,179.41
2012.01,Indonesia,2,94.12,175.02
2012.01,Sri Lanka,3,93.52,174.17
2012.01,Thailand,4,92.59,173.29
2012.01,Israel,5,91.67,170.57
2012.01,Denmark,6,89.81,168.2
2012.01,Colombia,7,88.89,165.11
2012.01,Malta,8,87.04,161.33
2012.01,New Zealand,9,86.81,161.22
2012.01,Sweden,10,86.76,162
2012.01,Austria,11,83.18,153.81
2012.01,Slovenia,12,82.87,152.69
2012.01,Panama,13,82.41,153.47
2012.01,Belgium,14,82.22,153.6
2012.01,France,15,80.74,148.52
2012.01,Mexico,16,80.06,147.17
2012.01,Switzerland,17,79.51,153.49
2012.01,Bolivia,18,79.17,145.95
2012.01,Australia,19,79.11,144.94
2012.01,Norway,20,79.04,147.12
2012.01,Ecuador,21,77.78,151.24
2012.01,Finland,22,77.08,145.15
2012.01,Argentina,23,76.74,143.09
2012.01,Philippines,24,76.11,142.07
2012.01,United Kingdom,25,76.04,139.92
2012.01,Taiwan,26,74.07,134.49
2012.01,Canada,27,71.99,134.92
2012.01,Germany,28,71.96,133.86
2012.01,Jordan,29,70.83,132.6
2012.01,Slovakia,30,70.37,131.54
2012.01,Netherlands,31,70.37,136.9
2012.01,Turkey,32,69.97,126.92
2012.01,Portugal,33,69.96,129.9
2012.01,Spain,34,69.92,130.26
2012.01,Estonia,35,69.44,129.5
2012.01,Malaysia,36,69.06,127.11
2012.01,Italy,37,67.77,123.64
2012.01,Georgia,38,67.13,123.4
2012.01,Egypt,39,65.74,117.61
2012.01,United States,40,65.52,122.21
2012.01,Croatia,41,65,130.81
2012.01,Czech Republic,42,65,123.23
2012.01,Lithuania,43,64.58,122.15
2012.01,United Arab Emirates,44,63.89,120.53
2012.01,Pakistan,45,60.42,109.26
2012.01,Bulgaria,46,60.3,114.46
2012.01,Hungary,47,59.95,110.97
2012.01,South Africa,48,59.54,105.05
2012.01,India,49,59.42,105.09
2012.01,Chile,50,59.26,105.54
2012.01,Brazil,51,59.09,111.7
2012.01,Singapore,52,58.97,113.26
2012.01,Serbia,53,57.41,102.4
2012.01,Bosnia And Herzegovina,54,57.41,108.78
2012.01,Poland,55,55.79,99.71
2012.01,Greece,56,51.76,93.93
2012.01,Romania,57,48.41,85.87
2012.01,Venezuela,58,45.37,91.05
2012.01,Puerto Rico,59,44.68,84.52
2012.01,Iran,60,43.4,77.13
2012.01,Lebanon,61,43.33,77.09
2012.01,Mongolia,62,43.06,84.58
2012.01,Ireland,63,41.06,78.19
2012.01,Saudi Arabia,64,40.74,73.33
2012.01,Ukraine,65,40.28,80.66
2012.01,China,66,36.15,59.33
2012.01,Russia,67,35.52,63.81
2013.01,Thailand,1,94.73,176.6
2013.01,Israel,2,87.04,162.15
2013.01,Denmark,3,86.13,160.03
2013.01,France,4,85.62,159.43
2013.01,Panama,5,82.41,153.47
2013.01,Belgium,6,81.48,151.27
2013.01,Austria,7,81.45,150.38
2013.01,Taiwan,8,81.25,148.71
2013.01,Sri Lanka,9,80.56,148.96
2013.01,South Korea,10,80.56,148.78
2013.01,Norway,11,80.51,150.44
2013.01,Japan,12,80.09,145.84
2013.01,Sweden,13,78.7,145.75
2013.01,Argentina,14,78.26,146.82
2013.01,Estonia,15,78.06,144.2
2013.01,Malta,16,77.78,142.87
2013.01,Colombia,17,77.31,140.41
2013.01,Costa Rica,18,77.08,143.17
2013.01,Finland,19,76.41,140.92
2013.01,New Zealand,20,76.04,139.08
2013.01,Spain,21,75.61,140.91
2013.01,Australia,22,75.56,138.2
2013.01,Jordan,23,75.37,139.63
2013.01,Philippines,24,73.7,136.41
2013.01,Germany,25,73.25,134.82
2013.01,Canada,26,72.79,135.7
2013.01,Mexico,27,72.12,130.85
2013.01,Slovenia,28,72.11,134.64
2013.01,Switzerland,29,71.98,137.36
2013.01,Turkey,30,71.87,130.27
2013.01,United Kingdom,31,71.28,131.69
2013.01,Hong Kong,32,71.06,130.68
2013.01,Lithuania,33,70.79,130.04
2013.01,Cyprus,34,70,125.92
2013.01,Georgia,35,68.98,126.16
2013.01,Qatar,36,68.06,132.69
2013.01,United States,37,67.76,126.33
2013.01,Bolivia,38,67.36,125.39
2013.01,Netherlands,39,66.8,125.2
2013.01,North Macedonia,40,64.81,122.96
2013.01,Iceland,41,64.81,123.64
2013.01,Ecuador,42,64.81,121.37
2013.01,Italy,43,64.78,119.47
2013.01,Morocco,44,63.33,113.73
2013.01,India,45,62.68,111.51
2013.01,Czech Republic,46,61.99,117.83
2013.01,Portugal,47,61.63,113.87
2013.01,Chile,48,61.51,109.98
2013.01,South Africa,49,61.33,110.96
2013.01,China,50,60.86,108.15
2013.01,Slovakia,51,59.95,110.21
2013.01,United Arab Emirates,52,59.92,112.26
2013.01,Malaysia,53,59.65,108.01
2013.01,Egypt,54,59.08,104.58
2013.01,Puerto Rico,55,58.98,112.63
2013.01,Singapore,56,58.82,112.59
2013.01,Poland,57,57.81,108.05
2013.01,Brazil,58,57.58,107.09
2013.01,Uruguay,59,57.18,104.56
2013.01,Montenegro,60,56.94,103.74
2013.01,Serbia,61,55.55,99.29
2013.01,Bulgaria,62,54.63,100.55
2013.01,Bosnia And Herzegovina,63,54.54,98.56
2013.01,Cambodia,64,53.84,97.44
2013.01,Peru,65,53.7,97.91
2013.01,Hungary,66,51.02,95.28
2013.01,Greece,67,50.4,89.33
2013.01,Croatia,68,50.03,101.23
2013.01,Ireland,69,49,94.84
2013.01,Indonesia,70,48.52,84.36
2013.01,Ukraine,71,47.89,85.07
2013.01,Pakistan,72,47.88,84.69
2013.01,Romania,73,46.13,81.53
2013.01,Iran,74,45.66,79.58
2013.01,Albania,75,44.44,82.23
2013.01,Venezuela,76,44.44,76.54
2013.01,Lebanon,77,43.33,77.09
2013.01,Mongolia,78,43.06,84.58
2013.01,Russia,79,39.34,69.03
2013.01,Uganda,80,34.72,63.79
2013.01,Saudi Arabia,81,34.17,65.4
2013.01,Azerbaijan,82,28.7,50.44
2014.01,Denmark,1,85.62,159.2
2014.01,Thailand,2,85.44,158.07
2014.01,Japan,3,85.03,156.04
2014.01,France,4,82.28,152.3
2014.01,Austria,5,79.67,147.29
2014.01,South Korea,6,79.17,146.12
2014.01,Taiwan,7,78.33,142.66
2014.01,Belgium,8,78.04,143.12
2014.01,New Zealand,9,77.83,142.32
2014.01,Argentina,10,76.75,141.4
2014.01,Sri Lanka,11,76.67,141.62
2014.01,Estonia,12,76.34,140.18
2014.01,Norway,13,75.71,139.79
2014.01,Israel,14,75.43,138.81
2014.01,Germany,15,75.26,138.28
2014.01,Sweden,16,75.22,138.43
2014.01,Spain,17,75.17,139.63
2014.01,Jordan,18,74.1,136.02
2014.01,Australia,19,73.55,134.54
2014.01,United Kingdom,20,73.52,135.28
2014.01,Canada,21,71.94,133.08
2014.01,Hong Kong,22,71.83,131.53
2014.01,Mexico,23,70.64,127.5
2014.01,Philippines,24,69.84,125.55
2014.01,Malaysia,25,69.35,126.15
2014.01,Lithuania,26,69.26,126.66
2014.01,Cyprus,27,68.73,122.93
2014.01,Finland,28,68.69,123.65
2014.01,United States,29,68.58,127.73
2014.01,Colombia,30,68.52,122.72
2014.01,Switzerland,31,67.95,128.08
2014.01,Czech Republic,32,66.27,123.4
2014.01,Kuwait,33,66.2,122.87
2014.01,Netherlands,34,66.17,121.85
2014.01,China,35,65.12,117.91
2014.01,Italy,36,65.05,119.2
2014.01,Latvia,37,65,122.21
2014.01,Portugal,38,64.8,118.98
2014.01,India,39,64.62,115.29
2014.01,Costa Rica,40,63.89,114.54
2014.01,Slovakia,41,63.52,115.65
2014.01,Singapore,42,61.82,117.09
2014.01,Albania,43,61.44,111.45
2014.01,Slovenia,44,61.31,114.7
2014.01,Egypt,45,61.3,109.45
2014.01,United Arab Emirates,46,60.65,113.43
2014.01,Indonesia,47,60.23,107.28
2014.01,Kazakhstan,48,60.19,114.05
2014.01,Puerto Rico,49,59.93,113.56
2014.01,Uruguay,50,59.58,108.17
2014.01,South Africa,51,59.44,107.66
2014.01,Ecuador,52,59.39,110.52
2014.01,Morocco,53,59.29,108.7
2014.01,Greece,54,59.02,105.45
2014.01,Chile,55,58.68,104.98
2014.01,Bulgaria,56,58.04,106.14
2014.01,Peru,57,57.64,103.69
2014.01,Turkey,58,57.54,101.18
2014.01,Montenegro,59,56.94,103.74
2014.01,Croatia,60,55.94,103.38
2014.01,Lebanon,61,55.36,101.49
2014.01,Poland,62,54.83,100.16
2014.01,Bosnia And Herzegovina,63,54.42,97.78
2014.01,Serbia,64,54.35,97.28
2014.01,Cambodia,65,53.84,97.44
2014.01,Brazil,66,53.72,97.24
2014.01,Bolivia,67,51.52,90.69
2014.01,Saudi Arabia,68,50.42,90.34
2014.01,Nigeria,69,50.42,93.24
2014.01,Pakistan,70,50.4,88.49
2014.01,Iran,71,48.6,85.27
2014.01,Oman,72,48.15,87.23
2014.01,Belarus,73,48.02,85.01
2014.01,Romania,74,47.27,83.74
2014.01,Ukraine,75,47.1,83.12
2014.01,Hungary,76,46.58,83.76
2014.01,Russia,77,43.45,74.96
2014.01,Ireland,78,42.57,79.14
2014.01,Venezuela,79,41.05,70.52
2014.01,North Macedonia,80,33.12,61.07
2014.01,Iraq,81,28.47,46.44
2014.01,Mongolia,82,27.23,50.77
2014.06,Panama,1,85.56,158.41
2014.06,Thailand,2,84.97,156.84
2014.06,Japan,3,84.82,155.78
2014.06,Denmark,4,82.58,153.39
2014.06,Taiwan,5,82.32,151.09
2014.06,South Korea,6,82.14,151.58
2014.06,France,7,81.58,150.58
2014.06,Malta,8,81.11,149.29
2014.06,Sri Lanka,9,80.56,148.61
2014.06,Hong Kong,10,80.4,147.71
2014.06,Austria,11,77.77,143.4
2014.06,Belgium,12,77.53,142.26
2014.06,Israel,13,77.35,142.04
2014.06,Sweden,14,77.14,141.8
2014.06,Cyprus,15,76.96,139.53
2014.06,Georgia,16,76.85,141.58
2014.06,Germany,17,76.66,140.71
2014.06,Dominican Republic,18,76.11,137.76
2014.06,Norway,19,75.39,139.14
2014.06,Argentina,20,75.33,137.64
2014.06,Qatar,21,75,143.15
2014.06,Spain,22,74.23,137.69
2014.06,Jordan,23,74.1,136.02
2014.06,New Zealand,24,73.56,134.24
2014.06,Philippines,25,73.15,132.09
2014.06,United Kingdom,26,72.76,133.77
2014.06,Canada,27,72.42,134.08
2014.06,Australia,28,71.9,131.23
2014.06,Estonia,29,71.73,132.4
2014.06,Lithuania,30,69.94,126.63
2014.06,Mexico,31,69.79,125.35
2014.06,Finland,32,69,124.73
2014.06,Malaysia,33,68.86,124.86
2014.06,United States,34,68.15,127.09
2014.06,Switzerland,35,68.04,127.64
2014.06,Uruguay,36,67.92,123.87
2014.06,Colombia,37,67.92,121.98
2014.06,Albania,38,67.41,122.47
2014.06,Netherlands,39,66.66,123.08
2014.06,Czech Republic,40,66.26,122.17
2014.06,Portugal,41,66.04,120.66
2014.06,Italy,42,66.02,120.94
2014.06,Latvia,43,65,122.21
2014.06,Kuwait,44,64.48,119.82
2014.06,Indonesia,45,64.45,115.59
2014.06,India,46,63.97,114.03
2014.06,Nepal,47,63.38,114
2014.06,Ecuador,48,63.14,117.54
2014.06,Singapore,49,62.97,118.84
2014.06,China,50,61.49,112.22
2014.06,Lebanon,51,61.3,111.95
2014.06,South Africa,52,60.92,109.55
2014.06,Chile,53,60.56,108.15
2014.06,Turkey,54,60.25,106.96
2014.06,Peru,55,60.19,111.27
2014.06,Bulgaria,56,59.64,108.54
2014.06,Puerto Rico,57,59.31,111
2014.06,Morocco,58,59.29,108.7
2014.06,United Arab Emirates,59,59.14,110.79
2014.06,Slovakia,60,58.84,106.31
2014.06,Kazakhstan,61,58.56,109.71
2014.06,Egypt,62,58.29,103.64
2014.06,Greece,63,57.84,102.52
2014.06,Croatia,64,57.66,106.53
2014.06,Kenya,65,57.13,104.05
2014.06,Montenegro,66,56.94,103.74
2014.06,Slovenia,67,55.88,103.15
2014.06,Costa Rica,68,55.56,98.19
2014.06,Serbia,69,54.68,98.01
2014.06,Bosnia And Herzegovina,70,54.42,97.78
2014.06,Poland,71,54.26,98.85
2014.06,Cambodia,72,54.17,97.62
2014.06,Moldova,73,53.89,107.99
2014.06,Saudi Arabia,74,53.46,96.94
2014.06,Russia,75,52.71,91.73
2014.06,Pakistan,76,52.23,91.09
2014.06,Iceland,77,51.39,96.49
2014.06,Brazil,78,51.15,91.56
2014.06,Iran,79,50,88.08
2014.06,Hungary,80,49.74,89.2
2014.06,Oman,81,48.15,87.23
2014.06,Belarus,82,48.02,85.01
2014.06,Ukraine,83,46.89,81.91
2014.06,Ireland,84,46.73,85.12
2014.06,Romania,85,46.72,82.44
2014.06,Bolivia,86,45.68,78.07
2014.06,Nigeria,87,45.53,79.99
2014.06,Trinidad And Tobago,88,45,83.61
2014.06,Venezuela,89,42.82,74.02
2014.06,Vietnam,90,35.42,60.91
2014.06,North Macedonia,91,33.12,61.07
2014.06,Iraq,92,30,51.46
2014.06,Mongolia,93,27.23,50.77
2014.06,Azerbaijan,94,26.67,50.31
2015.01,Japan,1,87.07,160.36
2015.01,Bahrain,2,84.44,155.52
2015.01,Taiwan,3,84.29,155
2015.01,France,4,82.58,152.42
2015.01,Thailand,5,82.47,151.67
2015.01,Malta,6,82.18,151.9
2015.01,Panama,7,82.14,151.16
2015.01,Hong Kong,8,80.6,148.14
2015.01,Denmark,9,79.28,147.69
2015.01,Dominican Republic,10,78.7,142.95
2015.01,Austria,11,78.42,144.87
2015.01,Cyprus,12,78.36,142.35
2015.01,South Korea,13,78.15,142.55
2015.01,Belgium,14,77.86,142.95
2015.01,Turkmenistan,15,77.22,141.22
2015.01,Israel,16,76.35,139.9
2015.01,Sweden,17,76.29,140.32
2015.01,Luxembourg,18,76.11,141.03
2015.01,Qatar,19,75.86,141.2
2015.01,Germany,20,75.61,138.94
2015.01,Norway,21,75.46,139.19
2015.01,Argentina,22,75.18,137.31
2015.01,Sri Lanka,23,74.29,135.14
2015.01,Cuba,24,74.03,137.82
2015.01,Turkey,25,74,133.75
2015.01,United Kingdom,26,73.88,135.74
2015.01,Spain,27,73.21,135.58
2015.01,Estonia,28,73.08,134.89
2015.01,New Zealand,29,72.61,131.98
2015.01,Australia,30,71.85,130.92
2015.01,Philippines,31,71.66,129.15
2015.01,Tunisia,32,71.02,128.87
2015.01,Lithuania,33,70.11,127.23
2015.01,Jordan,34,69.71,127.49
2015.01,Canada,35,69.6,128.41
2015.01,Finland,36,69.37,125.51
2015.01,Malaysia,37,69.14,125.68
2015.01,Colombia,38,68.92,123.58
2015.01,Uruguay,39,67.92,123.87
2015.01,Mexico,40,67.79,121.36
2015.01,United States,41,67.75,126.19
2015.01,Albania,42,67.41,122.47
2015.01,Czech Republic,43,67.24,124.57
2015.01,Netherlands,44,67.23,124.2
2015.01,Latvia,45,67.13,125.45
2015.01,India,46,66.86,119.75
2015.01,Kuwait,47,66.57,124.45
2015.01,Switzerland,48,66.31,125.22
2015.01,Singapore,49,66.14,123.7
2015.01,Indonesia,50,66.09,119.27
2015.01,Italy,51,65.78,120.39
2015.01,Lebanon,52,65.78,120.22
2015.01,Portugal,53,65.62,118.87
2015.01,Peru,54,64.68,119.32
2015.01,Nepal,55,63.38,114
2015.01,Ecuador,56,63.08,115.1
2015.01,Kenya,57,62.7,113.97
2015.01,Georgia,58,62.59,111.44
2015.01,Costa Rica,59,61.95,110.75
2015.01,South Africa,60,60.09,107.88
2015.01,Saudi Arabia,61,59.02,108
2015.01,Kazakhstan,62,58.86,110.26
2015.01,Puerto Rico,63,58.74,110.15
2015.01,China,64,58.74,105.71
2015.01,Chile,65,58.55,106.46
2015.01,Bulgaria,66,58.47,105.84
2015.01,Iceland,67,58.43,108.69
2015.01,Poland,68,58.03,105.49
2015.01,Morocco,69,57.76,102.6
2015.01,Slovakia,70,57.34,102.77
2015.01,Croatia,71,57.26,105.3
2015.01,Algeria,72,57.22,103.95
2015.01,Montenegro,73,56.94,103.74
2015.01,Greece,74,56.73,100.23
2015.01,United Arab Emirates,75,55.6,103.82
2015.01,Egypt,76,54.69,96.77
2015.01,Paraguay,77,54.44,105.11
2015.01,Trinidad And Tobago,78,54.35,98.68
2015.01,Cambodia,79,54.17,97.62
2015.01,Serbia,80,54.12,95.97
2015.01,Slovenia,81,53.93,98.58
2015.01,Moldova,82,52.69,102.37
2015.01,Brazil,83,52.15,92.94
2015.01,Bosnia And Herzegovina,84,52.08,93.16
2015.01,Russia,85,51.8,90.23
2015.01,Hungary,86,51.58,92.77
2015.01,Pakistan,87,51.16,88.34
2015.01,Iran,88,50.12,88.72
2015.01,Bolivia,89,49.75,85.52
2015.01,Ireland,90,49.53,90.03
2015.01,Armenia,91,48.33,87.88
2015.01,Oman,92,48.15,87.23
2015.01,Romania,93,46.57,82.19
2015.01,Belarus,94,45.39,80.73
2015.01,Ukraine,95,44.27,77.47
2015.01,Bangladesh,96,43.25,76.99
2015.01,Guam,97,39.86,72.5
2015.01,Venezuela,98,38.52,66.47
2015.01,Nigeria,99,38.4,68.27
2015.01,North Macedonia,100,35.12,66.23
2015.01,Vietnam,101,34.26,60.2
2015.01,Iraq,102,30,51.46
2015.01,Mongolia,103,28.29,55.02
2015.01,Azerbaijan,104,23.94,44.99
2015.01,Honduras,105,16.11,33.33
2015.06,Panama,1,85.74,158.1
2015.06,Taiwan,2,84.31,154.87
2015.06,Denmark,3,82.44,153.22
2015.06,France,4,80.99,149.05
2015.06,Thailand,5,80.73,147.9
2015.06,Japan,6,80.14,146.53
2015.06,Austria,7,76.49,140.95
2015.06,Germany,8,76.37,140.13
2015.06,Israel,9,76.25,139.86
2015.06,Belgium,10,75.53,138.05
2015.06,Hong Kong,11,75.52,138.96
2015.06,Cyprus,12,75.32,136.61
2015.06,Finland,13,75.19,136.8
2015.06,Sweden,14,75.17,138.24
2015.06,Argentina,15,74.75,136.57
2015.06,Norway,16,74.64,137.16
2015.06,Iceland,17,74.27,135.21
2015.06,Spain,18,74.21,137.42
2015.06,Philippines,19,73.77,133.21
2015.06,United Kingdom,20,73.68,135.45
2015.06,New Zealand,21,73.56,133.56
2015.06,Turkey,22,73.47,132.65
2015.06,South Korea,23,73.35,131.9
2015.06,Australia,24,72.72,132.45
2015.06,Colombia,25,70.47,127.66
2015.06,Jordan,26,70.04,128.51
2015.06,Mexico,27,69.08,123.89
2015.06,Canada,28,68.87,127.12
2015.06,Netherlands,29,68.76,126.45
2015.06,Czech Republic,30,67.73,124.8
2015.06,Estonia,31,67.66,124.75
2015.06,United States,32,67.13,125.04
2015.06,Malaysia,33,66.78,121.09
2015.06,Portugal,34,66.61,120.32
2015.06,Singapore,35,66.6,123
2015.06,Switzerland,36,66.48,123.68
2015.06,Ecuador,37,66.43,121.2
2015.06,India,38,66.34,118.63
2015.06,Italy,39,66.27,121.08
2015.06,Lithuania,40,64.9,117.13
2015.06,Indonesia,41,63.7,114.42
2015.06,Chile,42,63.19,114.64
2015.06,Saudi Arabia,43,59.98,109.34
2015.06,Croatia,44,59.21,108.1
2015.06,China,45,58.87,105.12
2015.06,Puerto Rico,46,58.74,110.15
2015.06,Poland,47,58.44,105.72
2015.06,North Macedonia,48,58.21,103.63
2015.06,South Africa,49,58.02,103.68
2015.06,Pakistan,50,56.78,99.77
2015.06,Slovakia,51,56.76,102.04
2015.06,Greece,52,55.96,98.61
2015.06,Bulgaria,53,55.32,99.92
2015.06,Costa Rica,54,55.05,97.09
2015.06,Serbia,55,54.32,96.23
2015.06,United Arab Emirates,56,53.92,101.3
2015.06,Russia,57,53.74,94.12
2015.06,Slovenia,58,53.34,97.67
2015.06,Bosnia And Herzegovina,59,52.54,94.28
2015.06,Egypt,60,51.74,90.71
2015.06,Brazil,61,50.62,89.75
2015.06,Hungary,62,50.02,89.64
2015.06,Ireland,63,49.75,90.84
2015.06,Romania,64,48.51,85.61
2015.06,Iran,65,48.02,85.96
2015.06,Ukraine,66,46.22,81.14
2015.06,Venezuela,67,36.62,63.31
2016.01,Taiwan,1,86.43,159.12
2016.01,France,2,82.25,151.29
2016.01,Denmark,3,81.89,152.13
2016.01,Thailand,4,80.8,147.95
2016.01,Japan,5,80.42,146.98
2016.01,South Korea,6,78.97,143.37
2016.01,Belgium,7,78.06,142.84
2016.01,Austria,8,77.78,143.35
2016.01,Israel,9,76.07,139.59
2016.01,Spain,10,75.89,140.08
2016.01,Germany,11,75.85,138.96
2016.01,Finland,12,74.36,135.21
2016.01,Sweden,13,74.33,136.58
2016.01,Hong Kong,14,74.3,136.83
2016.01,Iceland,15,74.26,135.4
2016.01,Norway,16,74.23,136.12
2016.01,United Kingdom,17,74.03,135.73
2016.01,Argentina,18,73.73,134.46
2016.01,Australia,19,73.71,134.21
2016.01,Colombia,20,73.22,132.54
2016.01,Turkey,21,73.03,131.69
2016.01,Cyprus,22,72.93,131.61
2016.01,New Zealand,23,72.6,131.52
2016.01,Czech Republic,24,72.35,133.07
2016.01,Philippines,25,72.25,130.36
2016.01,Netherlands,26,70.43,128.88
2016.01,Estonia,27,69.91,129.11
2016.01,Jordan,28,69.27,125.93
2016.01,Singapore,29,69.06,127.52
2016.01,Portugal,30,69.03,124.97
2016.01,Switzerland,31,68.88,128.63
2016.01,Canada,32,68.62,126.24
2016.01,Mexico,33,68.13,121.84
2016.01,Italy,34,67.76,123.65
2016.01,United States,35,67.76,125.75
2016.01,Lithuania,36,67.38,121.31
2016.01,India,37,66.47,118.88
2016.01,Malaysia,38,66.45,119.78
2016.01,Ecuador,39,65.69,118.53
2016.01,Saudi Arabia,40,65.09,117.74
2016.01,Indonesia,41,62.56,111.6
2016.01,Pakistan,42,61.27,108.52
2016.01,China,43,61.2,109.05
2016.01,Chile,44,61.05,110.37
2016.01,Bosnia And Herzegovina,45,60.52,109.15
2016.01,Poland,46,60.01,108.31
2016.01,North Macedonia,47,59.99,106.52
2016.01,Croatia,48,59.96,110.36
2016.01,South Africa,49,59.58,106.67
2016.01,Greece,50,59.17,104.67
2016.01,Slovakia,51,58.58,104.92
2016.01,Slovenia,52,58.47,107.05
2016.01,United Arab Emirates,53,58.2,107
2016.01,Puerto Rico,54,56.99,106.56
2016.01,Serbia,55,55.88,100.89
2016.01,Russia,56,54.15,94.66
2016.01,Hungary,57,52.07,92.65
2016.01,Romania,58,51.43,90.66
2016.01,Brazil,59,51.09,90.4
2016.01,Bulgaria,60,50.93,91
2016.01,Ireland,61,50.38,91.67
2016.01,Iran,62,49.83,88.55
2016.01,Ukraine,63,49.69,87
2016.01,Egypt,64,46.58,80.71
2016.01,Venezuela,65,36.71,63.87
2016.06,South Korea,1,88.43,163.04
2016.06,Taiwan,2,84.72,155.59
2016.06,France,3,80.6,147.95
2016.06,Japan,4,80.19,146.53
2016.06,Thailand,5,79.75,145.73
2016.06,Sri Lanka,6,79.38,144.88
2016.06,Austria,7,78.8,145.27
2016.06,Belgium,8,78.23,143.2
2016.06,Denmark,9,78.21,144.91
2016.06,Spain,10,76.55,141.33
2016.06,Germany,11,76.02,139.16
2016.06,Israel,12,75.47,138.25
2016.06,Hong Kong,13,75.3,138.67
2016.06,Finland,14,74.8,136.24
2016.06,Sweden,15,74.71,137.4
2016.06,Czech Republic,16,74.64,137.03
2016.06,United Kingdom,17,74.3,136.06
2016.06,Australia,18,74.14,134.85
2016.06,Argentina,19,74.1,135.24
2016.06,Norway,20,73.95,135.27
2016.06,New Zealand,21,72.17,131
2016.06,Turkey,22,71.87,129.56
2016.06,Estonia,23,71.31,131.78
2016.06,Jordan,24,71.23,129.57
2016.06,Singapore,25,70.86,130.67
2016.06,Switzerland,26,69.93,130.65
2016.06,Portugal,27,69.76,126.44
2016.06,Netherlands,28,69.19,126.68
2016.06,Qatar,29,68.88,124.3
2016.06,Philippines,30,68.77,123.26
2016.06,Canada,31,68.76,126.29
2016.06,India,32,68.42,122.81
2016.06,United States,33,68.18,126.34
2016.06,Mexico,34,68.01,121.58
2016.06,Lithuania,35,67.62,121.78
2016.06,Colombia,36,67.53,121.11
2016.06,Iceland,37,66.65,121.15
2016.06,Uruguay,38,66.6,119.15
2016.06,Italy,39,66.56,121.14
2016.06,Malaysia,40,65.84,118.66
2016.06,Ecuador,41,65.69,118.53
2016.06,Indonesia,42,65.43,117.04
2016.06,Lebanon,43,63.97,116.39
2016.06,Tunisia,44,63.3,112.5
2016.06,Slovenia,45,63.07,115.55
2016.06,North Macedonia,46,62.4,110.97
2016.06,China,47,62.17,110.77
2016.06,Croatia,48,61.81,114.28
2016.06,South Africa,49,61.53,110.34
2016.06,Slovakia,50,61.15,110.55
2016.06,Bosnia And Herzegovina,51,60.93,109.86
2016.06,Saudi Arabia,52,60.93,109.83
2016.06,Poland,53,60.46,109.1
2016.06,Chile,54,60.32,108.7
2016.06,Peru,55,60.18,108.15
2016.06,United Arab Emirates,56,59.6,109.83
2016.06,Pakistan,57,58.57,103.93
2016.06,Cyprus,58,57.98,101.92
2016.06,Puerto Rico,59,57.5,106.36
2016.06,Serbia,60,55.81,100.71
2016.06,Russia,61,55.42,97.27
2016.06,Greece,62,55.01,97.1
2016.06,Bulgaria,63,53.42,95.36
2016.06,Ireland,64,53.4,96.48
2016.06,Romania,65,53.15,93.68
2016.06,Hungary,66,52.46,93.95
2016.06,Brazil,67,51.95,92.19
2016.06,Iran,68,50.13,88.51
2016.06,Bangladesh,69,49.87,86.84
2016.06,Ukraine,70,48.06,83.71
2016.06,Egypt,71,46.61,80.77
2016.06,Morocco,72,45.3,76.94
2016.06,Vietnam,73,42.25,71.33
2016.06,Venezuela,74,34.78,60.01
2017.01,South Korea,1,83.2,152.14
2017.01,Netherlands,2,82.5,151.34
2017.01,Taiwan,3,81.14,148.12
2017.01,Austria,4,80.91,148.9
2017.01,Thailand,5,80.66,147.46
2017.01,Sri Lanka,6,80.04,146.12
2017.01,Belgium,7,78.92,144.43
2017.01,Japan,8,78.63,143.27
2017.01,France,9,78.62,144
2017.01,Germany,10,76.74,140.31
2017.01,Spain,11,76.65,141.24
2017.01,Malta,12,76.18,139.03
2017.01,Denmark,13,75.45,139.21
2017.01,Finland,14,74.85,136.08
2017.01,Israel,15,74.78,136.91
2017.01,United Kingdom,16,74.28,135.95
2017.01,Australia,17,74.25,135.08
2017.01,Norway,18,74.19,135.78
2017.01,Czech Republic,19,74.09,136.05
2017.01,Argentina,20,73.3,133.68
2017.01,Jordan,21,71.92,131.35
2017.01,Turkey,22,71.68,129.2
2017.01,Estonia,23,71.3,130.71
2017.01,Switzerland,24,71.04,133.06
2017.01,Sweden,25,70.64,129.58
2017.01,New Zealand,26,70.58,127.9
2017.01,Portugal,27,70.31,127.45
2017.01,Mexico,28,70.11,125.7
2017.01,Singapore,29,69.87,129.4
2017.01,Ecuador,30,69.24,124.87
2017.01,Canada,31,69.23,127.13
2017.01,India,32,69.18,124.52
2017.01,Philippines,33,69.16,124.1
2017.01,Lithuania,34,68.74,123.71
2017.01,United States,35,68.22,125.94
2017.01,Hong Kong,36,67.99,124.21
2017.01,Uruguay,37,67.11,120.67
2017.01,Italy,38,66.31,120.46
2017.01,Qatar,39,66.14,119.54
2017.01,Malaysia,40,65.99,118.63
2017.01,Colombia,41,65.79,117.82
2017.01,Tunisia,42,65.73,117.37
2017.01,Iceland,43,65.64,119.12
2017.01,Croatia,44,65.49,121.03
2017.01,Indonesia,45,64.8,115.88
2017.01,Slovenia,46,64.35,117.51
2017.01,Lebanon,47,64.28,118.54
2017.01,North Macedonia,48,63.46,113.28
2017.01,Slovakia,49,62.63,113.35
2017.01,China,50,62.25,111.03
2017.01,South Africa,51,61.72,110.65
2017.01,Bosnia And Herzegovina,52,61.49,110.37
2017.01,Poland,53,61.46,110.68
2017.01,Chile,54,60.97,109.82
2017.01,United Arab Emirates,55,60.49,111.23
2017.01,Saudi Arabia,56,60.41,108.26
2017.01,Costa Rica,57,60.19,107.67
2017.01,Pakistan,58,59.05,104.36
2017.01,Peru,59,58.46,104.83
2017.01,Kuwait,60,57.6,105.95
2017.01,Russia,61,56.4,99.19
2017.01,Puerto Rico,62,56.28,103.88
2017.01,Cyprus,63,54.23,94.54
2017.01,Bulgaria,64,54.03,96.67
2017.01,Greece,65,53.92,94.91
2017.01,Serbia,66,53.86,97.42
2017.01,Belarus,67,53.76,94.69
2017.01,Hungary,68,53.46,95.4
2017.01,Ireland,69,53.33,96.26
2017.01,Romania,70,53.11,93.55
2017.01,Nigeria,71,52.33,91.41
2017.01,Brazil,72,51.7,91.48
2017.01,Iran,73,51.55,91.37
2017.01,Ukraine,74,49.81,86.74
2017.01,Vietnam,75,47.87,81.7
2017.01,Iraq,76,45.92,79.04
2017.01,Morocco,77,44.5,75.42
2017.01,Egypt,78,43.73,75.36
2017.01,Bangladesh,79,43.49,75.19
2017.01,Venezuela,80,36.9,63.47
2017.06,Taiwan,1,82.75,151.41
2017.06,South Korea,2,82.46,150.61
2017.06,Netherlands,3,82.22,150.78
2017.06,Japan,4,81.33,148.67
2017.06,Thailand,5,80.57,147.21
2017.06,Belgium,6,79.85,146.26
2017.06,Austria,7,79.47,146
2017.06,France,8,78.4,143.44
2017.06,Spain,9,76.34,140.6
2017.06,Denmark,10,76.17,140.53
2017.06,Germany,11,75.99,138.69
2017.06,Czech Republic,12,75.48,138.66
2017.06,Australia,13,75.42,137.3
2017.06,Israel,14,74.98,137.32
2017.06,Norway,15,74.96,137.14
2017.06,Finland,16,74.61,135.59
2017.06,United Kingdom,17,74.26,136.03
2017.06,Argentina,18,72.23,131.29
2017.06,Estonia,19,71.82,131.35
2017.06,Switzerland,20,71.74,134.66
2017.06,New Zealand,21,71.65,129.89
2017.06,Turkey,22,70.81,127.44
2017.06,Sweden,23,70.56,129.58
2017.06,Mexico,24,69.82,125.03
2017.06,Canada,25,69.77,128.09
2017.06,Portugal,26,69.73,126.17
2017.06,United States,27,68.53,126.43
2017.06,Singapore,28,68.5,127.01
2017.06,Philippines,29,68.46,122.58
2017.06,Indonesia,30,68.16,122.67
2017.06,India,31,67.5,121.07
2017.06,Colombia,32,66.79,119.81
2017.06,Italy,33,66.69,121.18
2017.06,Lithuania,34,66.33,119.43
2017.06,Malaysia,35,65.66,117.95
2017.06,Hong Kong,36,65.2,118.42
2017.06,Slovenia,37,65.15,119.41
2017.06,Croatia,38,65.05,120.14
2017.06,Iceland,39,64.49,117.07
2017.06,United Arab Emirates,40,63.26,116.17
2017.06,Slovakia,41,63.2,114.67
2017.06,North Macedonia,42,63.03,112.39
2017.06,South Africa,43,62.55,112.24
2017.06,Poland,44,62.33,112.32
2017.06,Chile,45,61.84,112.08
2017.06,China,46,61.56,109.98
2017.06,Bosnia And Herzegovina,47,60.57,109.29
2017.06,Saudi Arabia,48,60.29,107.7
2017.06,Pakistan,49,56.85,99.78
2017.06,Russia,50,56.13,98.69
2017.06,Greece,51,54.64,96.33
2017.06,Romania,52,53.84,94.7
2017.06,Cyprus,53,53.63,93.25
2017.06,Ireland,54,53.12,96.51
2017.06,Serbia,55,53.12,96.2
2017.06,Bulgaria,56,52.72,93.89
2017.06,Brazil,57,52.44,92.82
2017.06,Hungary,58,52.29,93.42
2017.06,Iran,59,51.78,91.44
2017.06,Ukraine,60,49.34,85.86
2017.06,Egypt,61,42.95,73.69
2017.06,Venezuela,62,40.19,69.21
2018.01,South Korea,1,83.4,152.57
2018.01,Taiwan,2,82,149.84
2018.01,Japan,3,81.72,149.41
2018.01,Netherlands,4,81.08,148.53
2018.01,Thailand,5,80.87,147.68
2018.01,Belgium,6,80.43,147.44
2018.01,Austria,7,78.8,144.68
2018.01,France,8,78.03,142.77
2018.01,Sri Lanka,9,77.94,141.66
2018.01,Spain,10,77.49,142.81
2018.01,Denmark,11,77.07,142.18
2018.01,Australia,12,76.21,138.78
2018.01,Germany,13,75.44,137.58
2018.01,Finland,14,75.4,137.04
2018.01,Czech Republic,15,75.36,138.42
2018.01,Norway,16,74.66,136.37
2018.01,United Kingdom,17,74.19,135.82
2018.01,Israel,18,74.05,135.62
2018.01,New Zealand,19,71.95,130.38
2018.01,Switzerland,20,71.73,134.81
2018.01,Estonia,21,71.35,130.34
2018.01,Argentina,22,71.31,129.71
2018.01,Canada,23,70.58,129.59
2018.01,Qatar,24,70.5,127.95
2018.01,Sweden,25,70.42,129.31
2018.01,Turkey,26,70.42,126.58
2018.01,Singapore,27,69.61,129.37
2018.01,Portugal,28,69.5,125.92
2018.01,Mexico,29,68.62,122.68
2018.01,United States,30,68.38,126.08
2018.01,Philippines,31,68.22,122.05
2018.01,Italy,32,68.01,123.63
2018.01,Colombia,33,67.8,121.8
2018.01,India,34,67.39,120.97
2018.01,Lithuania,35,66.81,120.36
2018.01,Indonesia,36,65.95,118.26
2018.01,Malaysia,37,65.64,117.74
2018.01,Iceland,38,65.51,119.08
2018.01,Slovenia,39,64.69,118.78
2018.01,Slovakia,40,64.42,116.83
2018.01,Croatia,41,63.83,117.88
2018.01,Hong Kong,42,63.81,115.85
2018.01,United Arab Emirates,43,63.48,117.3
2018.01,South Africa,44,62.96,113.14
2018.01,China,45,62.88,112.31
2018.01,North Macedonia,46,62.73,111.93
2018.01,Poland,47,62.08,111.74
2018.01,Chile,48,61.9,112.43
2018.01,Uruguay,49,60.41,108.64
2018.01,Saudi Arabia,50,60.19,107.31
2018.01,Pakistan,51,57.47,101.05
2018.01,Russia,52,56.77,99.92
2018.01,Puerto Rico,53,56.34,103.51
2018.01,Bosnia And Herzegovina,54,55.9,100.9
2018.01,Cyprus,55,55.06,96.16
2018.01,Romania,56,54.56,96.08
2018.01,Greece,57,54.18,95.49
2018.01,Serbia,58,53.42,96.82
2018.01,Ireland,59,53.02,96.44
2018.01,Brazil,60,52.65,93.08
2018.01,Vietnam,61,52.45,90.51
2018.01,Bulgaria,62,52.11,92.67
2018.01,Iran,63,51.22,90.18
2018.01,Hungary,64,51.09,91.72
2018.01,Ukraine,65,50.11,87.37
2018.01,Bangladesh,66,44.56,76.47
2018.01,Egypt,67,44.42,76.45
2018.01,Morocco,68,41,69
2018.01,Venezuela,69,39.6,68.16
2018.06,Taiwan,1,85.34,156.78
2018.06,South Korea,2,84.34,154.61
2018.06,Japan,3,82.21,150.47
2018.06,Belgium,4,80.93,148.33
2018.06,Denmark,5,79.85,147.28
2018.06,Thailand,6,79.21,144.48
2018.06,Austria,7,79.2,145.36
2018.06,Netherlands,8,79.13,144.72
2018.06,France,9,78.71,144.13
2018.06,Spain,10,77.87,143.48
2018.06,Australia,11,75.78,137.83
2018.06,Norway,12,75.03,137.22
2018.06,Finland,13,74.97,136.3
2018.06,Germany,14,74.88,136.59
2018.06,Czech Republic,15,74.63,137.11
2018.06,Israel,16,74.16,135.94
2018.06,United Kingdom,17,74.12,135.8
2018.06,Ecuador,18,73.91,133.52
2018.06,Sri Lanka,19,73.62,132.94
2018.06,Qatar,20,72.86,132.35
2018.06,New Zealand,21,72.62,131.64
2018.06,Estonia,22,72.47,132.78
2018.06,Switzerland,23,72.24,135.92
2018.06,Argentina,24,70.53,128.19
2018.06,Canada,25,70.07,128.56
2018.06,United Arab Emirates,26,69.9,128.62
2018.06,Turkey,27,69.74,125.31
2018.06,Mexico,28,69.64,124.73
2018.06,Portugal,29,69.54,126
2018.06,Singapore,30,69.25,128.9
2018.06,Sweden,31,68.97,126.24
2018.06,United States,32,68.89,126.87
2018.06,India,33,68.04,122.36
2018.06,Malaysia,34,67.49,121.39
2018.06,Lithuania,35,67.27,121.32
2018.06,Italy,36,67.05,121.69
2018.06,Colombia,37,67.03,120.23
2018.06,Lebanon,38,67,124.27
2018.06,Hong Kong,39,66.84,121.45
2018.06,Philippines,40,66.64,118.88
2018.06,Jordan,41,64.78,116.68
2018.06,Chile,42,64.22,116.45
2018.06,Iceland,43,63.91,116.36
2018.06,Uruguay,44,63.88,115.01
2018.06,Slovenia,45,63.57,116.8
2018.06,China,46,63.48,113.84
2018.06,South Africa,47,63.35,114.04
2018.06,Indonesia,48,63,112.26
2018.06,Slovakia,49,62.85,113.69
2018.06,Croatia,50,62.56,115.14
2018.06,Poland,51,62.48,112.37
2018.06,Costa Rica,52,61.92,111.39
2018.06,Tunisia,53,60.18,106.71
2018.06,North Macedonia,54,59.1,105.42
2018.06,Pakistan,55,58.95,103.88
2018.06,Saudi Arabia,56,58.9,104.79
2018.06,Russia,57,57.29,100.86
2018.06,Belarus,58,56.19,100.28
2018.06,Greece,59,55.49,98.06
2018.06,Puerto Rico,60,55.3,100.9
2018.06,Bosnia And Herzegovina,61,54.58,97.92
2018.06,Vietnam,62,54.49,94.41
2018.06,Romania,63,54.24,95.45
2018.06,Brazil,64,54.22,96.15
2018.06,Serbia,65,54.18,97.8
2018.06,Bulgaria,66,53.87,95.52
2018.06,Nigeria,67,53.03,93.12
2018.06,Iran,68,51.96,91.07
2018.06,Cyprus,69,50.7,87.66
2018.06,Ukraine,70,50.3,87.85
2018.06,Ireland,71,48.19,86.35
2018.06,Hungary,72,47.83,86.32
2018.06,Egypt,73,44.17,75.61
2018.06,Bangladesh,74,42.09,71.99
2018.06,Venezuela,75,39.66,68.61
2018.06,Morocco,76,36.82,61.16
2019.01,Taiwan,1,86.22,158.61
2019.01,South Korea,2,84.51,155.06
2019.01,Japan,3,80.4,146.82
2019.01,Belgium,4,79.44,145.3
2019.01,Denmark,5,79.41,146.57
2019.01,Austria,6,79.19,145.27
2019.01,Thailand,7,79.06,144.26
2019.01,France,8,78.55,143.94
2019.01,Netherlands,9,77.81,142.09
2019.01,Spain,10,77.77,143.15
2019.01,Australia,11,76.38,139.07
2019.01,Czech Republic,12,74.71,137.23
2019.01,United Kingdom,13,74.71,137
2019.01,Germany,14,74.32,135.49
2019.01,Norway,15,74.14,135.36
2019.01,New Zealand,16,73.62,133.67
2019.01,Finland,17,73.49,133.32
2019.01,Israel,18,73.44,134.36
2019.01,Switzerland,19,72.68,137.01
2019.01,Ecuador,20,72.47,130.5
2019.01,Qatar,21,72.41,131.39
2019.01,Sri Lanka,22,72.3,130.37
2019.01,Estonia,23,72.12,131.83
2019.01,Canada,24,70.99,130.34
2019.01,Sweden,25,70.95,130.34
2019.01,Portugal,26,70.72,128.33
2019.01,Singapore,27,70.3,130.73
2019.01,Mexico,28,69.72,124.92
2019.01,United States,29,69.41,127.73
2019.01,Argentina,30,69.39,126.2
2019.01,Turkey,31,69.36,124.63
2019.01,India,32,68.32,122.95
2019.01,United Arab Emirates,33,67.99,125.47
2019.01,Malaysia,34,67.61,121.63
2019.01,Lithuania,35,67.58,122.06
2019.01,Colombia,36,67.51,121.14
2019.01,Hong Kong,37,67.35,122.11
2019.01,Italy,38,67.14,121.79
2019.01,Iceland,39,66.44,121.02
2019.01,Jordan,40,66.12,119.6
2019.01,Lebanon,41,65.9,122.48
2019.01,Philippines,42,65.87,117.36
2019.01,Chile,43,65.5,118.91
2019.01,Uruguay,44,64.29,115.87
2019.01,Croatia,45,64.14,117.76
2019.01,China,46,64.03,114.89
2019.01,Slovenia,47,62.81,115.44
2019.01,South Africa,48,62.56,112.48
2019.01,Costa Rica,49,62.56,112.32
2019.01,Poland,50,62.15,111.65
2019.01,Indonesia,51,61.98,110.23
2019.01,Panama,52,61.41,109.15
2019.01,Pakistan,53,60.58,107.11
2019.01,Slovakia,54,60.06,108.38
2019.01,Latvia,55,59.71,107.04
2019.01,Tunisia,56,59.59,105.36
2019.01,Saudi Arabia,57,59.07,105.25
2019.01,North Macedonia,58,58.98,105.41
2019.01,Belarus,59,58.01,103.5
2019.01,Russia,60,57.63,101.62
2019.01,Nepal,61,57.03,99.85
2019.01,Kuwait,62,56.33,101.44
2019.01,Nigeria,63,55.33,97.48
2019.01,Greece,64,55.16,97.42
2019.01,Peru,65,54.97,97.17
2019.01,Brazil,66,54.64,97.02
2019.01,Vietnam,67,54.54,94.51
2019.01,Romania,68,54.49,95.83
2019.01,Algeria,69,54.12,100.22
2019.01,Bulgaria,70,54.04,95.6
2019.01,Puerto Rico,71,54,98.66
2019.01,Bosnia And Herzegovina,72,53.2,95.05
2019.01,Serbia,73,52.56,94.84
2019.01,Georgia,74,51.29,88.13
2019.01,Kazakhstan,75,51.27,90.97
2019.01,Iran,76,51.18,89.37
2019.01,Ukraine,77,50.95,88.86
2019.01,Cyprus,78,50.17,86.44
2019.01,Ireland,79,48.58,87.46
2019.01,Hungary,80,48.24,87.38
2019.01,Egypt,81,44.22,75.59
2019.01,Venezuela,82,41.24,71.86
2019.01,Bangladesh,83,40.33,68.51
2019.01,Morocco,84,36.87,61.13
2019.06,Taiwan,1,86.89,160.01
2019.06,South Korea,2,83.59,153.19
2019.06,Japan,3,80.48,147
2019.06,Austria,4,79.46,145.78
2019.06,Denmark,5,79.22,146.06
2019.06,Thailand,6,78.44,142.94
2019.06,Spain,7,78.42,144.35
2019.06,France,8,78.34,143.47
2019.06,Belgium,9,78.3,142.96
2019.06,Australia,10,76.82,139.91
2019.06,Netherlands,11,75.63,137.84
2019.06,Finland,12,75.27,136.95
2019.06,United Kingdom,13,74.88,137.41
2019.06,Czech Republic,14,74.47,136.81
2019.06,Norway,15,74.36,135.72
2019.06,New Zealand,16,73.71,133.68
2019.06,Germany,17,73.58,134.05
2019.06,Switzerland,18,73.23,137.77
2019.06,Qatar,19,73.17,132.78
2019.06,Sri Lanka,20,72.98,131.86
2019.06,Israel,21,72.97,133.45
2019.06,Portugal,22,71.64,130.21
2019.06,Canada,23,71.27,130.87
2019.06,Singapore,24,71.07,131.96
2019.06,Ecuador,25,70.81,127.26
2019.06,Turkey,26,69.9,125.71
2019.06,Argentina,27,69.81,126.94
2019.06,Sweden,28,69.41,127.31
2019.06,Mexico,29,69.4,124.3
2019.06,United States,30,69.23,127.29
2019.06,Lithuania,31,68.79,124.4
2019.06,Estonia,32,68.49,124.47
2019.06,India,33,68.21,122.67
2019.06,Malaysia,34,67.8,121.96
2019.06,Colombia,35,67.63,121.35
2019.06,Hong Kong,36,66.93,121.4
2019.06,Italy,37,66.56,120.67
2019.06,Philippines,38,66.45,118.6
2019.06,Uruguay,39,66.15,119.37
2019.06,United Arab Emirates,40,66.13,122.44
2019.06,Iceland,41,65.66,119.72
2019.06,Croatia,42,65.6,120.17
2019.06,Jordan,43,65.44,118.34
2019.06,Chile,44,65.22,118.35
2019.06,Lebanon,45,64.66,119.83
2019.06,China,46,64.18,114.95
2019.06,Slovenia,47,63.75,117.37
2019.06,Latvia,48,63.73,114.74
2019.06,South Africa,49,63.27,113.94
2019.06,Costa Rica,50,62.58,112.82
2019.06,Poland,51,62.52,112.28
2019.06,Indonesia,52,61.9,110
2019.06,Pakistan,53,60.51,107.11
2019.06,Slovakia,54,60.46,109.49
2019.06,Saudi Arabia,55,60.04,107.06
2019.06,Panama,56,59.86,106.04
2019.06,Belarus,57,58.87,104.92
2019.06,Russia,58,57.64,101.7
2019.06,Tunisia,59,57.39,100.99
2019.06,North Macedonia,60,57.33,102.21
2019.06,Nepal,61,56.27,98.34
2019.06,Peru,62,56.26,99.05
2019.06,Brazil,63,55.59,98.85
2019.06,Puerto Rico,64,55.51,101.25
2019.06,Greece,65,55.48,98.13
2019.06,Vietnam,66,55.24,95.88
2019.06,Bulgaria,67,55.07,97.41
2019.06,Algeria,68,55.06,100.01
2019.06,Romania,69,54.99,96.69
2019.06,Kenya,70,54.98,96.95
2019.06,Kuwait,71,54.86,97.86
2019.06,Dominican Republic,72,54.07,94.46
2019.06,Nigeria,73,53.49,93.48
2019.06,Albania,74,53.03,92.71
2019.06,Bosnia And Herzegovina,75,52.35,93.58
2019.06,Cyprus,76,52.06,90.02
2019.06,Serbia,77,52.01,93.82
2019.06,Iran,78,51.86,90.52
2019.06,Georgia,79,51.73,89.18
2019.06,Ireland,80,51.44,93.38
2019.06,Ukraine,81,51.13,89.19
2019.06,Kazakhstan,82,50.2,88.41
2019.06,Hungary,83,47.62,86.24
2019.06,Egypt,84,44.76,76.58
2019.06,Bangladesh,85,42.55,72.83
2019.06,Azerbaijan,86,41.57,72.02
2019.06,Iraq,87,41.32,70.17
2019.06,Venezuela,88,40.17,69.79
2019.06,Morocco,89,39.35,65.92
2020.01,Taiwan,1,86.71,159.66
2020.01,South Korea,2,81.97,149.94
2020.01,Japan,3,81.14,148.24
2020.01,Denmark,4,80,147.47
2020.01,France,5,79.99,146.81
2020.01,Spain,6,78.88,145.24
2020.01,Austria,7,78.73,144.24
2020.01,Thailand,8,77.95,142.04
2020.01,Australia,9,77.38,140.97
2020.01,Finland,10,75.79,138.01
2020.01,Netherlands,11,74.65,136.05
2020.01,Czech Republic,12,74.62,136.97
2020.01,United Kingdom,13,74.46,136.57
2020.01,Norway,14,74.36,135.67
2020.01,Belgium,15,74.34,134.81
2020.01,New Zealand,16,73.81,133.94
2020.01,Germany,17,73.32,133.56
2020.01,Qatar,18,73.3,133.07
2020.01,Israel,19,73.29,134.31
2020.01,Estonia,20,72.67,132.9
2020.01,Sri Lanka,21,72.53,131.07
2020.01,Switzerland,22,72.44,136.25
2020.01,Portugal,23,71.88,130.79
2020.01,Canada,24,71.58,131.44
2020.01,Singapore,25,70.84,131.52
2020.01,Ecuador,26,70.59,126.98
2020.01,Mexico,27,70.12,125.71
2020.01,Turkey,28,69.8,125.57
2020.01,Lithuania,29,69.49,125.61
2020.01,United States,30,69.27,127.3
2020.01,Argentina,31,69.25,125.67
2020.01,Sweden,32,69.23,126.86
2020.01,Malta,33,68.81,123.37
2020.01,Malaysia,34,68.1,122.52
2020.01,Guatemala,35,67.75,121.19
2020.01,Philippines,36,67.47,120.67
2020.01,Colombia,37,67.24,120.65
2020.01,India,38,67.13,120.5
2020.01,United Arab Emirates,39,67.04,123.91
2020.01,Italy,40,66.59,120.66
2020.01,Uruguay,41,66.28,119.62
2020.01,Hong Kong,42,66.08,119.75
2020.01,Iceland,43,65.92,120.3
2020.01,Chile,44,65.44,118.89
2020.01,Jordan,45,64.6,116.14
2020.01,Slovenia,46,64.58,118.92
2020.01,China,47,64.48,115.53
2020.01,Lebanon,48,64.38,120.05
2020.01,South Africa,49,64.14,115.76
2020.01,Latvia,50,62.91,113.01
2020.01,Croatia,51,62.68,115.03
2020.01,Costa Rica,52,62.42,112.66
2020.01,Poland,53,61.01,109.36
2020.01,Pakistan,54,60.59,107.33
2020.01,Indonesia,55,60.48,107.29
2020.01,Slovakia,56,60.02,108.64
2020.01,Panama,57,59.93,106.08
2020.01,Saudi Arabia,58,59.11,105.18
2020.01,Belarus,59,59.04,105.39
2020.01,Oman,60,58.15,103.73
2020.01,Vietnam,61,57.7,100.69
2020.01,Russia,62,57.59,101.55
2020.01,Tunisia,63,57.18,100.55
2020.01,Nepal,64,56.88,99.67
2020.01,North Macedonia,65,56.38,100.54
2020.01,Brazil,66,56.29,100.08
2020.01,Greece,67,56.21,99.67
2020.01,Kuwait,68,56.21,100.47
2020.01,Peru,69,56.15,98.5
2020.01,Puerto Rico,70,55.73,101.76
2020.01,Kenya,71,55.59,98.02
2020.01,Bulgaria,72,55.4,98.03
2020.01,Romania,73,55.06,96.89
2020.01,Algeria,74,54.86,99.61
2020.01,Trinidad And Tobago,75,54.73,100.89
2020.01,Dominican Republic,76,54.67,95.61
2020.01,Albania,77,53.05,92.72
2020.01,Ukraine,78,52.33,91.33
2020.01,Bosnia And Herzegovina,79,52.26,93.3
2020.01,Ireland,80,51.89,94.23
2020.01,Cyprus,81,51.75,89.36
2020.01,Iran,82,51.7,90.06
2020.01,Nigeria,83,51.59,89.88
2020.01,Serbia,84,51.27,92.17
2020.01,Georgia,85,51.24,88.33
2020.01,Kazakhstan,86,50.7,88.95
2020.01,Hungary,87,47.8,86.17
2020.01,Egypt,88,45.84,78.61
2020.01,Morocco,89,45.72,77.88
2020.01,Azerbaijan,90,43.18,74.96
2020.01,Bangladesh,91,42.8,73.17
2020.01,Iraq,92,41.36,70.2
2020.01,Venezuela,93,39.66,69.14
2020.06,Taiwan,1,86.42,159.02
2020.06,South Korea,2,82.26,150.5
2020.06,France,3,80.68,148.07
2020.06,Japan,4,80.23,146.43
2020.06,Denmark,5,80.17,147.69
2020.06,Spain,6,78.69,144.84
2020.06,Austria,7,78.56,143.83
2020.06,Thailand,8,78.04,142.3
2020.06,Australia,9,77.81,141.83
2020.06,Finland,10,75.96,138.4
2020.06,Netherlands,11,75.68,138.01
2020.06,Czech Republic,12,75.18,138.04
2020.06,United Kingdom,13,74.88,137.42
2020.06,Belgium,14,74.8,135.73
2020.06,Norway,15,74.51,136.07
2020.06,New Zealand,16,73.82,134.12
2020.06,Israel,17,73.4,134.56
2020.06,Germany,18,73.35,133.64
2020.06,Switzerland,19,73.1,137.39
2020.06,Qatar,20,73.03,132.59
2020.06,Estonia,21,72.52,132.61
2020.06,Sri Lanka,22,72.44,131.01
2020.06,Mexico,23,72.11,129.83
2020.06,Portugal,24,71.88,130.8
2020.06,Canada,25,71.77,131.84
2020.06,Singapore,26,70.97,131.68
2020.06,Lithuania,27,70.51,127.67
2020.06,Turkey,28,70.36,126.67
2020.06,Ecuador,29,69.51,124.84
2020.06,United States,30,69.2,127.13
2020.06,Argentina,31,69.16,125.36
2020.06,Sweden,32,69.15,126.73
2020.06,Malaysia,33,68.87,124.04
2020.06,United Arab Emirates,34,67.92,125.57
2020.06,Philippines,35,67.52,120.8
2020.06,Uruguay,36,67.36,121.62
2020.06,Italy,37,66.95,121.41
2020.06,Colombia,38,66.8,119.8
2020.06,Malta,39,66.63,119.03
2020.06,China,40,66.62,119.48
2020.06,Hong Kong,41,66.35,120.35
2020.06,India,42,66.21,118.62
2020.06,Guatemala,43,65.94,117.6
2020.06,Iceland,44,65.61,119.8
2020.06,Jordan,45,65.46,117.67
2020.06,Slovenia,46,65.16,120.06
2020.06,Chile,47,64.38,116.93
2020.06,South Africa,48,64.16,115.78
2020.06,Croatia,49,63.75,116.94
2020.06,Lebanon,50,63.65,118.59
2020.06,Costa Rica,51,63.04,113.78
2020.06,Latvia,52,62.14,111.7
2020.06,Kazakhstan,53,60.94,107.73
2020.06,Pakistan,54,60.69,107.58
2020.06,Indonesia,55,60.51,107.34
2020.06,Panama,56,60.43,107.07
2020.06,Saudi Arabia,57,60.42,107.59
2020.06,Slovakia,58,60.23,108.82
2020.06,Belarus,59,60.03,107.29
2020.06,Oman,60,58.83,104.99
2020.06,Kuwait,61,58.14,103.95
2020.06,Vietnam,62,58.03,101.31
2020.06,Russia,63,58.01,102.32
2020.06,Tunisia,64,57.52,101.07
2020.06,Nepal,65,57.44,100.81
2020.06,Brazil,66,56.87,101.14
2020.06,Greece,67,56.64,100.46
2020.06,Peru,68,56.45,98.91
2020.06,North Macedonia,69,56.22,100.27
2020.06,Bulgaria,70,56.2,99.66
2020.06,Kenya,71,55.58,98.04
2020.06,Puerto Rico,72,55.57,101.2
2020.06,Romania,73,55.46,97.69
2020.06,Algeria,74,54.63,99.43
2020.06,Dominican Republic,75,54.04,94.17
2020.06,Trinidad And Tobago,76,53.8,98.8
2020.06,Bosnia And Herzegovina,77,53.22,95.29
2020.06,Ukraine,78,52.69,91.98
2020.06,Cyprus,79,52.53,90.93
2020.06,Ireland,80,52.27,95.11
2020.06,Iran,81,52.23,90.99
2020.06,Georgia,82,52.16,90.07
2020.06,Poland,83,51.96,92.35
2020.06,Serbia,84,51.74,92.89
2020.06,Albania,85,51.33,89.29
2020.06,Nigeria,86,50.05,86.87
2020.06,Hungary,87,48.05,86.54
2020.06,Morocco,88,46.32,79.1
2020.06,Egypt,89,46.29,79.42
2020.06,Iraq,90,44.74,76.16
2020.06,Azerbaijan,91,44.59,77.06
2020.06,Bangladesh,92,43.08,73.81
2020.06,Venezuela,93,39.37,68.55
2021.01,Taiwan,1,86.39,158.95
2021.01,South Korea,2,82.34,150.68
2021.01,France,3,80.99,148.63
2021.01,Japan,4,80.68,147.35
2021.01,Denmark,5,79.96,147.26
2021.01,Spain,6,78.8,145.11
2021.01,Austria,7,78.4,143.5
2021.01,Thailand,8,78.08,142.37
2021.01,Australia,9,77.71,141.6
2021.01,Finland,10,76.4,139.22
2021.01,Netherlands,11,75.76,138.16
2021.01,Norway,12,75.5,137.92
2021.01,Czech Republic,13,75.37,138.45
2021.01,Belgium,14,75.2,136.55
2021.01,United Kingdom,15,74.93,137.5
2021.01,Switzerland,16,74.47,139.38
2021.01,Germany,17,73.77,134.44
2021.01,Israel,18,73.76,135.17
2021.01,New Zealand,19,73.58,133.7
2021.01,Qatar,20,73,132.65
2021.01,Estonia,21,72.83,133.24
2021.01,Sri Lanka,22,72.63,131.41
2021.01,Mexico,23,72.51,130.72
2021.01,Portugal,24,71.93,130.84
2021.01,Canada,25,71.8,131.9
2021.01,Lithuania,26,70.97,128.58
2021.01,Singapore,27,70.88,131.44
2021.01,Turkey,28,70.71,127.32
2021.01,Malaysia,29,69.59,125.39
2021.01,United States,30,69.03,126.9
2021.01,Ecuador,31,68.81,123.41
2021.01,Sweden,32,68.8,125.95
2021.01,Argentina,33,68.58,124.21
2021.01,United Arab Emirates,34,68.02,125.68
2021.01,Uruguay,35,67.66,122.21
2021.01,Malta,36,67.12,119.99
2021.01,Philippines,37,67.09,119.95
2021.01,Italy,38,66.77,121.01
2021.01,Colombia,39,66.72,119.6
2021.01,China,40,66.38,119.01
2021.01,Hong Kong,41,66.34,120.37
2021.01,India,42,66.25,118.68
2021.01,Guatemala,43,65.94,117.6
2021.01,Iceland,44,65.69,119.84
2021.01,Jordan,45,65.38,117.61
2021.01,Slovenia,46,65.28,120.28
2021.01,Croatia,47,64.23,117.8
2021.01,South Africa,48,63.89,115.23
2021.01,Chile,49,63.72,115.66
2021.01,Lebanon,50,63.29,118.05
2021.01,Costa Rica,51,62.92,113.58
2021.01,Latvia,52,62.18,111.77
2021.01,Slovakia,53,60.89,110.1
2021.01,Saudi Arabia,54,60.71,108.14
2021.01,Pakistan,55,60.52,107.22
2021.01,Indonesia,56,60.49,107.3
2021.01,Panama,57,60.43,107.07
2021.01,Kazakhstan,58,60.09,106.07
2021.01,Kuwait,59,58.97,105.35
2021.01,Russia,60,58.44,103.15
2021.01,Oman,61,58.42,103.84
2021.01,Vietnam,62,58.28,101.79
2021.01,Poland,63,58.25,103.88
2021.01,Nepal,64,57.94,101.78
2021.01,Brazil,65,57.33,102.04
2021.01,Greece,66,56.96,101.12
2021.01,North Macedonia,67,56.49,100.79
2021.01,Peru,68,56.38,98.73
2021.01,Tunisia,69,56.16,98.37
2021.01,Bulgaria,70,56.13,99.54
2021.01,Romania,71,56.09,98.86
2021.01,Kenya,72,55.83,98.56
2021.01,Puerto Rico,73,55.57,101.2
2021.01,Algeria,74,55.01,99.74
2021.01,Dominican Republic,75,54.97,95.92
2021.01,Georgia,76,53.83,93.28
2021.01,Trinidad And Tobago,77,53.76,99
2021.01,Bosnia And Herzegovina,78,53.48,95.76
2021.01,Ukraine,79,53.43,93.38
2021.01,Ireland,80,52.78,96.03
2021.01,Cyprus,81,52.71,91.34
2021.01,Iran,82,52.25,90.95
2021.01,Hungary,83,51.64,92.85
2021.01,Serbia,84,51.62,92.66
2021.01,Albania,85,50.66,88.13
2021.01,Nigeria,86,48.89,84.53
2021.01,Egypt,87,46.21,79.28
2021.01,Morocco,88,45.81,78.19
2021.01,Iraq,89,44.57,75.85
2021.01,Belarus,90,44.44,78.4
2021.01,Azerbaijan,91,44.02,76.18
2021.01,Bangladesh,92,42.7,73.04
2021.01,Venezuela,93,39.67,69.06
2021.06,Taiwan,1,86.38,158.92
2021.06,South Korea,2,82.36,150.7
2021.06,France,3,80.56,147.74
2021.06,Japan,4,80.21,146.39
2021.06,Denmark,5,79.79,147
2021.06,Spain,6,78.85,145.2
2021.06,Australia,7,77.86,141.9
2021.06,Thailand,8,77.68,141.53
2021.06,Austria,9,76.98,140.47
2021.06,Finland,10,76.19,138.8
2021.06,Norway,11,75.59,138.01
2021.06,Czech Republic,12,75.39,138.43
2021.06,Belgium,13,75.37,136.86
2021.06,Netherlands,14,75.28,137.25
2021.06,United Kingdom,15,75.11,137.9
2021.06,Switzerland,16,74.08,138.7
2021.06,Israel,17,73.93,135.42
2021.06,New Zealand,18,73.59,133.74
2021.06,Germany,19,73.49,133.89
2021.06,Qatar,20,73.19,133
2021.06,Luxembourg,21,72.92,132.01
2021.06,Sri Lanka,22,72.72,131.57
2021.06,Estonia,23,72.68,132.96
2021.06,Mexico,24,72.48,130.7
2021.06,Portugal,25,71.85,130.68
2021.06,Canada,26,71.69,131.71
2021.06,Singapore,27,71.23,132.08
2021.06,Lithuania,28,70.91,128.54
2021.06,Turkey,29,70.75,127.38
2021.06,Malaysia,30,69.98,126.15
2021.06,United States,31,69.11,127.06
2021.06,Argentina,32,68.99,125.06
2021.06,Sweden,33,68.82,126.01
2021.06,United Arab Emirates,34,68.22,126
2021.06,Ecuador,35,68.21,122.17
2021.06,Uruguay,36,67.76,122.38
2021.06,Philippines,37,67.19,120.16
2021.06,Italy,38,66.99,121.46
2021.06,Colombia,39,66.92,119.99
2021.06,Hong Kong,40,66.37,120.41
2021.06,China,41,66.16,118.56
2021.06,Guatemala,42,65.94,117.6
2021.06,Iceland,43,65.85,120.11
2021.06,India,44,65.83,117.81
2021.06,Jordan,45,65.37,117.66
2021.06,Slovenia,46,65.19,120.1
2021.06,Chile,47,63.99,116.29
2021.06,Croatia,48,63.95,117.26
2021.06,South Africa,49,63.94,115.31
2021.06,Lebanon,50,63.05,117.66
2021.06,Costa Rica,51,62.15,112.18
2021.06,Latvia,52,62.02,111.36
2021.06,Saudi Arabia,53,60.88,108.5
2021.06,Panama,54,60.74,107.68
2021.06,Indonesia,55,60.52,107.33
2021.06,Slovakia,56,60.19,108.78
2021.06,Pakistan,57,60.04,106.33
2021.06,Kazakhstan,58,59.62,105.17
2021.06,Kuwait,59,58.97,105.35
2021.06,Vietnam,60,58.61,102.48
2021.06,Malta,61,58.58,103.03
2021.06,Russia,62,58.53,103.34
2021.06,Oman,63,58.42,103.84
2021.06,Nepal,64,57.94,101.78
2021.06,Peru,65,57.84,101.54
2021.06,Brazil,66,57.79,102.86
2021.06,Kenya,67,57.53,101.79
2021.06,Puerto Rico,68,57.32,104.22
2021.06,Greece,69,57.09,101.39
2021.06,North Macedonia,70,56.37,100.51
2021.06,Bulgaria,71,56.28,99.82
2021.06,Tunisia,72,56.15,98.27
2021.06,Poland,73,56.15,99.74
2021.06,Romania,74,55.98,98.62
2021.06,Dominican Republic,75,55.6,97.12
2021.06,Cyprus,76,54.59,95
2021.06,Georgia,77,54.43,94.42
2021.06,Trinidad And Tobago,78,53.76,99
2021.06,Ukraine,79,53.7,93.84
2021.06,Bosnia And Herzegovina,80,53.24,95.13
2021.06,Algeria,81,53.12,96.51
2021.06,Hungary,82,52.85,94.99
2021.06,Ireland,83,52.82,96.09
2021.06,Iran,84,52.33,91.06
2021.06,Serbia,85,51.96,93.27
2021.06,Albania,86,50.42,87.71
2021.06,Cambodia,87,49.43,87.42
2021.06,Nigeria,88,48.52,83.7
2021.06,Egypt,89,46.61,80.01
2021.06,Morocco,90,45.87,78.36
2021.06,Belarus,91,44.79,79.02
2021.06,Azerbaijan,92,44.56,77.17
2021.06,Iraq,93,44.38,75.43
2021.06,Bangladesh,94,42.22,72.13
2021.06,Venezuela,95,39.48,68.75
2022.01,Taiwan,1,86.43,159.01
2022.01,South Korea,2,82.72,151.4
2022.01,Japan,3,80.49,146.91
2022.01,France,4,80.18,146.95
2022.01,Denmark,5,80.07,147.59
2022.01,Spain,6,78.37,144.16
2022.01,Australia,7,78.14,142.47
2022.01,Thailand,8,77.65,141.47
2022.01,Norway,9,76.83,140.55
2022.01,Austria,10,76.75,139.89
2022.01,Finland,11,76.31,139.01
2022.01,Netherlands,12,75.56,137.79
2022.01,Belgium,13,75.49,137.09
2022.01,Czech Republic,14,75.34,138.36
2022.01,Switzerland,15,74.85,139.92
2022.01,United Kingdom,16,74.83,137.38
2022.01,Israel,17,73.83,135.18
2022.01,Qatar,18,73.53,133.67
2022.01,Estonia,19,73.33,134.27
2022.01,New Zealand,20,73.32,133.23
2022.01,Germany,21,73.25,133.42
2022.01,Mexico,22,72.83,131.46
2022.01,Sri Lanka,23,72.1,130.38
2022.01,Portugal,24,71.97,130.88
2022.01,Lithuania,25,71.94,130.48
2022.01,Canada,26,71.31,130.95
2022.01,Singapore,27,71.07,131.76
2022.01,Turkey,28,70.83,127.53
2022.01,Luxembourg,29,70.79,127.72
2022.01,Malaysia,30,70.14,126.45
2022.01,Argentina,31,69.32,125.64
2022.01,Ecuador,32,69.26,124.23
2022.01,United States,33,69.06,126.9
2022.01,United Arab Emirates,34,68.73,126.87
2022.01,Sweden,35,68.71,125.73
2022.01,Uruguay,36,68.36,123.55
2022.01,Philippines,37,67.53,120.85
2022.01,Colombia,38,67.19,120.55
2022.01,Italy,39,66.79,121.08
2022.01,China,40,66.4,119.03
2022.01,Iceland,41,66.36,121
2022.01,Hong Kong,42,66.34,120.38
2022.01,Guatemala,43,65.94,117.6
2022.01,India,44,65.66,117.43
2022.01,Jordan,45,65.57,118
2022.01,Slovenia,46,65.25,120.3
2022.01,Croatia,47,64.06,116.93
2022.01,South Africa,48,63.97,115.34
2022.01,Chile,49,63.97,116.32
2022.01,Kenya,50,63.4,112.93
2022.01,Costa Rica,51,62.75,113.1
2022.01,Lebanon,52,62.75,117.08
2022.01,Latvia,53,62.43,112.21
2022.01,Panama,54,61.15,108.39
2022.01,Saudi Arabia,55,60.92,108.53
2022.01,Indonesia,56,60.44,107.25
2022.01,Slovakia,57,60.33,109.11
2022.01,Kazakhstan,58,59.99,105.89
2022.01,Pakistan,59,59.58,105.41
2022.01,Kuwait,60,59.42,106.12
2022.01,Russia,61,59.08,104.45
2022.01,Vietnam,62,58.92,103.08
2022.01,Oman,63,58.23,103.46
2022.01,Nepal,64,57.94,101.78
2022.01,Brazil,65,57.84,102.92
2022.01,Poland,66,57.76,102.9
2022.01,Puerto Rico,67,57.72,104.94
2022.01,Greece,68,57.31,101.83
2022.01,Tunisia,69,56.54,99.03
2022.01,Bulgaria,70,56.41,100.06
2022.01,Romania,71,56.21,99.09
2022.01,Peru,72,56.2,98.3
2022.01,North Macedonia,73,55.83,99.66
2022.01,Dominican Republic,74,55.55,97.31
2022.01,Ukraine,75,54.34,95.04
2022.01,Bosnia And Herzegovina,76,54.3,96.91
2022.01,Georgia,77,54.25,94.14
2022.01,Hungary,78,53.44,96.03
2022.01,Trinidad And Tobago,79,53.41,98.33
2022.01,Algeria,80,52.88,95.92
2022.01,Serbia,81,52.49,94.19
2022.01,Ireland,82,52.34,95.06
2022.01,Iran,83,52.3,91.05
2022.01,Cyprus,84,51.98,89.92
2022.01,Albania,85,50.54,87.93
2022.01,Cambodia,86,49.43,87.42
2022.01,Nigeria,87,48.49,83.69
2022.01,Egypt,88,47.01,80.81
2022.01,Morocco,89,46.69,79.95
2022.01,Belarus,90,45.57,80.52
2022.01,Malta,91,45.56,77.41
2022.01,Azerbaijan,92,44.85,77.71
2022.01,Iraq,93,44.59,76.09
2022.01,Bangladesh,94,42.25,72.17
2022.01,Venezuela,95,39.31,68.58
2022.06,Taiwan,1,86.04,158.19
2022.06,South Korea,2,83.04,152.09
2022.06,Japan,3,80.52,146.92
2022.06,France,4,79.96,146.45
2022.06,Denmark,5,79.77,146.99
2022.06,Spain,6,78.14,143.71
2022.06,Australia,7,77.76,141.72
2022.06,Thailand,8,77.57,141.3
2022.06,Norway,9,77.08,141.05
2022.06,Finland,10,76.75,139.95
2022.06,Austria,11,76.19,138.69
2022.06,Netherlands,12,75.93,138.48
2022.06,Belgium,13,75.53,137.14
2022.06,Czech Republic,14,75.45,138.61
2022.06,Switzerland,15,75.32,140.65
2022.06,United Kingdom,16,74.46,136.64
2022.06,Estonia,17,73.87,135.26
2022.06,Israel,18,73.73,134.95
2022.06,Qatar,19,73.67,133.97
2022.06,Lithuania,20,73.4,133.31
2022.06,New Zealand,21,72.97,132.54
2022.06,Mexico,22,72.82,131.43
2022.06,Germany,23,72.45,131.73
2022.06,Portugal,24,72.09,131.07
2022.06,Sri Lanka,25,72.02,130.17
2022.06,Luxembourg,26,71.54,129.14
2022.06,Singapore,27,71.09,131.83
2022.06,Canada,28,70.8,129.99
2022.06,Turkey,29,70.7,127.27
2022.06,Malaysia,30,70.14,126.44
2022.06,United Arab Emirates,31,69.68,128.34
2022.06,Argentina,32,69,125.05
2022.06,United States,33,68.93,126.63
2022.06,Ecuador,34,68.89,123.46
2022.06,Sweden,35,68.81,125.93
2022.06,Uruguay,36,67.97,122.76
2022.06,Philippines,37,67.71,121.16
2022.06,Colombia,38,67.49,121.18
2022.06,Guatemala,39,66.98,119.62
2022.06,China,40,66.7,119.66
2022.06,Italy,41,66.67,120.83
2022.06,Iceland,42,66.61,121.57
2022.06,Hong Kong,43,66.16,120.1
2022.06,India,44,65.59,117.26
2022.06,Slovenia,45,65.14,120.12
2022.06,Jordan,46,64.95,116.72
2022.06,Chile,47,64.21,116.82
2022.06,South Africa,48,63.95,115.31
2022.06,Croatia,49,63.75,116.29
2022.06,Kenya,50,63.44,113.05
2022.06,Latvia,51,63.16,113.52
2022.06,Costa Rica,52,62.97,113.47
2022.06,Lebanon,53,62.95,117.41
2022.06,Saudi Arabia,54,61.16,108.98
2022.06,Panama,55,61.06,108.18
2022.06,Indonesia,56,60.48,107.34
2022.06,Slovakia,57,60.14,108.77
2022.06,Kazakhstan,58,59.89,105.68
2022.06,Russia,59,59.86,105.99
2022.06,Pakistan,60,59.54,105.37
2022.06,Vietnam,61,59.09,103.42
2022.06,Kuwait,62,58.95,105.24
2022.06,Oman,63,58.23,103.46
2022.06,Brazil,64,57.89,102.97
2022.06,Nepal,65,57.56,101.17
2022.06,Tunisia,66,57.26,100.45
2022.06,Greece,67,57.24,101.73
2022.06,Puerto Rico,68,56.93,103.43
2022.06,Bulgaria,69,56.82,100.82
2022.06,Romania,70,56.51,99.67
2022.06,Peru,71,55.83,97.57
2022.06,Armenia,72,55.74,97.91
2022.06,North Macedonia,73,55.62,99.35
2022.06,Dominican Republic,74,55.55,97.31
2022.06,Bosnia And Herzegovina,75,55.26,98.64
2022.06,Ukraine,76,55.22,96.67
2022.06,Poland,77,54.57,96.65
2022.06,Georgia,78,54.49,94.72
2022.06,Hungary,79,54.27,97.34
2022.06,Cyprus,80,54.12,94.12
2022.06,Algeria,81,53.9,97.64
2022.06,Trinidad And Tobago,82,53.79,99.03
2022.06,Serbia,83,52.42,94.07
2022.06,Iran,84,52.31,91
2022.06,Ireland,85,52.03,94.61
2022.06,Albania,86,49.61,86.11
2022.06,Cambodia,87,49.43,87.42
2022.06,Nigeria,88,48.49,83.69
2022.06,Egypt,89,47.41,81.53
2022.06,Azerbaijan,90,46.56,80.94
2022.06,Morocco,91,46.37,79.35
2022.06,Belarus,92,46.14,81.32
2022.06,Iraq,93,44.27,75.51
2022.06,Bangladesh,94,41.74,71.24
2022.06,Venezuela,95,39.15,68.34
2022.06,Malta,96,38.24,63.44
2023.01,Taiwan (China),1,85.9,157.8
2023.01,South Korea,2,83,152
2023.01,Japan,3,80.3,146.4
2023.01,France,4,79.4,145.3
2023.01,Denmark,5,79.2,145.8
2023.01,Spain,6,77.9,143.3
2023.01,Thailand,7,77.9,142
2023.01,Austria,8,77.2,140.7
2023.01,Netherlands,9,77.1,140.7
2023.01,Finland,10,77.1,140.6
2023.01,Norway,11,76.7,140.3
2023.01,Czech Republic,12,75.5,138.6
2023.01,Australia,13,75.3,136.9
2023.01,Belgium,14,75.2,136.4
2023.01,Luxembourg,15,75,136
2023.01,Switzerland,16,74.5,139.3
2023.01,United Kingdom,17,74.1,136
2023.01,Estonia,18,74.1,135.8
2023.01,Qatar,19,73.8,134.3
2023.01,Israel,20,73.5,134.5
2023.01,Lithuania,21,73.2,132.9
2023.01,Mexico,22,72.5,130.8
2023.01,Sri Lanka,23,72,130.1
2023.01,Germany,24,71.9,130.7
2023.01,Portugal,25,71.5,129.9
2023.01,New Zealand,26,71,128.7
2023.01,Turkey,27,71,127.8
2023.01,Singapore,28,70.9,131.4
2023.01,Canada,29,70.4,129.2
2023.01,Malaysia,30,70,126.1
2023.01,United Arab Emirates,31,69.6,128.1
2023.01,Ecuador,32,69.5,124.6
2023.01,Argentina,33,68.9,124.8
2023.01,Sweden,34,68.6,125.6
2023.01,United States,35,68.6,126
2023.01,Uruguay,36,68.4,123.6
2023.01,Colombia,37,67.9,121.9
2023.01,Philippines,38,67.8,121.4
2023.01,Guatemala,39,67.5,120.6
2023.01,China,40,67.5,121.2
2023.01,Iceland,41,67,122.2
2023.01,Italy,42,66.3,120.1
2023.01,Hong Kong (China),43,65.8,119.5
2023.01,Slovenia,44,65.3,120.5
2023.01,India,45,65.1,116.3
2023.01,Jordan,46,64.9,116.7
2023.01,Chile,47,64.4,117.1
2023.01,Croatia,48,63.9,116.6
2023.01,South Africa,49,63.7,114.8
2023.01,Lebanon,50,63.2,117.8
2023.01,Costa Rica,51,63.1,113.7
2023.01,Latvia,52,62.4,111.8
2023.01,Kenya,53,61.8,109.7
2023.01,Saudi Arabia,54,61.2,109.1
2023.01,Panama,55,61,108.2
2023.01,Indonesia,56,60.5,107.4
2023.01,Slovakia,57,60.1,108.6
2023.01,Kazakhstan,58,59.9,105.8
2023.01,Russia,59,59.7,105.8
2023.01,Kuwait,60,59.7,106.7
2023.01,Pakistan,61,59.5,105.2
2023.01,Vietnam,62,59.3,103.9
2023.01,Oman,63,58.2,103.6
2023.01,Brazil,64,58.2,103.5
2023.01,Poland,65,57.6,102.6
2023.01,Greece,66,57.5,102.1
2023.01,Puerto Rico,67,57.3,104.1
2023.01,Tunisia,68,57.1,100.2
2023.01,Nepal,69,57,100.2
2023.01,Bulgaria,70,56.7,100.6
2023.01,Romania,71,56.5,99.7
2023.01,Peru,72,55.9,97.8
2023.01,Dominican Republic,73,55.5,97.3
2023.01,North Macedonia,74,55.3,98.7
2023.01,Ukraine,75,55.2,96.8
2023.01,Bosnia And Herzegovina,76,54.9,98
2023.01,Georgia,77,54.8,95.5
2023.01,Cyprus,78,54.7,95.3
2023.01,Hungary,79,54.4,97.6
2023.01,Algeria,80,53.6,97.1
2023.01,Trinidad And Tobago,81,53.4,98.5
2023.01,Iran,82,52.3,91
2023.01,Serbia,83,52.2,93.6
2023.01,Ireland,84,51.8,94.2
2023.01,Albania,85,49.6,86.3
2023.01,Nigeria,86,48.5,83.7
2023.01,Egypt,87,47.6,81.8
2023.01,Belarus,88,47.1,83
2023.01,Azerbaijan,89,46.8,81.4
2023.01,Morocco,90,45.8,78.2
2023.01,Malta,91,45.4,77.3
2023.01,Iraq,92,43.5,73.9
2023.01,Bangladesh,93,42.3,72.3
2023.01,Venezuela,94,39.3,68.6