Year,Country,Traffic Index Rank,Traffic Index,Time Index (in minutes),Time Exp. Index,Inefficiency Index,CO2 Emission Index
2012.01,Iran,1,328.17,73.5,38296.18,351.27,9714
2012.01,Singapore,2,274.66,66.25,24679.99,247.61,7592.5
2012.01,Bangladesh,3,269.79,61.67,17931.92,480.76,16403.33
2012.01,Egypt,4,242.4,59,14613.3,269.9,12742
2012.01,Hong Kong,5,241,62,18377.31,200.59,5143.33
2012.01,Philippines,6,208.9,54.89,10307.9,290.4,7538
2012.01,Turkey,7,188.72,54.22,9697.43,192.45,2944.44
2012.01,India,8,174.35,48.33,5274.72,300.92,7796.86
2012.01,Russia,9,163.1,47.83,4979.28,173.16,5970.67
2012.01,Israel,10,162.28,46.6,4287.14,206.25,7709
2012.01,Argentina,11,153,45.4,3675.71,183.98,6696
2012.01,United Kingdom,12,146.29,44.17,3108.41,374.57,4379.44
2012.01,Colombia,13,137.83,44,3036.35,276.03,2934
2012.01,Japan,14,133.75,46.5,4233.89,140.39,640
2012.01,Canada,15,126.19,40.44,1741.67,211.62,5210.46
2012.01,Thailand,16,125.15,38.75,1281.05,142.22,8977.5
2012.01,Chile,17,122.58,41.62,2123.11,136.88,3222.75
2012.01,Indonesia,18,117.26,36.67,831.47,233.86,7980
2012.01,Ecuador,19,117.23,43,2626.36,78.14,1200
2012.01,Greece,20,110.19,38.22,1155.14,149.25,3981.41
2012.01,South Africa,21,108.92,34.5,489.2,174.01,9177
2012.01,United States,22,108.87,36.36,775.44,163.46,6098.77
2012.01,Australia,23,107.15,37.09,911.91,159.08,4455.94
2012.01,Italy,24,106.94,37.81,1062.49,124.58,3863.43
2012.01,Croatia,25,102.96,37,895.06,163.65,3244.5
2012.01,Poland,26,97.19,36.27,760.23,86.45,3469.09
2012.01,Lithuania,27,91.8,35.5,632.37,114.24,2512.5
2012.01,Malaysia,28,89.39,32.4,262.98,130.97,5162
2012.01,Mexico,29,87.81,31.33,182.36,118.55,6177.78
2012.01,Denmark,30,81.9,31,161.39,92.44,4900
2012.01,Germany,31,80.77,33.12,330.4,103.18,2238.12
2012.01,Romania,32,76.89,32.47,269.08,92.66,2029.41
2012.01,Ukraine,33,76.79,33,318.01,56.89,2035.5
2012.01,Brazil,34,75.96,30,109.43,85.88,4127.25
2012.01,Switzerland,35,68.55,30.88,154.01,81.87,1577.5
2012.01,China,36,66.92,29.67,95.52,65.61,2253.33
2012.01,Spain,37,66.87,26.45,29.22,66.38,4330
2012.01,Belgium,38,63.99,21.5,21.5,95.98,4721.5
2012.01,Portugal,39,63.31,28,47.81,58.27,2585.43
2012.01,Czech Republic,40,62.61,28.67,62.85,47.53,2193.5
2012.01,Serbia,41,62.37,25.65,25.95,120.19,2562.12
2012.01,New Zealand,42,62.25,25.25,25.27,67.28,3391.5
2012.01,Austria,43,60.44,23,23,91,3203.33
2012.01,United Arab Emirates,44,57.64,17,17,92.4,4344.67
2012.01,Netherlands,45,57.06,26.83,32.03,63.77,1650
2012.01,Bulgaria,46,56.22,26.33,28.52,33.72,2106.67
2012.01,Georgia,47,54.9,20,20,48.45,3303.33
2012.01,Sweden,48,54.57,23,23,43.68,2440
2012.01,Saudi Arabia,49,53.91,15.75,15.75,60.29,4189.5
2012.01,Slovenia,50,51.27,24.67,24.67,25.55,1650
2012.01,France,51,50.91,29,72.31,40.51,297.5
2012.01,Hungary,52,50.71,24.67,24.67,34.77,1382
2012.01,Norway,53,43.38,18.5,18.5,34.94,1291.33
2012.01,Pakistan,54,42.3,13,13,36.35,2320
2012.01,Bosnia And Herzegovina,55,40.11,17,17,16.77,1330
2012.01,Ireland,56,18.42,11.67,11.67,0,66.67
2013.01,Kenya,1,263.69,66,24276.35,223.45,4352
2013.01,Bangladesh,2,248.54,60.2,16053.53,374.85,10722
2013.01,Egypt,3,241.78,59,14613.3,249.88,12742
2013.01,Iran,4,230.9,58.28,13787.45,269.83,9021
2013.01,Indonesia,5,210.4,54.38,9835.25,285.59,9577.5
2013.01,India,6,184.87,50.64,6810.21,274.16,7410.96
2013.01,Turkey,7,176.66,50.47,6690.25,207.06,5399.47
2013.01,Singapore,8,175.01,51.1,7144.07,162.37,4259.8
2013.01,Russia,9,172.43,49.68,6143.28,220.76,5224.91
2013.01,Argentina,10,163.55,46.71,4348.52,193.72,8202.86
2013.01,Finland,11,162.67,49,5695.81,177.48,3712.5
2013.01,Philippines,12,162.43,46.75,4367.82,257.13,6757.5
2013.01,Israel,13,162.28,46.6,4287.14,206.25,7709
2013.01,Uruguay,14,157.71,50,6359.5,191.07,1200
2013.01,Japan,15,153.62,50.3,6567.74,134.7,684
2013.01,Colombia,16,137.77,43.57,2855.98,235.54,3872.86
2013.01,Croatia,17,132.95,43.86,2975.45,198.33,2511.14
2013.01,Hong Kong,18,132.58,43.88,2983.02,142.14,2947.5
2013.01,South Africa,19,127.27,38.91,1320.67,184.23,8869.36
2013.01,United States,20,127.12,39.54,1484.73,222.97,6986.52
2013.01,Venezuela,21,126,38.75,1281.05,163.37,8977.5
2013.01,Thailand,22,124.54,38.57,1237.51,139.39,9120
2013.01,Slovakia,23,121.66,41,1916.59,178.4,3320
2013.01,Malaysia,24,121.11,38.64,1253.23,181.21,6777.27
2013.01,Mexico,25,120.06,37.37,968.94,245.64,7728.32
2013.01,Canada,26,119.82,38.76,1282.82,206.81,5715.31
2013.01,Netherlands,27,117.73,38.7,1268.76,194.9,5203
2013.01,Ecuador,28,117.23,43,2626.36,78.14,1200
2013.01,Australia,29,115.97,39.09,1365.7,173.44,4294.76
2013.01,United Kingdom,30,114.88,38.67,1260.61,258.81,3637.22
2013.01,Lebanon,31,114.65,36.4,782.79,144.42,8778
2013.01,Chile,32,114.03,40.22,1678.2,117.07,2909.11
2013.01,Greece,33,113.83,38.51,1223.78,157.13,4637.49
2013.01,Ukraine,34,113.06,39.91,1587.91,98.9,3274.73
2013.01,Italy,35,112.68,38.43,1204.28,149.57,4478
2013.01,Taiwan,36,103.98,38.33,1180.95,75.6,3060
2013.01,Brazil,37,97.78,35.82,683.68,113.58,3795.43
2013.01,Panama,38,94.21,31.67,205.29,115.42,8423.33
2013.01,Poland,39,93.6,36.24,754.74,83.03,2589.93
2013.01,Armenia,40,91.08,35,557.74,74.44,3410
2013.01,Puerto Rico,41,91.04,32.5,271.65,76.89,6650
2013.01,Romania,42,90.41,34.85,536.01,125.12,2703.69
2013.01,Qatar,43,89.5,30.5,133.42,120.54,7980
2013.01,Belgium,44,76.13,27.33,37.34,121.99,6007.33
2013.01,Germany,45,74.55,31.89,222,89.41,2008.93
2013.01,China,46,72.11,30.5,133.42,82.84,2636
2013.01,Czech Republic,47,67.74,30.78,148.45,53.2,1834
2013.01,Mongolia,48,67.64,26.67,30.68,68.03,4433.33
2013.01,United Arab Emirates,49,66.1,24.5,24.5,91.46,4400.67
2013.01,Spain,50,65.89,26.42,29.02,73.98,3894.74
2013.01,Portugal,51,65.2,27.88,45.69,72.02,2921.08
2013.01,Austria,52,62.12,28,47.81,71.73,2106
2013.01,Sweden,53,60.12,27.9,45.97,65.56,1805
2013.01,Serbia,54,59.98,25.48,25.61,108.93,2168.38
2013.01,Lithuania,55,59.81,27.33,37.34,93.28,1675
2013.01,New Zealand,56,59.61,26.57,29.99,51.73,2489.43
2013.01,Denmark,57,55.3,22.5,22.5,61.63,2450
2013.01,Georgia,58,54.9,20,20,48.45,3303.33
2013.01,Saudi Arabia,59,53.91,15.75,15.75,60.29,4189.5
2013.01,Switzerland,60,53.51,25.87,26.54,67.3,1225.2
2013.01,Bulgaria,61,52.56,22.17,22.17,33.08,2383.33
2013.01,Norway,62,52.4,27.08,34.37,46.18,962.15
2013.01,Pakistan,63,50.93,16,16,50.69,3402.5
2013.01,Slovenia,64,50.92,24.67,24.67,22.13,1650
2013.01,France,65,50.04,28.9,69.33,42.41,238
2013.01,Ireland,66,49.46,21,21,72.43,1417.2
2013.01,Estonia,67,48.59,23.17,23.17,24.92,1463.67
2013.01,Hungary,68,48.38,22.45,22.45,36.71,1373.82
2013.01,South Korea,69,40.18,21.5,21.5,26.97,470
2013.01,Bosnia And Herzegovina,70,39.09,18.83,18.83,14.17,886.67
2014.01,Kenya,1,352.17,73.33,37940.02,284.84,4513.33
2014.01,Egypt,2,323.05,60.83,16848.51,336.33,13012.67
2014.01,Bangladesh,3,309.81,60.2,16053.53,374.85,10722
2014.01,Jordan,4,286.17,60.2,16053.53,273.84,6842
2014.01,Iran,5,261.8,54.45,9903.35,237.21,8544.4
2014.01,Philippines,6,230.36,49.78,6207.99,253.24,7375.56
2014.01,Turkey,7,229.56,51.93,7777.52,221.69,5557
2014.01,Russia,8,221.35,49.69,6150.33,217.01,6162.81
2014.01,India,9,213.68,47.72,4913.12,233.86,6491.79
2014.01,Israel,10,204.98,46.38,4167.92,184.14,6477
2014.01,Argentina,11,200.15,45,3485.06,192,6766.33
2014.01,South Africa,12,196.69,41.31,2015.86,201.64,9271.44
2014.01,Singapore,13,192.55,47.82,4970.37,143.93,3872.55
2014.01,Indonesia,14,187.94,41.07,1940.36,246.66,7588.89
2014.01,Venezuela,15,181.5,38.75,1281.05,149.13,8977.5
2014.01,Hong Kong,16,180.46,47.73,4917.16,185.1,2401.82
2014.01,Mexico,17,174.57,38.96,1333.52,213.42,7138.32
2014.01,Malaysia,18,174.07,38.7,1267.7,164.96,7555.3
2014.01,Brazil,19,172.29,43.02,2634.35,172.41,4200.41
2014.01,Colombia,20,172.01,46.15,4052.81,202.47,2300.77
2014.01,Ecuador,21,165.8,42.8,2548.87,99.39,3912
2014.01,Ukraine,22,165.39,41.89,2214.42,200.68,3878
2014.01,United States,23,164.78,37.13,920.88,187.87,6989.04
2014.01,Canada,24,164.16,39.17,1387.65,197.91,5426.74
2014.01,Qatar,25,156.36,33.4,358.83,106.59,8778
2014.01,Japan,26,154.57,47.64,4868.06,117.87,691.43
2014.01,Chile,27,153.89,42.1,2289.24,117.93,2817.6
2014.01,Italy,28,151.67,38.05,1115.68,165.64,4535.34
2014.01,Lebanon,29,148.72,32.43,265.43,137.82,7790
2014.01,Uruguay,30,147.57,45,3485.06,157.64,960
2014.01,Thailand,31,144.36,32.82,300.56,111.72,6995.45
2014.01,Mongolia,32,143.7,36.86,867.44,100.07,4541.43
2014.01,United Kingdom,33,143.41,37.68,1034.13,211.11,3486.61
2014.01,Greece,34,143.11,36.98,890.82,144.48,4130
2014.01,Australia,35,141.35,36.25,756.24,153.44,4253.13
2014.01,Slovakia,36,135.06,37.5,996.26,162.95,2833.33
2014.01,Germany,37,132.35,36.07,725.14,262.09,2826.51
2014.01,Georgia,38,129.81,38,1104.63,140.73,2182
2014.01,Netherlands,39,129.61,35.06,566.73,152.51,3409.38
2014.01,Kazakhstan,40,126.53,40,1613.79,46.45,1563.33
2014.01,Finland,41,122.76,37,895.06,121.86,2007.09
2014.01,Poland,42,120.55,35.32,604.23,98.21,2574.86
2014.01,Spain,43,120.42,32.03,232.86,153.89,3686.6
2014.01,Romania,44,118.85,33.29,347.21,132.3,3072.42
2014.01,Puerto Rico,45,118.55,28.4,56.24,80.82,5426.4
2014.01,United Arab Emirates,46,118.54,28.2,51.81,207.07,4726.4
2014.01,Hungary,47,118.16,34.83,534.22,117.95,2435.44
2014.01,China,48,117.09,31.17,171.64,116.86,3845.56
2014.01,Sweden,49,112.48,34.07,435.15,110.58,2212.43
2014.01,Pakistan,50,112.15,25.12,25.13,89.36,5265
2014.01,Belgium,51,111.96,25.96,26.85,107.13,4965.67
2014.01,Croatia,52,110.39,33.35,353.85,119.4,2236.94
2014.01,Saudi Arabia,53,107.31,23.33,23.33,95.54,4811.78
2014.01,Bulgaria,54,105.12,34.69,514.2,158.92,1235.88
2014.01,Belarus,55,103.42,24.83,24.83,69.94,4256
2014.01,Portugal,56,102.1,28.91,69.75,97.64,3020.34
2014.01,Armenia,57,101.88,31.43,188.71,67.75,2350.86
2014.01,Czech Republic,58,99.2,33.08,326.23,68.38,1583
2014.01,Denmark,59,98.32,25,25,82.61,3507.78
2014.01,Taiwan,60,94.67,27.6,41.03,60.87,2794.4
2014.01,Kuwait,61,93.61,17,17,52.49,4256
2014.01,Serbia,62,88.85,24.38,24.38,98.45,2460.9
2014.01,New Zealand,63,87.17,26.57,29.99,46.53,2332.71
2014.01,Syria,64,86.67,20.88,20.88,64,2832
2014.01,Lithuania,65,82.41,22,22,77.26,2202
2014.01,France,66,82.07,28.1,49.76,65.61,1506.8
2014.01,Switzerland,67,79.16,24.55,24.55,70.52,1701.9
2014.01,Slovenia,68,76.53,20.67,20.67,24,2155
2014.01,Ireland,69,76.53,22.53,22.53,61.77,1713.12
2014.01,South Korea,70,76.37,31.2,173.74,78.13,536
2014.01,Estonia,71,72.01,24.71,24.71,25.2,1391.71
2014.01,Norway,72,71.57,24.5,24.5,41.92,1270.89
2014.01,Austria,73,70.71,24.5,24.5,50.87,1165
2014.01,Bosnia And Herzegovina,74,63.06,22.56,22.56,35.71,886.67
2014.06,Egypt,1,317.79,60.67,16636.94,321.59,12146.13
2014.06,Kenya,2,315.43,67.14,26156.16,249.31,5008.57
2014.06,Bolivia,3,293.28,63,19755.33,300.27,5242
2014.06,Bangladesh,4,280.43,58,13477.89,330.05,7772.86
2014.06,Iran,5,261.8,54.45,9903.35,237.21,8544.4
2014.06,Philippines,6,229.38,49.5,6021.85,250.14,7476.6
2014.06,Turkey,7,225.23,50.71,6857.33,231.73,5851.17
2014.06,Russia,8,219.09,50.19,6490.65,222.05,5392.03
2014.06,Jordan,9,211.26,48.5,5381.22,237.79,5474
2014.06,India,10,205.42,46.67,4324.67,218.06,6118.96
2014.06,South Africa,11,203.8,42.41,2400.33,199.96,9654.22
2014.06,Japan,12,194.55,51.05,7103.79,203.98,2019.09
2014.06,Ecuador,13,194.39,45.67,3806.43,133.25,5698.33
2014.06,Malaysia,14,193.05,41.09,1944.27,223,8637.66
2014.06,Argentina,15,192.44,44,3036.35,183.4,6367.73
2014.06,Brazil,16,183.5,44.84,3411.58,188.1,4426.45
2014.06,Indonesia,17,180.35,40.03,1623.68,238.72,7152.76
2014.06,Israel,18,176.95,41.42,2054.23,171.8,5944.32
2014.06,Mexico,19,171.45,38.86,1307.65,208.01,6725.36
2014.06,Singapore,20,170.43,44.36,3192.09,131.36,3377.71
2014.06,Colombia,21,169.53,45.88,3914.29,185.19,2253.53
2014.06,Canada,22,164.16,39.49,1470.83,194.01,5241.06
2014.06,United States,23,160.99,36.2,746.95,184.41,7036.3
2014.06,Ukraine,24,155.4,39.09,1366.91,182.53,4333.64
2014.06,Italy,25,154.08,38.03,1110.77,164.72,4884.33
2014.06,Hong Kong,26,152.03,42.33,2373.81,163.09,2323.33
2014.06,Cambodia,27,150.01,33.33,351.79,134.37,7453.33
2014.06,Chile,28,149.68,40.55,1774.8,115.43,3166
2014.06,Lebanon,29,148.72,32.43,265.43,137.82,7790
2014.06,Uruguay,30,147.57,45,3485.06,157.64,960
2014.06,Australia,31,146.62,37.02,899.84,155.5,4506.71
2014.06,Thailand,32,144.22,33,318.01,109.13,6879.17
2014.06,Mongolia,33,143.7,36.86,867.44,100.07,4541.43
2014.06,Qatar,34,138.96,30.7,144.12,100.66,7435
2014.06,United Arab Emirates,35,137.89,31.84,218.17,170.98,6114.95
2014.06,Netherlands,36,136.86,35.5,632.37,194.66,3877
2014.06,Slovakia,37,134.58,37.5,996.26,150.87,2833.33
2014.06,United Kingdom,38,131.52,34.63,506.47,193.85,3655.26
2014.06,Venezuela,39,130.73,28.88,68.6,122.11,6810
2014.06,Georgia,40,129.81,38,1104.63,140.73,2182
2014.06,Panama,41,127.61,27,33.58,101.36,7182
2014.06,Greece,42,127.11,33.21,338.76,137.25,4068.11
2014.06,Saudi Arabia,43,123.93,29.55,90.85,112.96,5508.73
2014.06,Vietnam,44,123.25,31,161.39,115.53,4733.33
2014.06,China,45,121.29,32.62,282.22,112.99,3750.19
2014.06,Puerto Rico,46,118.55,28.4,56.24,80.82,5426.4
2014.06,Poland,47,115.94,34.35,469.68,94.64,2518.98
2014.06,Spain,48,115.26,30.89,154.63,142.33,3600.8
2014.06,Pakistan,49,114.24,25.55,25.74,86.77,5521.82
2014.06,Romania,50,110.13,31.35,183.61,122.49,2933.09
2014.06,Kazakhstan,51,108.49,36.5,800.82,44.2,1372.5
2014.06,Croatia,52,107.55,32.89,307.26,116.87,2146
2014.06,Belgium,53,106.55,25.68,26.03,99.76,4327.71
2014.06,Portugal,54,104.66,28.97,71.49,97.85,3288.43
2014.06,Sweden,55,104.42,32.4,262.98,107.28,2064.93
2014.06,Belarus,56,103.42,24.83,24.83,69.94,4256
2014.06,Bulgaria,57,102.66,34.32,465.45,141,1217.58
2014.06,Germany,58,102.09,31.44,189.32,113.72,2137.29
2014.06,Denmark,59,101.52,28.82,66.98,119.77,2870
2014.06,South Korea,60,96.87,31.33,182.36,78.24,1865.33
2014.06,Finland,61,95.88,31.5,193.58,108.02,1605.57
2014.06,Hungary,62,94.87,30.09,113.33,104.95,1926.87
2014.06,Kuwait,63,93.61,17,17,52.49,4256
2014.06,France,64,91.92,30.31,123.74,74.59,1751.31
2014.06,Serbia,65,90.88,24.57,24.57,98.57,2644.87
2014.06,Czech Republic,66,89.47,30.88,154.57,60.23,1474.15
2014.06,Lithuania,67,88.58,23.46,23.46,79.82,2635.38
2014.06,Armenia,68,88.21,27.89,45.77,60.09,2098.22
2014.06,Slovenia,69,87.53,22,22,38.22,2987.14
2014.06,Ireland,70,86.85,26.61,30.23,91.39,2041.58
2014.06,Syria,71,86.67,20.88,20.88,64,2832
2014.06,Taiwan,72,85.84,25.14,25.15,53.58,2338.86
2014.06,New Zealand,73,85.7,25.47,25.59,44.2,2354.53
2014.06,Switzerland,74,77.37,25.71,26.1,64.88,1482.42
2014.06,Norway,75,72.76,25.61,25.87,48.84,1230.44
2014.06,Estonia,76,72.01,24.71,24.71,25.2,1391.71
2014.06,Austria,77,66.79,24.77,24.77,45.63,917.69
2014.06,Cyprus,78,64.55,18.25,18.25,21.69,1396.5
2014.06,Bosnia And Herzegovina,79,63.06,22.56,22.56,35.71,886.67
2015.01,Kenya,1,317.24,65.2,23012.87,253.96,7123.6
2015.01,Egypt,2,293.39,56.85,12243.24,298.66,11796.2
2015.01,Bangladesh,3,280.43,58,13477.89,330.05,7772.86
2015.01,Bolivia,4,243.93,55,10411.95,254.22,5033.33
2015.01,Nigeria,5,241.71,58.67,14228.36,240.38,2328.67
2015.01,Jordan,6,232.05,51.4,7368.18,224.09,6374.2
2015.01,Iran,7,214.14,47.44,4753.91,202.6,6974.74
2015.01,South Africa,8,208.39,42.98,2618.22,202.37,10002.42
2015.01,Philippines,9,202.31,45.5,3724.39,217.82,6565.46
2015.01,Thailand,10,200.79,42.36,2382.55,239.58,8862.14
2015.01,Brazil,11,199.4,46.34,4149.46,246.5,5321.17
2015.01,Russia,12,198.51,47.08,4551.2,197.85,4885.94
2015.01,India,13,195.53,45.24,3597.83,207.68,5760.83
2015.01,Japan,14,194.55,51.05,7103.79,203.98,2019.09
2015.01,Ecuador,15,194.39,45.67,3806.43,133.25,5698.33
2015.01,Turkey,16,194.22,46.32,4138.81,198.73,4825.94
2015.01,Indonesia,17,186.26,41.63,2124.33,248.99,6849.71
2015.01,Malaysia,18,181.23,39.4,1447.11,209.35,7978.29
2015.01,Argentina,19,175.34,41.39,2043.5,164.21,5765.56
2015.01,Israel,20,175.23,41.25,1997.57,174.67,5787
2015.01,Hong Kong,21,171.92,46.25,4102.6,182.29,2315.62
2015.01,Singapore,22,170.76,44.07,3065.05,129.13,3595.87
2015.01,Colombia,23,162.94,44.55,3276.21,173.1,2304.09
2015.01,Canada,24,161.56,38.88,1312.67,198.88,5233.99
2015.01,Mexico,25,158.59,36.89,874.65,184.19,6169.37
2015.01,United States,26,158.47,35.96,706.31,179.28,6813.52
2015.01,Ukraine,27,157.51,40.04,1626.27,180.43,4058.61
2015.01,China,28,150.98,37.48,992.08,156.95,4826.16
2015.01,Cambodia,29,150.01,33.33,351.79,134.37,7453.33
2015.01,Chile,30,149.19,40.83,1863.79,111.93,2982.17
2015.01,Lebanon,31,148.72,32.43,265.43,137.82,7790
2015.01,Uruguay,32,147.57,45,3485.06,157.64,960
2015.01,Kazakhstan,33,146.9,41.8,2183.39,64.56,2534.4
2015.01,Mongolia,34,143.7,36.86,867.44,100.07,4541.43
2015.01,Australia,35,142.46,36.25,756.24,153,4400.63
2015.01,Italy,36,142.07,35.91,698.3,152.91,4538.88
2015.01,Vietnam,37,141.69,36.4,782.79,123.14,4384.8
2015.01,Netherlands,38,140.43,35.45,624.88,280.21,4000
2015.01,Venezuela,39,139.9,30.6,138.69,126.56,7443
2015.01,Puerto Rico,40,139.58,32,230.25,106.47,6738.67
2015.01,Qatar,41,132.56,29.27,81.09,97.78,7121.82
2015.01,Panama,42,130.46,28.12,50.26,106.09,7216.25
2015.01,Georgia,43,128.99,38,1104.63,121.88,2182
2015.01,Greece,44,128.78,33.18,335.69,139.97,4284.16
2015.01,United Arab Emirates,45,128.27,29.9,105.29,155.15,5722.57
2015.01,United Kingdom,46,127.76,34,426.55,177.57,3573.45
2015.01,Dominican Republic,47,127.02,27.5,39.57,59.28,7315
2015.01,Sri Lanka,48,126.82,30.83,151.61,99.43,5431.67
2015.01,North Macedonia,49,122.58,33.17,334.6,202.42,3236.33
2015.01,Kuwait,50,119.48,25,25,114.44,6206.67
2015.01,Poland,51,118.16,34.67,511.73,101.65,2579.75
2015.01,Bahrain,52,116.25,27,33.58,95.83,5426.4
2015.01,Saudi Arabia,53,113.05,26.14,27.58,103.92,5107.29
2015.01,Belarus,54,113.05,30.57,137.17,82.47,3805.14
2015.01,Pakistan,55,112.61,25.14,25.15,82.38,5383.57
2015.01,Bulgaria,56,109.48,33.43,362.54,138.47,2046.7
2015.01,Romania,57,108.25,30.69,143.43,113.72,3016.61
2015.01,Ireland,58,108.08,32.6,280.17,133.01,2229.23
2015.01,Moldova,59,106.98,24.6,24.6,83.01,4666
2015.01,Spain,60,106.47,28.91,69.65,136.57,3309.73
2015.01,Taiwan,61,106.28,28.25,52.88,97.09,3709
2015.01,Lithuania,62,105.38,31.33,182.36,138.01,2380.56
2015.01,Belgium,63,102.46,26.69,30.89,129.52,3460.44
2015.01,Croatia,64,102.35,30.5,133.42,109.94,2481.27
2015.01,Finland,65,100.39,33.17,334.6,106.76,1489.89
2015.01,Serbia,66,99.85,27.79,44.02,111.82,3008.97
2015.01,Portugal,67,99.79,28.2,51.71,93.14,2997.85
2015.01,Germany,68,98.41,31.08,166.45,113.71,1914.97
2015.01,Slovakia,69,98.37,30.4,128.32,121.32,2082
2015.01,South Korea,70,96.62,31.33,182.36,73.77,1865.33
2015.01,Denmark,71,94.37,27.85,45.02,110.91,2428.46
2015.01,Hungary,72,92.87,30.12,114.63,99.11,1771.46
2015.01,New Zealand,73,92.36,28.1,49.66,67.84,2399.14
2015.01,Czech Republic,74,91.65,31.47,191.3,62.66,1477.27
2015.01,Latvia,75,90.11,24,24,52.28,2913.6
2015.01,Armenia,76,88.83,26.09,27.36,57.84,2490.55
2015.01,Syria,77,86.67,20.88,20.88,64,2832
2015.01,France,78,85.7,28.6,61.12,69.52,1676.47
2015.01,Sweden,79,84.03,26.9,32.67,92.48,1747.05
2015.01,Greenland,80,82.47,18,18,74.92,2660
2015.01,Switzerland,81,80.46,25.63,25.91,65.53,1734
2015.01,Norway,82,74.58,25.3,25.34,48.17,1391.4
2015.01,Slovenia,83,74.57,18.82,18.82,31.97,2094.36
2015.01,Cyprus,84,73.72,19,19,34.31,1980.22
2015.01,Estonia,85,69.25,22.44,22.44,23.51,1385.56
2015.01,Bosnia And Herzegovina,86,67.19,21.9,21.9,36.13,1197
2015.01,Austria,87,66.87,25.86,26.51,44.46,852.14
2015.01,Turkmenistan,88,45.49,11.75,11.75,10.22,735
2015.06,Egypt,1,284.51,55.48,10870.53,296.43,11567.56
2015.06,South Africa,2,215.34,43.93,3007.83,228.67,10289.53
2015.06,Thailand,3,211.86,44.12,3087.1,245.76,9312.82
2015.06,Iran,4,202.9,45.52,3731.8,193.45,6787.82
2015.06,Philippines,5,201.31,46.09,4020.42,216.01,5947.27
2015.06,Turkey,6,198.61,46.91,4457.61,204.66,4987.53
2015.06,Russia,7,195.51,46.82,4405.92,185.08,4721.17
2015.06,India,8,195.02,45.1,3531.03,217.21,5739.89
2015.06,Brazil,9,194.29,45.54,3744.05,227.56,5252.85
2015.06,Argentina,10,186.46,43.1,2663.78,169.38,6199.9
2015.06,Indonesia,11,177.91,40.58,1785.76,224.19,6415.58
2015.06,Singapore,12,175.31,45.41,3681.42,126.49,3361.06
2015.06,Malaysia,13,174.99,39.38,1441.97,206.82,6932.24
2015.06,China,14,173.68,42.35,2381.7,182.16,4764.32
2015.06,Venezuela,15,173.23,39.42,1452.35,209.72,6597.5
2015.06,Hong Kong,16,166.44,45.67,3806.43,173.76,2106.11
2015.06,Colombia,17,165.95,44.19,3120.13,164.67,2815.48
2015.06,Japan,18,163.35,46.98,4491.89,177.54,1298
2015.06,Canada,19,161.91,39.12,1373.13,198.65,5132.75
2015.06,United Arab Emirates,20,160.16,35.32,605,197.62,7426.93
2015.06,Netherlands,21,158.59,37.45,986.32,291.33,5279.95
2015.06,Ukraine,22,158.48,41.23,1989.38,174.63,3532.6
2015.06,Saudi Arabia,23,156.26,35.65,655.52,197.79,6553.06
2015.06,United States,24,154.2,34.98,555.08,177.99,6775.74
2015.06,Israel,25,153.02,37.63,1023.43,164.08,4983.31
2015.06,Chile,26,148.58,40,1613.79,107.77,3366.62
2015.06,Vietnam,27,146.86,38.27,1165.42,147.48,3883.2
2015.06,Italy,28,142.33,36.15,738.33,153.21,4440.37
2015.06,Australia,29,138.48,35.56,641.34,147.46,4284.66
2015.06,Qatar,30,137.95,30.15,116.41,113.27,7458.46
2015.06,Pakistan,31,136.92,33.53,372.43,138.99,5227.89
2015.06,Mexico,32,134.4,33.36,354.43,143.91,4930.59
2015.06,United Kingdom,33,127.63,34.44,481.74,176.04,3360.46
2015.06,Belgium,34,121.63,30.85,152.44,190.19,4178.61
2015.06,Romania,35,116.15,33.28,345.91,126.23,2812.78
2015.06,Poland,36,115.58,33.97,423.13,106.89,2570.48
2015.06,Greece,37,114.69,30.6,138.55,132.65,3697.77
2015.06,Finland,38,113.58,36.14,736.53,116.86,1559.45
2015.06,Croatia,39,111.04,32.18,244.74,122.27,2720.24
2015.06,Portugal,40,109.53,30.31,123.81,95.7,3399.85
2015.06,Spain,41,109.37,28.72,64.33,132.31,3736.07
2015.06,Lithuania,42,108.18,31.45,190.16,134.04,2638
2015.06,Bulgaria,43,107.59,31.81,215.51,129.77,2471.1
2015.06,Ireland,44,103.65,31.82,216.71,133.2,2076.13
2015.06,Czech Republic,45,100.79,32.87,305.14,94.58,1659.11
2015.06,France,46,100.51,30.51,133.98,74.81,2477.74
2015.06,Hungary,47,93.63,30.42,129.29,93.6,1778.26
2015.06,New Zealand,48,93.22,27.81,44.48,69.92,2537.11
2015.06,Sweden,49,92.2,28.25,52.88,95.9,2198
2015.06,Serbia,50,89.19,25.75,26.21,96.85,2350.59
2015.06,Germany,51,86.25,28.92,69.98,103.43,1504.78
2015.06,Denmark,52,85.07,25.61,25.87,96.06,1986.78
2015.06,Slovakia,53,83.18,26.06,27.24,98.03,1763.5
2015.06,Slovenia,54,80.32,22.6,22.6,44.49,2143.33
2015.06,Switzerland,55,77.93,24.86,24.86,59.32,1630.94
2015.06,South Korea,56,76.02,25.81,26.37,61.13,1388.35
2015.06,Bosnia And Herzegovina,57,75.21,22.44,22.44,41.63,1729
2015.06,Norway,58,74.54,25.03,25.03,42.5,1443.16
2015.06,Austria,59,71,28.9,69.33,49.04,716.5
2016.01,Egypt,1,249.5,50.85,6957.86,293.47,9626.05
2016.01,Iran,2,221.57,48.15,5165.22,222.27,7506.88
2016.01,Russia,3,209.12,49.13,5781.35,210.21,4823.24
2016.01,Turkey,4,208.02,48.05,5110.57,217.29,5437.5
2016.01,South Africa,5,207.99,43.18,2698.83,223.01,9589.1
2016.01,Philippines,6,207.82,45.97,3960.55,242.66,6945.29
2016.01,Thailand,7,206.01,43.09,2663.19,280.6,8942.12
2016.01,India,8,201.08,45.98,3964.01,225.21,5948.79
2016.01,Brazil,9,197.86,46.12,4036.07,230.65,5331.7
2016.01,Indonesia,10,182.92,41.4,2048.48,225.16,6600.96
2016.01,China,11,181.08,44.09,3076.44,183.64,4619.63
2016.01,Japan,12,177.3,48.35,5290.18,182.63,1823.19
2016.01,Argentina,13,176.66,42.36,2383.6,156.54,5323.92
2016.01,Malaysia,14,175.9,39.77,1548.23,194.04,6865.02
2016.01,Hong Kong,15,172.98,46.4,4181.06,170.78,2386.4
2016.01,Saudi Arabia,16,171.32,38.7,1268.76,199.23,6870.13
2016.01,Colombia,17,167.79,44.24,3141.52,162.58,2997.58
2016.01,Singapore,18,165.24,43.43,2799.36,169.8,3121.53
2016.01,Mexico,19,162.01,37.06,907.09,181.52,6619.35
2016.01,Qatar,20,156.55,33.56,376.39,133.46,8470.62
2016.01,Pakistan,21,155.34,36.85,865.33,157.93,5853.46
2016.01,North Macedonia,22,154.07,40.68,1817.34,176.88,3300.95
2016.01,Israel,23,153.78,37.76,1052.12,154.73,5061.1
2016.01,Canada,24,153.64,37.79,1058.27,190.44,4833.32
2016.01,Ukraine,25,152.91,39.95,1599.76,161.44,3630.75
2016.01,United Arab Emirates,26,152.21,33.69,391.07,191.15,7209.78
2016.01,United States,27,145.2,33.35,353.7,173.59,6378.52
2016.01,Italy,28,143.28,36.49,798.89,162.32,4327.28
2016.01,Netherlands,29,142.2,35.51,633.65,258.41,4282.85
2016.01,Belgium,30,141.86,36.19,746,183.94,4198.47
2016.01,Vietnam,31,137.62,36.55,809.11,143.58,3677.64
2016.01,Australia,32,137.23,34.65,509.62,141.45,4638.92
2016.01,United Kingdom,33,132.1,35.53,637.29,167.7,3407.72
2016.01,Poland,34,122.76,34.51,490.93,117.89,3050.26
2016.01,New Zealand,35,119.83,31.1,167.33,158.03,3997.9
2016.01,Spain,36,115.8,30.52,134.24,142.02,3817.16
2016.01,Ireland,37,115.79,32.31,255.08,138.59,3106.41
2016.01,Romania,38,115.29,33.29,347.01,126.24,2717.93
2016.01,Chile,39,114.5,33.81,404.19,89.36,2615.05
2016.01,Portugal,40,113.36,30.56,136.65,118.55,3625.95
2016.01,Greece,41,108.84,29.09,75.1,123.35,3597.42
2016.01,France,42,108.63,31.98,229.02,92.04,2695.81
2016.01,Lithuania,43,106.53,30.24,120.47,125.11,2929.68
2016.01,Hungary,44,105.9,31.78,213.38,110.22,2402.84
2016.01,Croatia,45,105.59,30.03,110.82,110.68,2971.58
2016.01,Finland,46,103.33,32.89,307.55,103.56,1825.08
2016.01,Sweden,47,102.19,32.05,234.08,107.22,1979.41
2016.01,Slovenia,48,101.91,25,25,149.71,3560.52
2016.01,Norway,49,101.37,29.48,88.35,135.69,2585.39
2016.01,Czech Republic,50,100.93,32.48,270.14,89.09,1812.41
2016.01,Bulgaria,51,93.44,28.66,62.65,109.45,2153.45
2016.01,Serbia,52,93.22,28.37,55.44,105.01,2224.54
2016.01,South Korea,53,93.18,30.93,157.45,81.49,1653.82
2016.01,Switzerland,54,90.3,28.73,64.59,118.94,1816.89
2016.01,Germany,55,87.46,29.07,74.51,101.45,1574.73
2016.01,Denmark,56,83.8,25.64,25.94,88.75,1904.36
2016.01,Bosnia And Herzegovina,57,82.17,23.41,23.41,45.22,2226.97
2016.01,Austria,58,69.36,26.79,31.62,45.25,913.64
2016.06,Egypt,1,247.12,51.02,7083.96,286.99,9024
2016.06,Iran,2,226.58,49.17,5806.93,226.85,7420.34
2016.06,Jordan,3,220.72,47.22,4628.09,257.97,7993.11
2016.06,Indonesia,4,214.58,47.27,4656.5,263.75,6860
2016.06,Turkey,5,213,48.99,5687.22,228.52,5399.88
2016.06,South Africa,6,209.62,43.35,2765.85,232.83,9687
2016.06,Thailand,7,203.96,43.45,2804.86,256.76,8376.81
2016.06,Brazil,8,203.29,47.17,4600.51,237.71,5310.15
2016.06,Russia,9,202.93,48.41,5323.4,208.82,4503.88
2016.06,Philippines,10,199.66,44.55,3278.51,232.59,6822.9
2016.06,India,11,195.43,45.07,3517.79,222.95,5793.58
2016.06,China,12,181.5,44.73,3360.99,187.76,4236.32
2016.06,Malaysia,13,174.89,39.33,1430.17,187.15,7065.92
2016.06,Mexico,14,171.72,38.9,1318.06,205.06,6756.49
2016.06,Japan,15,170.11,47.37,4712.07,181.32,1650.52
2016.06,Colombia,16,169.84,44.95,3463.81,200.71,2690.23
2016.06,Argentina,17,161.37,39.09,1367.86,158,5288.32
2016.06,Pakistan,18,159.83,38.76,1282.92,160.85,5266.36
2016.06,Saudi Arabia,19,159.07,36.61,820.09,184.49,6438.79
2016.06,Hong Kong,20,158.6,43.94,3010.42,184.16,2136.36
2016.06,Israel,21,155.06,38.04,1113.61,157.82,5053.52
2016.06,United Arab Emirates,22,154.99,33.8,403.54,194.83,7592.78
2016.06,Singapore,23,154.81,42.15,2305.88,160.81,2700.1
2016.06,Canada,24,153.23,37.25,944.14,190.58,5104.68
2016.06,Ukraine,25,150.72,39.55,1487.05,151.45,3636.36
2016.06,United States,26,149.5,33.87,411.45,181.74,6701.59
2016.06,Qatar,27,148.9,31.96,226.88,131.93,8170.96
2016.06,Australia,28,147.49,35.82,683.08,168.08,5267.01
2016.06,Italy,29,144.36,36.94,883.75,161.46,4222.55
2016.06,Belgium,30,143.37,37.3,954.93,170.51,3858.18
2016.06,Ireland,31,134.41,35.58,645.64,163.24,3677.02
2016.06,Netherlands,32,132.08,33.8,403.4,234.15,3955.24
2016.06,Taiwan,33,131.89,33.57,376.69,192.75,4228.78
2016.06,United Kingdom,34,127.77,34.35,469.67,164.73,3471.18
2016.06,North Macedonia,35,126.84,35.35,609,159.85,2935.04
2016.06,Poland,36,124.12,34.74,521.51,117.79,3101.53
2016.06,Vietnam,37,124.03,33.79,402.3,130.55,3452
2016.06,Chile,38,121.84,35.68,660.36,108.47,2504.71
2016.06,Slovakia,39,120.62,32.17,243.51,282.98,3138.67
2016.06,France,40,116.73,33.58,378.43,99.37,2886.43
2016.06,Spain,41,114.66,30.8,149.61,135.3,3600.11
2016.06,Portugal,42,112.55,30.13,115.42,120.61,3683.45
2016.06,Greece,43,111.67,29.62,93.59,121.81,3762.53
2016.06,Slovenia,44,110.04,28.37,55.56,158.95,3795.33
2016.06,New Zealand,45,109.85,28.51,58.86,143.98,3803.13
2016.06,Finland,46,109.11,33.77,399.19,106.75,2027.66
2016.06,Romania,47,108.22,32.08,236.69,115.68,2499.62
2016.06,Belarus,48,104.15,27.36,37.73,76.04,3834
2016.06,South Korea,49,103.15,33.27,344.88,99.65,1707.95
2016.06,Croatia,50,101.87,29.42,86.06,105.1,2800.81
2016.06,Lithuania,51,101.12,29.17,77.56,110.69,2769.28
2016.06,Hungary,52,100.48,31.09,166.92,102.56,2147.96
2016.06,Sweden,53,99.96,31,161.39,105.02,2116.5
2016.06,Norway,54,99.27,28.86,68.25,130.01,2575.45
2016.06,Germany,55,97.03,31.21,174.32,110.79,1771.92
2016.06,Czech Republic,56,96.04,31.22,174.88,80.52,1816.92
2016.06,Serbia,57,94.07,27.87,45.43,102.64,2433.01
2016.06,Bulgaria,58,91.58,27.54,40.1,102.22,2265.78
2016.06,Switzerland,59,85.45,27.37,37.82,112.45,1708.1
2016.06,Denmark,60,84.36,28.03,48.34,91.78,1583.94
2016.06,Austria,61,81.18,28.98,71.63,105.36,1120.33
2016.06,Bosnia And Herzegovina,62,80.97,23.55,23.55,43.81,2111.35
2016.06,Estonia,63,66.22,22.33,22.33,43.28,1061.56
2017.01,Egypt,1,235.07,48.84,5593.66,286.19,8935.25
2017.01,Iran,2,234.34,49.7,6157.21,243.67,8200.3
2017.01,Indonesia,3,226.48,49.44,5983.34,270.77,6927.33
2017.01,Jordan,4,221.35,47.76,4937.39,251.68,7649.24
2017.01,South Africa,5,208.19,42.98,2619.5,229.47,9777.29
2017.01,Turkey,6,207.36,47.58,4828.84,229.37,5647.06
2017.01,Venezuela,7,206.49,46.24,4094.96,214.47,6661.76
2017.01,Thailand,8,204.83,43.56,2851.85,256.33,8438.25
2017.01,India,9,204.69,46.38,4172.18,239.02,6124.35
2017.01,Russia,10,203.27,48.57,5424.79,204.96,4452.81
2017.01,Brazil,11,202.55,46.39,4177.04,237.85,5792.16
2017.01,Philippines,12,202.16,45.14,3549.12,234.58,6745.11
2017.01,Sri Lanka,13,197.2,47.19,4610.29,225.59,4501.05
2017.01,Mexico,14,186.7,41.66,2135.73,224.93,7026.7
2017.01,China,15,177.45,43.87,2979.14,185.25,4276
2017.01,Malaysia,16,175.17,39.4,1447.25,186.01,7071.8
2017.01,Colombia,17,168.47,43.77,2937.78,196.87,3188.57
2017.01,Panama,18,164.36,36.18,744.38,166.27,7743.18
2017.01,Japan,19,164.04,46.81,4399.1,167.95,1440.15
2017.01,Lebanon,20,162.78,36.15,738.88,157.05,7554.4
2017.01,United Arab Emirates,21,161.77,35.05,565.01,198.76,7895.27
2017.01,Singapore,22,159.72,43.39,2782.9,169.9,2554.54
2017.01,Saudi Arabia,23,156.57,36.31,767.45,173.92,6298.43
2017.01,Pakistan,24,156.46,38.69,1266.31,167.09,4796.44
2017.01,United States,25,156.01,34.58,499.64,199.51,7216.77
2017.01,Argentina,26,151.95,37.95,1092.75,149.42,4722.3
2017.01,Qatar,27,151.56,32.97,315.22,130.62,7993.14
2017.01,Canada,28,149.56,36.24,754.76,181.64,5236.82
2017.01,Ukraine,29,147.81,39.16,1384.85,145.99,3523.36
2017.01,Israel,30,147.44,36.52,803.96,152.28,4932.17
2017.01,Hong Kong,31,146.09,42.22,2332.31,168.88,1813.17
2017.01,Australia,32,145.16,34.73,519.74,167.55,5579.23
2017.01,Italy,33,141.97,36.38,778.78,160.26,4228.66
2017.01,Slovakia,34,141.34,36.03,718.6,291.46,3774.06
2017.01,Belgium,35,139.61,36.26,758.63,175.18,3914.33
2017.01,United Kingdom,36,130.7,34.6,502.14,164.17,3705.96
2017.01,France,37,129.97,35.81,681.37,128.9,3216.04
2017.01,Ireland,38,129.79,35.01,558.6,152.85,3455.95
2017.01,Netherlands,39,127.73,33.9,414.35,222.17,3430.52
2017.01,Taiwan,40,127.32,32.69,288.63,181.08,4119.38
2017.01,Chile,41,123.57,35.7,664.42,106.95,2678.27
2017.01,Spain,42,121.21,32.63,282.84,147.5,3554.31
2017.01,North Macedonia,43,121.04,33.79,402.3,146.65,3034.07
2017.01,Greece,44,120.69,31.6,200.81,133.09,4017.28
2017.01,Poland,45,120.26,34.55,495.98,112.82,2789.19
2017.01,Vietnam,46,119.5,33,318.01,122.67,3316.8
2017.01,New Zealand,47,115.62,30.23,119.98,141.62,3910.41
2017.01,Portugal,48,114.4,30.44,130.15,113.04,3834.55
2017.01,Hungary,49,113.19,33.09,327.11,111.83,2645.53
2017.01,Finland,50,111.43,34.92,545.9,109.63,1821.53
2017.01,Norway,51,110.98,31.32,181.27,143.06,2941.93
2017.01,Romania,52,108.9,31.97,227.9,111.36,2629.54
2017.01,Belarus,53,108,27.66,41.87,76.87,4238.55
2017.01,South Korea,54,105.46,34.18,448.73,98.08,1615.62
2017.01,Croatia,55,102.55,28.45,57.52,98.74,3201.08
2017.01,Czech Republic,56,102.5,31.98,228.77,82.28,2145.96
2017.01,Slovenia,57,102.04,26.48,29.41,145.81,3370.73
2017.01,Sweden,58,102.03,31.6,200.55,102.1,2131.23
2017.01,Serbia,59,101.94,29.93,106.35,127.7,2539.98
2017.01,Latvia,60,101.68,28.95,70.94,109.35,2899.73
2017.01,Lithuania,61,99.32,28,47.81,101.35,2952.67
2017.01,Germany,62,95.92,30.55,136.17,106.38,1882.46
2017.01,Bulgaria,63,94.9,27.92,46.35,97.17,2531.84
2017.01,Kazakhstan,64,93.84,28.5,58.63,60.72,2488.89
2017.01,Bosnia And Herzegovina,65,89.73,26.63,30.39,60.5,2480.63
2017.01,Cyprus,66,85.34,20.32,20.32,47.62,2873.86
2017.01,Switzerland,67,84.87,28.3,54.05,104.13,1521.57
2017.01,Denmark,68,83.64,28.42,56.68,101.97,1413.53
2017.01,Estonia,69,81.51,26.71,31.04,75.19,1644.57
2017.01,Austria,70,76.94,26.27,28.17,89.43,1289.32
2017.06,Iran,1,232.37,50.17,6475.92,237.53,7450.91
2017.06,Egypt,2,227.31,47.6,4841.13,284.84,8697.2
2017.06,Russia,3,210.54,49.5,6022.85,212.28,4741.39
2017.06,South Africa,4,209.64,43.03,2638.99,240,9949.98
2017.06,India,5,205.31,46.61,4292.37,238.94,6041.91
2017.06,Brazil,6,202.99,46.21,4080.91,242.01,5982.59
2017.06,Turkey,7,199.67,46.16,4057.3,220.85,5617.49
2017.06,Colombia,8,191.43,47.06,4535.14,237.28,3798.06
2017.06,Philippines,9,190.57,43.42,2793.79,224.1,6293
2017.06,Thailand,10,189.76,41.09,1946.17,240.88,7926.45
2017.06,Indonesia,11,181.03,41.73,2158.81,233.04,6017.39
2017.06,Mexico,12,177.92,39.84,1568.6,210.34,7051.7
2017.06,China,13,175.38,43.43,2799.77,178.97,4310.83
2017.06,United Arab Emirates,14,173.84,37.17,929.54,249.47,8169.71
2017.06,Singapore,15,172.24,45.35,3651.84,175.98,2829.14
2017.06,Malaysia,16,164.72,37.06,907.78,175.26,7104.75
2017.06,Pakistan,17,163.3,40.07,1634.99,190.42,4759.7
2017.06,Qatar,18,160.86,34.49,487.61,145.05,8510.24
2017.06,United States,19,157.69,34.78,526.76,208.57,7313.75
2017.06,Argentina,20,155.56,38.89,1314.87,153.43,4627.33
2017.06,Japan,21,154.8,45.2,3578.58,164.31,1366.38
2017.06,Saudi Arabia,22,151.01,34.98,555.31,166.07,6332.58
2017.06,Canada,23,148.66,36,713.2,181.05,5255.75
2017.06,Australia,24,148.45,35.71,666.32,173.95,5436.5
2017.06,Ukraine,25,146.21,38.5,1220.36,140.55,3710.89
2017.06,Ireland,26,144.21,37,896,178.63,4083.6
2017.06,Israel,27,143.56,35.52,635.41,143.48,5020.1
2017.06,Hong Kong,28,140.99,41.33,2025.05,162.53,1755.88
2017.06,Italy,29,139.91,36.21,749.91,162.88,4038.03
2017.06,Taiwan,30,138.42,35.82,683.53,185.41,3949.28
2017.06,New Zealand,31,135.53,33.57,376.73,187.7,4740.75
2017.06,United Kingdom,32,134.87,35.45,625.38,169.27,3769.59
2017.06,Belgium,33,130.43,34.72,517.99,164.52,3615.85
2017.06,Chile,34,130.01,36.1,729.48,114.8,3157.52
2017.06,Slovakia,35,128.73,33.68,389.65,255.47,3519.64
2017.06,Netherlands,36,123.77,32.83,301.41,212.59,3481.55
2017.06,France,37,123.65,34.83,533.17,123.85,2981.58
2017.06,Vietnam,38,120.88,33.12,329.8,128.08,3396.38
2017.06,Poland,39,120.24,34.12,440.99,113,2969.6
2017.06,Greece,40,116.86,31.05,164.22,127.96,3805.44
2017.06,Spain,41,116.71,32.12,239.73,140.27,3279.62
2017.06,Portugal,42,115.79,31.12,168.49,120.47,3686.47
2017.06,Hungary,43,113.8,33.45,364.34,110.78,2574.28
2017.06,Romania,44,111.92,32.49,270.47,110.51,2753.95
2017.06,South Korea,45,111.31,35.96,706.7,107.64,1473.68
2017.06,Norway,46,106.83,30.64,140.94,137.87,2764.27
2017.06,Finland,47,106,33.87,411.37,106.52,1724.49
2017.06,Croatia,48,104.3,29.36,84,99.08,3116.21
2017.06,Czech Republic,49,100.21,31.35,183.44,81.64,2141.5
2017.06,Slovenia,50,99.63,26.51,29.6,140.1,3117.95
2017.06,Serbia,51,99.57,29.26,80.74,120.44,2534.87
2017.06,Sweden,52,99.52,30.2,118.45,101.87,2337.09
2017.06,Bulgaria,53,98.29,29.13,76.48,97.59,2553.13
2017.06,Germany,54,97.02,30.66,141.89,112.23,1923.49
2017.06,Lithuania,55,95.08,27.03,33.92,94.54,2756.3
2017.06,Switzerland,56,87.69,28.87,68.4,105.02,1624.25
2017.06,Denmark,57,82.62,28.6,61.03,96.64,1323.23
2017.06,Austria,58,78.32,27.1,34.61,87.5,1294.58
2018.01,Iran,1,225.84,49.46,5995.69,234.69,6993.82
2018.01,Egypt,2,221.38,46.69,4334.53,279.85,8487.57
2018.01,South Africa,3,211.66,43.26,2728.39,257.95,10021.52
2018.01,India,4,205.7,46.76,4375.6,240.81,5970.97
2018.01,Russia,5,202.23,48.26,5234.44,206.64,4521.6
2018.01,Turkey,6,200.09,46.29,4122,218.74,5596.05
2018.01,Brazil,7,195.8,45.27,3614.13,220.45,5710.44
2018.01,Colombia,8,195.11,48.1,5137.02,231.15,3615.71
2018.01,Philippines,9,194.41,44.24,3140.31,232.63,6221.95
2018.01,Mexico,10,189.49,42.03,2264.35,226.42,7195.8
2018.01,Indonesia,11,188.05,42.75,2528.48,230.16,6375.12
2018.01,Singapore,12,177.62,45.99,3968.09,191.45,3003.1
2018.01,Thailand,13,177.35,39.21,1398.67,223.41,7360.11
2018.01,United Arab Emirates,14,175.42,37.49,994.77,249.5,8207.54
2018.01,Pakistan,15,170.09,41.55,2099.24,207.29,4667.59
2018.01,China,16,168.78,42.55,2453.28,170.78,4049.23
2018.01,Argentina,17,168.54,41.55,2099.24,167.01,4656.99
2018.01,Malaysia,18,166.47,37.6,1016.67,183.73,6960.85
2018.01,Qatar,19,163.1,34.78,527.2,151.03,8660.78
2018.01,United States,20,157.67,34.74,521.51,209.27,7330.96
2018.01,Israel,21,152.71,36.73,842.61,166.99,5480.93
2018.01,Australia,22,150.98,36.32,768.21,176.52,5426.12
2018.01,Japan,23,149.87,44.48,3247.32,158.24,1283.13
2018.01,Canada,24,148.73,36.07,725.01,179.37,5232.68
2018.01,Saudi Arabia,25,148.11,34.01,428.19,158.41,6531.92
2018.01,Ireland,26,146.88,37.47,990.72,178.07,4172.03
2018.01,Ukraine,27,146.69,38.5,1219.66,139.23,3778.55
2018.01,Italy,28,143.38,37.01,896.48,166.5,4036.35
2018.01,Hong Kong,29,141.7,41.26,2001.9,157.57,1860.88
2018.01,New Zealand,30,139.76,34.48,486.36,186.24,4841.53
2018.01,United Kingdom,31,136.12,35.75,672.24,166.69,3785.45
2018.01,Latvia,32,130.43,34.61,503.13,143.89,3770.16
2018.01,Belgium,33,129.06,34.63,506.95,156.91,3526.16
2018.01,Chile,34,128.14,35.07,567.12,114.02,3432.3
2018.01,Taiwan,35,125.04,33.15,332.81,170.95,3669.49
2018.01,France,36,124.48,35.03,561.7,127.4,2966.06
2018.01,South Korea,37,124.42,37.24,941.76,139.01,1998.66
2018.01,Greece,38,120.24,32.16,243.02,127.68,3744.31
2018.01,Netherlands,39,120.03,32.73,292.02,199,3148.05
2018.01,Slovakia,40,119.17,32.17,243.77,231.85,3153.51
2018.01,Poland,41,117.93,33.6,380.64,114.02,2931.68
2018.01,Romania,42,116.96,33.4,358.69,113.68,2911.72
2018.01,Hungary,43,116.53,34.12,441.54,108.35,2599.43
2018.01,Spain,44,116.12,31.42,187.81,135.67,3522.38
2018.01,Belarus,45,115.23,29.09,75.19,105.59,4514.05
2018.01,Portugal,46,113.19,30.28,122.54,119.34,3710.31
2018.01,Vietnam,47,111.38,31.1,167.74,121.04,3171.83
2018.01,Estonia,48,110.35,32.73,292.26,190.6,2183.08
2018.01,Slovenia,49,106.96,27.78,43.85,148.71,3644.04
2018.01,Bulgaria,50,106.93,31.12,168.96,106.17,2757.1
2018.01,Norway,51,106.5,31.04,163.71,136.58,2598.95
2018.01,Croatia,52,104.59,29.55,91,96.88,3098
2018.01,Finland,53,103.9,33.23,341.53,101.73,1772.02
2018.01,Germany,54,102.94,31.25,177.15,125.24,2226.93
2018.01,Serbia,55,101,28.95,70.8,120.94,2770.78
2018.01,Lithuania,56,100.99,28.69,63.45,119.34,2852.43
2018.01,Sweden,57,99.34,30.68,142.86,103.03,2167.73
2018.01,Czech Republic,58,95.53,30.3,123.34,76.03,2061.49
2018.01,Bosnia And Herzegovina,59,90.96,27.48,39.22,67.18,2403.3
2018.01,Switzerland,60,90.82,29.28,81.45,105.62,1783.7
2018.01,Denmark,61,83.56,28.53,59.39,96.68,1405.53
2018.01,Austria,62,78.9,27.02,33.75,82.77,1367.1
2018.06,Iran,1,231.03,50.76,6895.04,240.71,6678.24
2018.06,Egypt,2,224.14,47.1,4561.7,278.96,8611.64
2018.06,Jordan,3,210.91,45.38,3663.61,230.23,8070.92
2018.06,India,4,209.25,47.57,4823.79,242.28,5877.87
2018.06,South Africa,5,206.95,42.44,2413.24,256.49,9874.84
2018.06,Philippines,6,202.2,45.31,3633.9,240.01,6578.96
2018.06,Indonesia,7,199.84,44.77,3377.15,250.26,6583.87
2018.06,Brazil,8,198.55,45.85,3898.13,218.98,5695.8
2018.06,Turkey,9,197.06,45.55,3749.08,217.87,5702.97
2018.06,Russia,10,193.97,46.96,4481.8,194.42,4371.92
2018.06,Colombia,11,193.07,47.41,4736.62,216.29,3860.16
2018.06,Mexico,12,190.54,42.32,2370.58,227.18,7131.95
2018.06,United Arab Emirates,13,187.64,39.84,1567.63,276.27,8387.91
2018.06,Lebanon,14,185.35,39.55,1488.29,201.66,8652.15
2018.06,Pakistan,15,177.59,42.24,2340.97,204.77,5278.69
2018.06,Thailand,16,177.03,39.76,1545.74,216.84,6926.7
2018.06,Argentina,17,169.27,42.15,2308.73,170.11,4358.53
2018.06,Malaysia,18,166.94,37.56,1008.83,188.17,7039.08
2018.06,China,19,166.39,42.7,2510.69,167.38,3677.32
2018.06,Singapore,20,158.26,42.51,2440.12,173.85,2826.29
2018.06,Qatar,21,157.59,34.3,463.06,158.88,7951.91
2018.06,United States,22,154.65,34.17,447.55,204.14,7230.34
2018.06,Australia,23,152.01,36.54,807.61,180.17,5421.89
2018.06,Ukraine,24,151.21,39.58,1496.39,139.4,3738.06
2018.06,Israel,25,150.11,36.19,745.7,161.33,5462.4
2018.06,Canada,26,148.2,35.75,672.05,187.01,5307.39
2018.06,Saudi Arabia,27,142.08,32.65,285.4,159.34,6385.48
2018.06,Italy,28,141.44,36.47,794.96,164.97,4087.42
2018.06,New Zealand,29,138.18,33.57,377.06,175.26,5178.09
2018.06,Belgium,30,137.49,35.71,666.39,161.49,4000.73
2018.06,Ireland,31,136.7,35.73,669.04,165.8,3872.24
2018.06,United Kingdom,32,135.3,35.57,643.41,161.47,3801.46
2018.06,Japan,33,134.23,40.89,1882.05,145.21,1436.75
2018.06,Hong Kong,34,134.03,40.27,1691.28,143.27,1654
2018.06,Chile,35,132.67,36.68,834.75,118.06,3161.16
2018.06,South Korea,36,132.06,37.74,1046.99,139.62,2515.18
2018.06,Latvia,37,131.61,34.48,486.48,147.52,3960.04
2018.06,Romania,38,129.46,35.56,641.78,129.96,3268.32
2018.06,France,39,127.19,35.24,593.16,128.57,3164.59
2018.06,Greece,40,127.17,33.63,383.45,139.6,3862.02
2018.06,Hungary,41,123.56,35.32,605.17,138.84,2689.02
2018.06,Taiwan,42,121.39,32.69,288.22,162.75,3477.37
2018.06,Vietnam,43,121.27,32.79,297.6,142.21,3517.04
2018.06,Spain,44,116.54,31.9,222.25,136.68,3369.21
2018.06,Poland,45,114.88,32.8,298.99,109.06,2953.35
2018.06,Portugal,46,113.74,30.41,128.89,120.87,3719.05
2018.06,Netherlands,47,113.63,31.94,225.41,179.86,2837.23
2018.06,Belarus,48,112.26,29.09,74.98,98.36,4172.34
2018.06,Slovakia,49,112.21,30.91,155.91,211.76,2944.28
2018.06,Croatia,50,108.59,30.68,143.07,101.54,3121.39
2018.06,Slovenia,51,107.88,28.64,62.23,146.48,3510.46
2018.06,North Macedonia,52,107.53,31.24,176.24,126.34,2680.83
2018.06,Iceland,53,105.98,27.37,37.84,145.95,3644.98
2018.06,Bulgaria,54,104.34,30.45,130.78,101.2,2745.38
2018.06,Finland,55,103.52,32.92,310.54,99.54,1848.81
2018.06,Lithuania,56,103.21,29,72.31,117.95,3007.98
2018.06,Germany,57,101.49,30.99,160.54,122.87,2185.11
2018.06,Serbia,58,101.08,29.09,74.96,115.9,2763.39
2018.06,Sweden,59,101.01,30.98,159.93,113.95,2182
2018.06,Norway,60,100.13,29.47,88.02,125.27,2508.63
2018.06,Czech Republic,61,97.45,30.34,125.5,79.96,2205.03
2018.06,Estonia,62,96,29.65,94.67,139.64,2008.1
2018.06,Denmark,63,92.51,30.17,117,117.81,1654.31
2018.06,Cyprus,64,91.03,21.64,21.64,60.72,3243.55
2018.06,Switzerland,65,89.89,29.37,84.42,101.13,1704.03
2018.06,Bosnia And Herzegovina,66,89.69,27.07,34.25,66.58,2363.52
2018.06,Austria,67,84.02,27.53,39.98,108.22,1581.08
2019.01,Egypt,1,236.87,49.17,5807.05,291.84,8913.49
2019.01,Sri Lanka,2,233.57,51.9,7753.05,281.56,5903.18
2019.01,Iran,3,221.53,48.38,5306.47,231.32,7241.9
2019.01,India,4,201.14,45.71,3828.27,235.01,6119.38
2019.01,Jordan,5,199.12,42.43,2408.89,222.13,8594.71
2019.01,South Africa,6,196.65,40.33,1709.46,247.37,9850.16
2019.01,Philippines,7,196.62,44.15,3099.88,243.43,6591.69
2019.01,Turkey,8,195.5,44.77,3378.12,215.11,6075.73
2019.01,Indonesia,9,193.19,42.93,2598.1,249.49,6971.18
2019.01,Russia,10,188.73,46,3975.77,192.17,4331.5
2019.01,Brazil,11,186.41,43.37,2772.67,207.77,5772.19
2019.01,Colombia,12,182.8,45.06,3511.2,197.03,4153.8
2019.01,Thailand,13,178.43,39.4,1447.44,226.43,7385.83
2019.01,United Arab Emirates,14,176.95,37.46,987.59,259.31,8457.1
2019.01,Lebanon,15,176.09,37.36,966.3,200.86,8737.07
2019.01,Argentina,16,175.61,43.04,2642.39,190.99,4535.53
2019.01,Mexico,17,175.22,39.08,1365.36,208.75,7180.92
2019.01,Panama,18,166.66,36.48,796.29,182.13,7826.65
2019.01,China,19,165.27,42.46,2419.16,169.12,3675.44
2019.01,Pakistan,20,163.23,38.63,1251.56,185.54,5715.47
2019.01,Kuwait,21,161.48,34.82,532.44,183.91,8104.67
2019.01,Malaysia,22,159.4,35.25,594.48,175.03,7488.77
2019.01,Singapore,23,154.36,42.15,2306.35,165.18,2635.37
2019.01,Israel,24,150.55,36.32,768.08,164.69,5430.17
2019.01,United States,25,149.66,32.87,305.42,199.84,7254.78
2019.01,Qatar,26,147.86,31.71,208.3,155.43,7965.31
2019.01,Australia,27,146.93,35.29,600.16,174.22,5467.89
2019.01,South Korea,28,145.57,40.02,1618.91,153.22,2802.76
2019.01,Ukraine,29,140.7,37.36,967.02,125.35,3727.01
2019.01,Canada,30,140.03,33.77,399.42,175.39,5334
2019.01,Ireland,31,139.08,35.85,687.61,166.27,4111.63
2019.01,Hong Kong,32,137.47,41,1916.59,145.78,1650.02
2019.01,Belgium,33,136.15,34.86,537.96,160.68,4279.41
2019.01,Chile,34,136,36.79,854.71,120.66,3479.48
2019.01,Italy,35,135.37,34.69,514.52,156.98,4286.32
2019.01,Saudi Arabia,36,135.35,29.61,93.13,157.42,6979.84
2019.01,Japan,37,134.54,40.03,1622.13,141.63,1792.28
2019.01,United Kingdom,38,133.25,34.62,505.32,161.45,4025.59
2019.01,New Zealand,39,129.21,31.19,172.87,161.61,5207.49
2019.01,France,40,128.21,35.27,596.62,129.13,3266.3
2019.01,Romania,41,126.84,34.36,470.73,128.03,3537.39
2019.01,Greece,42,124.32,32.2,245.9,139.33,4177.56
2019.01,Hungary,43,123.85,35.17,581.8,130.57,2823.4
2019.01,Latvia,44,120.01,31.45,189.92,124.73,4046.96
2019.01,Georgia,45,116.99,34.34,468.79,142.4,2407.37
2019.01,Oman,46,115.93,21.51,21.51,246.5,5487.2
2019.01,Taiwan,47,112.45,30.9,155.2,135.76,3299.82
2019.01,Poland,48,112.3,32.15,242.26,102.03,2968.09
2019.01,Portugal,49,109.89,29.02,72.77,117.93,3780.29
2019.01,Belarus,50,109.79,28.78,65.85,92.89,4002.28
2019.01,Kazakhstan,51,109.17,29.75,98.84,88.3,3609.22
2019.01,Spain,52,108.12,29.42,86.18,123.49,3399.99
2019.01,Netherlands,53,107.4,29.87,103.74,176.67,2921.87
2019.01,Croatia,54,105.79,29.11,75.74,104.24,3337.56
2019.01,Vietnam,55,105.18,28.33,54.72,109.43,3479.98
2019.01,Slovakia,56,104.58,29.58,92.17,191.57,2658.3
2019.01,Serbia,57,103.55,29.74,98.42,113.47,2834.61
2019.01,Sweden,58,101.79,30.29,123,131.76,2394.14
2019.01,Lithuania,59,99.6,27.15,35.17,93.13,3234.62
2019.01,Bulgaria,60,98.58,28.79,66.14,88.72,2729.49
2019.01,Germany,61,98.09,29.91,105.71,114.59,2226.46
2019.01,Slovenia,62,97.65,24.81,24.81,132,3177.34
2019.01,North Macedonia,63,96.09,27.94,46.62,102.06,2623.36
2019.01,Czech Republic,64,94.93,30.02,110.22,75.95,2088.68
2019.01,Norway,65,94.54,27.12,34.86,115.65,2576.96
2019.01,Finland,66,94.01,30.41,128.6,83.28,1860.6
2019.01,Iceland,67,92.95,19.74,19.74,74.23,3618.09
2019.01,Bosnia And Herzegovina,68,92.76,26.43,29.05,69.82,2765.78
2019.01,Switzerland,69,90.28,29.05,73.9,98.73,1822.8
2019.01,Cyprus,70,90.08,20.27,20.27,60.39,3310.09
2019.01,Denmark,71,87.1,28.51,58.95,110.57,1631.47
2019.01,Estonia,72,83.54,25.75,26.2,117.32,1751.07
2019.01,Austria,73,78.08,25.15,25.16,73.47,1547.64
2019.06,Kenya,1,270.43,56.11,11483.39,281.01,8171.74
2019.06,Sri Lanka,2,265.13,55.54,10923.47,327.03,7568.75
2019.06,Bangladesh,3,256.16,57.08,12481.83,326.44,4801.11
2019.06,Egypt,4,231.27,48.28,5247.03,283.08,8784.52
2019.06,Iran,5,219.2,48.02,5087.16,236.02,7140.27
2019.06,Peru,6,218.3,49.16,5798.3,264.82,5886.55
2019.06,Jordan,7,205.6,43.54,2843.44,236.64,8714.49
2019.06,India,8,203.36,46.21,4083.89,238.18,6053.65
2019.06,Indonesia,9,197.36,43.46,2811.73,245.91,7256.48
2019.06,Turkey,10,194.07,44.45,3233.56,214.14,6102.23
2019.06,South Africa,11,194.04,39.88,1578.27,242.28,9775.59
2019.06,Philippines,12,193.59,43.87,2982.27,239.79,6340.38
2019.06,Colombia,13,185.22,45.28,3617.89,196.12,4328.01
2019.06,Russia,14,185.06,45.25,3603.77,187.5,4366.92
2019.06,Brazil,15,180.29,42.31,2363.93,203.8,5638.01
2019.06,United Arab Emirates,16,174.83,37.17,929.65,260.33,8285.63
2019.06,Panama,17,173.72,37.33,960.26,204.98,8297.7
2019.06,Thailand,18,172.2,38.45,1208.78,215.79,7105.4
2019.06,Lebanon,19,169.81,36.13,735.8,193.42,8582.68
2019.06,Argentina,20,169.39,42.09,2285.64,183.74,4347.48
2019.06,Mexico,21,169.29,38.15,1139.6,201.36,6919.68
2019.06,Malaysia,22,165.94,36.55,809.98,181.17,7650.81
2019.06,Pakistan,23,160.79,37.99,1102.63,181.13,5796.08
2019.06,Kuwait,24,160.42,34.73,520.63,188.78,7943.59
2019.06,China,25,160.3,41.64,2127.21,170.79,3537.52
2019.06,Ecuador,26,160.26,38.18,1145.31,147.99,5787.74
2019.06,Australia,27,150.76,35.66,658.37,191.23,5716.85
2019.06,Singapore,28,150.28,41.3,2013,156.7,2662.19
2019.06,Uruguay,29,149.59,40.37,1720.7,157.03,3048.24
2019.06,United States,30,148.54,32.66,285.48,198.77,7206.6
2019.06,Israel,31,146.37,35.43,621.15,159.46,5385.79
2019.06,Ukraine,32,146.29,38.44,1207.07,134.41,3783.21
2019.06,Qatar,33,144.78,31.14,169.74,148.95,7816.84
2019.06,South Korea,34,144.46,39.6,1502.3,155.33,2876.42
2019.06,Ireland,35,142.76,36.53,805.61,170.21,4199.1
2019.06,Morocco,36,139.61,36.83,862.11,151.43,3734.68
2019.06,Canada,37,139.58,33.63,383.95,177.92,5331.57
2019.06,Hong Kong,38,137.64,41.09,1945.79,145.39,1630.56
2019.06,Belgium,39,136.97,34.61,503.32,165.98,4494.65
2019.06,Italy,40,136.61,34.87,539.32,164.18,4316.38
2019.06,United Kingdom,41,134.43,34.75,522.9,162.66,4103.05
2019.06,Saudi Arabia,42,134.14,29.14,76.75,167.18,6940.62
2019.06,Romania,43,131.04,34.84,534.52,138.25,3761.07
2019.06,Georgia,44,130.45,36.55,809.11,157.27,2800.18
2019.06,Greece,45,130.4,33.36,354.97,143.16,4386.86
2019.06,Chile,46,128.96,35.55,640.59,115.79,3287.47
2019.06,Japan,47,128.36,38.64,1254.93,137.84,1810.32
2019.06,New Zealand,48,126.87,30.72,145.03,158.22,5117.51
2019.06,Hungary,49,125.5,35.83,684.85,133.25,2699.49
2019.06,France,50,124.47,34.55,496.16,126.62,3179.46
2019.06,Latvia,51,115.99,31.07,165.66,116.39,3752.9
2019.06,Taiwan,52,115.72,32.03,232.28,139.44,3208.16
2019.06,Oman,53,114.59,21.1,21.1,237.11,5401.85
2019.06,Kazakhstan,54,111.9,31.64,203.59,86.25,3215.05
2019.06,Portugal,55,110.87,29.2,78.8,117.92,3835.86
2019.06,Poland,56,110.68,31.68,206.36,100.7,2981.48
2019.06,Belarus,57,110.68,30.29,122.82,90.43,3576.27
2019.06,Vietnam,58,108.31,29.65,94.71,117.46,3374.5
2019.06,Spain,59,107.44,29.3,82.03,125.36,3351.17
2019.06,Croatia,60,107.33,29.88,104.43,108.16,3229.03
2019.06,Serbia,61,106.51,30.2,118.37,120.06,2967.74
2019.06,Netherlands,62,102.96,29.42,86.09,163.79,2649.4
2019.06,Slovenia,63,102.96,26.7,30.93,152,3407.38
2019.06,Sweden,64,101.88,30.04,110.99,136.34,2463.38
2019.06,Slovakia,65,100.39,28.42,56.76,182.81,2592.62
2019.06,Germany,66,99.75,30.39,127.73,112.56,2251.16
2019.06,Bulgaria,67,98.72,28.99,71.96,89.18,2683.74
2019.06,North Macedonia,68,98.45,28.98,71.7,107.97,2561.76
2019.06,Cyprus,69,97.1,21.06,21.06,93.56,3817.02
2019.06,Lithuania,70,96.85,26.34,28.55,88.48,3109.06
2019.06,Finland,71,95.2,30.62,139.77,81.21,1913.75
2019.06,Norway,72,93.83,27.24,36.25,113.89,2489.13
2019.06,Switzerland,73,93.38,29.12,75.92,101.4,2068.61
2019.06,Czech Republic,74,93.17,29.74,98.64,75.16,2009.14
2019.06,Iceland,75,93.02,19.49,19.49,79.82,3621.54
2019.06,Bosnia And Herzegovina,76,93,26.8,31.77,70.54,2720.95
2019.06,Denmark,77,89.32,29.6,92.81,119.3,1534.29
2019.06,Estonia,78,84.85,25.49,25.64,109.49,1920.94
2019.06,Austria,79,79.25,25.41,25.5,73.71,1616.4
2020.01,Nigeria,1,308.03,61.08,17169.05,521.62,8664.11
2020.01,Sri Lanka,2,293.36,59.01,14627.68,495.15,8308.2
2020.01,Kenya,3,274.71,56.65,12039.3,290.75,8332.78
2020.01,Bangladesh,4,255.21,56.73,12120.25,320.18,4969.07
2020.01,Egypt,5,240.72,49.78,6207.28,295,9021.61
2020.01,Iran,6,220.43,48.01,5086.37,240.39,7325.43
2020.01,Peru,7,214.86,48.33,5274.72,263.59,6032.61
2020.01,India,8,207.52,46.99,4499.49,243.01,6062.42
2020.01,Philippines,9,198.84,44.63,3314.83,248.96,6538.48
2020.01,Colombia,10,198.41,47.49,4781.38,213.61,4509.33
2020.01,Jordan,11,196.77,42.03,2263.9,222.67,8507.33
2020.01,Turkey,12,195.21,44.65,3322.85,213.33,6133.12
2020.01,Indonesia,13,194.61,43.11,2670.23,244.32,7087.87
2020.01,South Africa,14,192.03,39.43,1456.58,243.28,9768.47
2020.01,Russia,15,186.58,45.3,3629.46,197.02,4488.22
2020.01,Lebanon,16,177.71,37.38,972.28,197.27,9044.34
2020.01,Mexico,17,177.05,39.39,1445.66,244.77,7054.06
2020.01,Brazil,18,176.71,41.7,2148.37,201.35,5545.94
2020.01,Argentina,19,173.16,43.08,2658.68,185.34,4212.8
2020.01,United Arab Emirates,20,173.12,36.85,865.76,256.25,8251.19
2020.01,Thailand,21,170.6,38.23,1156.49,211.31,7026.57
2020.01,Malaysia,22,169.14,37.03,901,189.81,7800.49
2020.01,Panama,23,168.93,36.48,797.19,199.57,8116.68
2020.01,Pakistan,24,163.76,38.56,1234.86,187.73,5830.96
2020.01,China,25,161.88,41.81,2188.41,175.22,3605.88
2020.01,Kuwait,26,158.89,34.44,481.38,187.16,7891.12
2020.01,Ecuador,27,158.24,37.55,1006.27,145.76,5912.67
2020.01,United States,28,151.18,32.89,307.3,236.15,7291.28
2020.01,Uruguay,29,151.17,39.89,1582.88,156.55,3478.87
2020.01,Israel,30,149.78,35.91,698.68,163.28,5573.94
2020.01,Ireland,31,148.67,37.68,1034.08,175.21,4303.28
2020.01,Singapore,32,148.61,41.31,2016.11,150.58,2512.97
2020.01,Ukraine,33,147.92,38.65,1257.31,135.5,3865.09
2020.01,Australia,34,146.52,34.73,520.25,201.3,5593.02
2020.01,Belgium,35,145.28,36.15,738.21,187.86,4658.45
2020.01,South Korea,36,142.96,39.57,1494.2,152.02,2745.98
2020.01,Canada,37,140.47,33.87,411.67,176.12,5333.48
2020.01,Hong Kong,38,139.51,41.46,2067.98,145.73,1640.09
2020.01,Qatar,39,137.98,29.72,97.52,141.84,7477.62
2020.01,Morocco,40,137.39,36.89,873.53,148,3455.6
2020.01,Italy,41,134.36,34.42,479.39,156.98,4291.28
2020.01,Greece,42,133.93,33.84,407.41,145.34,4603.84
2020.01,United Kingdom,43,133.87,34.53,493.24,162.59,4144.54
2020.01,Saudi Arabia,44,132.59,28.61,61.37,167.95,6920.8
2020.01,Japan,45,130.83,39.15,1382.26,143.52,1808.27
2020.01,Romania,46,129.94,34.75,522.55,136.86,3675.95
2020.01,Chile,47,129.4,35.44,623.58,116.44,3386.98
2020.01,New Zealand,48,128.7,31.1,167.56,162.33,5171.43
2020.01,Hungary,49,126.14,35.78,676.49,132.5,2792.38
2020.01,Georgia,50,125.73,36.02,716.7,150.57,2567.36
2020.01,France,51,125.06,34.76,523.78,128.67,3143.79
2020.01,Latvia,52,123.88,32.89,307.6,132.01,3839.23
2020.01,Luxembourg,53,123.35,32.55,276.29,125.11,3967.79
2020.01,Oman,54,121.55,22.8,22.8,294.46,5899.88
2020.01,Portugal,55,113.51,30,109.26,124.46,3832.56
2020.01,Taiwan,56,113.45,31.93,224.98,133.94,3018.95
2020.01,Kazakhstan,57,112.99,31.08,166.25,88.66,3551.84
2020.01,Belarus,58,112.84,30.68,142.84,105.46,3592.87
2020.01,Poland,59,111.28,31.72,208.91,102.31,3024.42
2020.01,Vietnam,60,111.12,30.17,117.12,119.84,3502.26
2020.01,Cyprus,61,109.3,23.95,23.95,156.25,4618.1
2020.01,Serbia,62,107.99,30.43,129.68,120.38,3047.37
2020.01,Spain,63,105.67,29.1,75.47,121.64,3232.31
2020.01,Croatia,64,104.31,29.11,75.66,105.54,3161.51
2020.01,Germany,65,104.24,30.98,160.31,126.19,2436.56
2020.01,Sweden,66,103.64,30.49,132.9,146.97,2450.03
2020.01,Slovenia,67,103.55,27.3,36.92,150.04,3355.82
2020.01,Netherlands,68,102.85,29.43,86.67,177.21,2580.52
2020.01,Bulgaria,69,102.44,29.39,85.3,92.35,2937.43
2020.01,Slovakia,70,102.06,29.11,75.66,176.9,2596.61
2020.01,Lithuania,71,95.75,26.08,27.3,84.77,3051.4
2020.01,Switzerland,72,94.13,29.09,75.06,103.83,2133.17
2020.01,North Macedonia,73,93.8,27.61,41.24,102.21,2465.61
2020.01,Finland,74,93.17,29.9,105.18,80.2,1940.83
2020.01,Bosnia And Herzegovina,75,92.47,26.67,30.68,71.91,2682.12
2020.01,Iceland,76,92.18,20.1,20.1,82.59,3422.39
2020.01,Czech Republic,77,92.08,29.65,94.93,73.39,1946.51
2020.01,Norway,78,91.37,26.99,33.51,112.47,2302.48
2020.01,Denmark,79,86.6,28.85,67.88,114.58,1506.2
2020.01,Estonia,80,85.28,24.53,24.53,104.67,2076.37
2020.01,Austria,81,81.76,26.27,28.2,77.57,1711.44
2020.06,Nigeria,1,311.39,62.14,18559.85,453.13,8415.89
2020.06,Kenya,2,277.72,56.96,12360.47,295.87,8534.6
2020.06,Sri Lanka,3,274.01,56.95,12348.9,391.11,7423.59
2020.06,Bangladesh,4,271.69,59.01,14623.52,342.23,5365.79
2020.06,Egypt,5,237.95,49.34,5917.26,293.16,8942.55
2020.06,Iran,6,216.09,47.44,4754.07,237.94,7101.78
2020.06,Peru,7,215.46,48.81,5575.76,262.8,5740.19
2020.06,India,8,206.74,46.83,4410.87,244.69,6061.95
2020.06,Philippines,9,198.33,44.6,3299.1,246.25,6497.08
2020.06,Colombia,10,196.41,47.16,4590.49,208.86,4495.87
2020.06,Turkey,11,195.99,44.86,3420.48,216.15,6075.65
2020.06,Indonesia,12,195.8,43.37,2774.67,242.28,7087.98
2020.06,Jordan,13,192.91,41.69,2146.52,220.89,8105.04
2020.06,South Africa,14,191.72,39.42,1451.93,244.02,9718.24
2020.06,Lebanon,15,184.61,38.59,1243.01,210.53,9264.06
2020.06,Russia,16,184.38,45,3484.29,194.02,4412.3
2020.06,Brazil,17,177.06,41.63,2125.23,210.66,5596.92
2020.06,Mexico,18,176.55,39.2,1396.1,243.68,7118.26
2020.06,Argentina,19,172.79,42.99,2622.95,185.21,4221.8
2020.06,Thailand,20,172,38.54,1229.47,217.07,6999.53
2020.06,United Arab Emirates,21,170.89,36.63,824.6,251.26,8045.74
2020.06,Panama,22,169.51,37.11,916.54,195.93,7766.98
2020.06,Malaysia,23,169.33,37.11,917.21,189.17,7775.2
2020.06,Azerbaijan,24,162.23,39.99,1610.39,214.81,4549.86
2020.06,China,25,160.05,41.44,2061.99,178.07,3582.4
2020.06,Puerto Rico,26,160.03,34.16,445.72,170.83,8407.05
2020.06,Pakistan,27,159.85,37.77,1052.81,187.52,5767.02
2020.06,Kuwait,28,156.59,33.98,424.26,184.72,7817.81
2020.06,Ecuador,29,155.87,37.11,916,143.48,5855.32
2020.06,Venezuela,30,155.42,34.97,553.77,205.3,6821.17
2020.06,United States,31,152.2,33.02,319.76,245.11,7335.25
2020.06,Ireland,32,150.41,38.07,1119.33,174.42,4314.44
2020.06,Israel,33,150.29,36.08,727.55,162.8,5545.66
2020.06,Australia,34,148.25,35,557.87,204.01,5677.11
2020.06,Singapore,35,147.77,41.18,1975.27,149.12,2492.99
2020.06,Belgium,36,146.77,36.43,787.52,190.28,4690.32
2020.06,Ukraine,37,145.84,38.32,1177.82,134,3797.97
2020.06,South Korea,38,144.69,39.86,1572.68,153.42,2787.06
2020.06,Hong Kong,39,144.57,42.41,2402.52,147.73,1680.37
2020.06,Qatar,40,142.23,30.49,132.93,155.41,7699
2020.06,Canada,41,140.45,33.84,408.08,176,5349.58
2020.06,Uruguay,42,139.31,37.74,1046.47,148.98,3251.66
2020.06,Italy,43,133.82,34.3,463.19,157.83,4282.61
2020.06,United Kingdom,44,133.37,34.51,490.48,159.99,4103.92
2020.06,Greece,45,132.79,33.71,392.27,144.16,4524.92
2020.06,Japan,46,132.05,39.41,1449.65,144.67,1809.96
2020.06,Morocco,47,131.94,36.04,719.7,149.11,3233.43
2020.06,Saudi Arabia,48,131.67,28.45,57.35,164.24,6861.09
2020.06,Romania,49,129.76,34.75,522.67,135.87,3659.78
2020.06,Kazakhstan,50,128.42,33.72,393.82,134.14,4004.28
2020.06,Chile,51,128.07,35.16,581.66,115.3,3369.6
2020.06,New Zealand,52,127.5,30.81,150.39,163.1,5133.74
2020.06,Hungary,53,127.14,35.91,698.08,132.6,2839.88
2020.06,France,54,126.99,35.04,562.96,128.84,3234.72
2020.06,Georgia,55,123.28,35.4,617.53,148.05,2586.31
2020.06,Oman,56,121.46,22.82,22.82,286.43,5919.71
2020.06,Luxembourg,57,121.21,32.24,249.84,121.03,3864
2020.06,Latvia,58,116.67,31.56,197.96,126,3577.36
2020.06,Poland,59,114.94,32.16,242.86,113.3,3197.93
2020.06,Portugal,60,113.62,30.13,115.11,123.61,3800.9
2020.06,Taiwan,61,111.43,31.51,194.6,128.05,2986.12
2020.06,Serbia,62,110.26,31.02,162.48,124.17,3064.17
2020.06,Vietnam,63,110.26,29.85,102.9,118.61,3525.78
2020.06,Belarus,64,109.39,30.21,119.28,101.28,3386.58
2020.06,Cyprus,65,108.24,23.6,23.6,153.97,4539.05
2020.06,Spain,66,107.31,29.38,84.69,129.94,3286.79
2020.06,Germany,67,106.2,31.4,187.03,130.7,2468.91
2020.06,Slovenia,68,103.38,27.16,35.23,145.37,3391.14
2020.06,Sweden,69,103.37,30.29,122.7,144.44,2498.44
2020.06,Bulgaria,70,103.15,29.45,87.18,95.1,2982.54
2020.06,Slovakia,71,101.44,28.57,60.46,173.28,2696.19
2020.06,Croatia,72,100.73,28.14,50.66,102.57,3062.74
2020.06,Netherlands,73,96.74,28.15,50.8,166.94,2356.52
2020.06,Lithuania,74,94.44,25.65,25.96,82.73,2980.5
2020.06,Switzerland,75,93.85,28.93,70.17,102.64,2154.34
2020.06,North Macedonia,76,93.8,27.61,41.24,102.21,2465.61
2020.06,Czech Republic,77,92.7,29.71,97.06,74.85,1979.36
2020.06,Iceland,78,91.18,20.1,20.1,81.32,3315.44
2020.06,Finland,79,90.83,29.41,85.98,78.46,1873.92
2020.06,Norway,80,90.83,26.62,30.32,111.33,2318.69
2020.06,Bosnia And Herzegovina,81,89.98,25.92,26.7,69.51,2556.48
2020.06,Denmark,82,87.98,28.93,70.12,124.89,1560.9
2020.06,Estonia,83,85.67,24.59,24.59,102.37,2116.08
2020.06,Austria,84,80.52,25.79,26.32,75.1,1675.06
2021.01,Nigeria,1,307.64,61.68,17955.19,448.49,8241.79
2021.01,Costa Rica,2,300.05,60.19,16038.08,331.48,9028.5
2021.01,Kenya,3,279.68,57.39,12812.44,297.59,8435.81
2021.01,Sri Lanka,4,275.54,57.2,12613.58,388.58,7451.12
2021.01,Bangladesh,5,267.69,58.53,14076.84,334.86,5214.41
2021.01,Egypt,6,235.77,49.08,5749.09,289.84,8805.13
2021.01,Iran,7,216.49,47.43,4747.57,237.43,7181.43
2021.01,Peru,8,215.46,48.81,5575.76,262.8,5740.19
2021.01,India,9,205.6,46.66,4318.35,243.43,6026.45
2021.01,Colombia,10,197.58,47.34,4695.91,210.45,4516.44
2021.01,Indonesia,11,195.94,43.4,2785.18,241.56,7092.97
2021.01,Philippines,12,195.17,44.04,3055.16,244.47,6434.4
2021.01,Turkey,13,194.16,44.64,3318.21,214.57,5970.15
2021.01,Jordan,14,191.33,41.41,2049.84,219.74,8068.39
2021.01,South Africa,15,191.01,39.3,1420.28,242.59,9692.54
2021.01,Lebanon,16,187.34,39.06,1358.04,217.01,9351.55
2021.01,Russia,17,181.79,44.6,3299.61,191.19,4345.51
2021.01,Brazil,18,177.38,41.71,2153.85,210.18,5588.98
2021.01,Thailand,19,175.64,39.19,1391.81,225.39,7077.52
2021.01,Mexico,20,175.45,39.02,1349.82,241.87,7078.55
2021.01,Ecuador,21,172.53,39.57,1494.11,185.12,6512.04
2021.01,Argentina,22,172.5,43.16,2689.54,184.53,4082.35
2021.01,Panama,23,170.81,37.55,1007.53,195.69,7660.43
2021.01,United Arab Emirates,24,169.15,36.31,766.25,249.08,7989.41
2021.01,Malaysia,25,168.6,37,895.06,188.26,7737
2021.01,Pakistan,26,160.63,37.8,1059.58,194.4,5828.39
2021.01,Puerto Rico,27,160.03,34.16,445.72,170.83,8407.05
2021.01,Azerbaijan,28,158.72,39.41,1449.76,212.41,4444.05
2021.01,China,29,156.43,40.89,1880.63,175.26,3474.18
2021.01,Kuwait,30,155.24,33.72,393.62,183.23,7770.68
2021.01,Venezuela,31,153.06,34.95,550.43,203.64,6460.15
2021.01,United States,32,151.51,32.89,307.41,242.9,7310.31
2021.01,Australia,33,148.89,35.04,563.35,207.94,5729.59
2021.01,Israel,34,148.49,35.76,673.71,161.43,5486.37
2021.01,Ireland,35,148.45,37.7,1038.67,172.66,4274.89
2021.01,Singapore,36,147.46,41.19,1979.54,148.09,2460.85
2021.01,Belgium,37,145.93,36.24,753.89,187.94,4696.13
2021.01,South Korea,38,144.46,39.88,1580.95,152.35,2753.41
2021.01,Hong Kong,39,143.93,42.28,2353.36,150.75,1669.75
2021.01,Ukraine,40,143.41,37.9,1083.31,133.15,3728.03
2021.01,Qatar,41,142.05,30.45,131.04,154.98,7691.89
2021.01,Canada,42,139.93,33.72,394.03,176.31,5341.16
2021.01,Uruguay,43,139.31,37.74,1046.47,148.98,3251.66
2021.01,Morocco,44,134.7,36.3,764.37,150.64,3419.85
2021.01,Japan,45,133.7,39.85,1571.52,149.27,1763.38
2021.01,Greece,46,133.41,33.94,418.93,143.44,4493.38
2021.01,Italy,47,133.21,34.17,446.76,160.4,4256.55
2021.01,United Kingdom,48,132.69,34.44,480.82,158.89,4060.22
2021.01,Saudi Arabia,49,131.66,28.45,57.3,163.51,6864.92
2021.01,Chile,50,129.18,35.56,641.42,114.61,3317.09
2021.01,Kazakhstan,51,128.37,33.64,384.56,133.59,4040.36
2021.01,New Zealand,52,126.95,30.7,144.26,161.91,5114.57
2021.01,Romania,53,126.7,34.13,442.35,133.82,3596.18
2021.01,Hungary,54,126.6,35.81,682.05,131.65,2829.92
2021.01,France,55,124.26,34.53,492.62,126.8,3167.56
2021.01,Georgia,56,123.22,35.4,617.53,146.73,2586.31
2021.01,Oman,57,121.91,23.02,23.02,280.88,5980.41
2021.01,Luxembourg,58,119.65,31.83,217.51,118.46,3867
2021.01,Latvia,59,115.08,31.16,171.15,124.35,3562.95
2021.01,Portugal,60,111.51,29.64,94.45,120.83,3740.54
2021.01,Serbia,61,111.28,31.1,167.36,123.53,3150.67
2021.01,Taiwan,62,110.36,31.28,178.98,127.05,2962.31
2021.01,Vietnam,63,109.43,29.61,93.39,117.9,3515.84
2021.01,Poland,64,109.27,31.34,183.07,99.73,2960.04
2021.01,Belarus,65,108.3,30.05,111.8,97.82,3339.24
2021.01,Spain,66,107.27,29.38,84.84,129.56,3282.42
2021.01,Cyprus,67,106.83,23.44,23.44,148.93,4401.68
2021.01,Germany,68,105.63,31.36,184.01,129.2,2434.52
2021.01,Bulgaria,69,102.65,29.39,85.12,93.8,2953.93
2021.01,Slovenia,70,102.11,26.79,31.62,143.57,3331.18
2021.01,Sweden,71,101.57,29.89,104.7,139.47,2464.22
2021.01,Croatia,72,100.69,28.13,50.36,102.33,3063.78
2021.01,Slovakia,73,98.81,27.81,44.47,168.92,2634.37
2021.01,Netherlands,74,97.47,27.81,44.37,166.3,2510.27
2021.01,Lithuania,75,94.17,25.67,26,82.17,2953.03
2021.01,Norway,76,93.27,26.87,32.31,122.96,2463.64
2021.01,Switzerland,77,92.58,28.73,64.62,101.22,2093.01
2021.01,North Macedonia,78,92.52,27.22,36.01,101.38,2423.1
2021.01,Czech Republic,79,92.47,29.72,97.58,74.36,1957.73
2021.01,Iceland,80,90.18,19.98,19.98,80.12,3224.06
2021.01,Bosnia And Herzegovina,81,89.54,25.89,26.62,68.59,2521.34
2021.01,Finland,82,88.82,28.96,70.99,77.25,1819.11
2021.01,Denmark,83,88.56,28.69,63.41,122.67,1667.45
2021.01,Estonia,84,86.13,24.72,24.72,100.43,2154.17
2021.01,Austria,85,80.11,25.68,26.02,74.66,1655.35
2021.06,Nigeria,1,307.47,61.97,18343.66,442.45,7925.7
2021.06,Costa Rica,2,300.05,60.19,16038.08,331.48,9028.5
2021.06,Sri Lanka,3,272.63,56.74,12133.39,384.58,7417.02
2021.06,Kenya,4,271.87,56.39,11766.17,288.32,8106.21
2021.06,Bangladesh,5,258.31,57.12,12527.4,327.54,5065.06
2021.06,Egypt,6,235.07,48.99,5687.3,288.35,8777.38
2021.06,Peru,7,216.44,49.11,5767.27,261.57,5656.48
2021.06,Iran,8,215.39,47.25,4645.14,235.79,7161.07
2021.06,India,9,205.21,46.61,4293.52,242.8,6005.35
2021.06,Colombia,10,198.24,47.33,4691.64,210.94,4608.85
2021.06,Indonesia,11,195.5,43.28,2737.93,240.79,7119.87
2021.06,Philippines,12,192.88,43.65,2890.32,243.2,6379.59
2021.06,Jordan,13,192.83,41.66,2134.48,219.08,8130.73
2021.06,Turkey,14,191.94,44.25,3143,212.17,5939.33
2021.06,South Africa,15,191.55,39.39,1444.39,242.81,9718.01
2021.06,Lebanon,16,184.36,38.53,1228.56,214.42,9241.1
2021.06,Russia,17,181.39,44.53,3268.98,190.21,4341.94
2021.06,Thailand,18,178.84,39.76,1545.41,229.1,7162.56
2021.06,Mexico,19,176.1,39.22,1400.31,241.01,7044.33
2021.06,Brazil,20,175.56,41.39,2042.97,208.07,5556.94
2021.06,Ecuador,21,171.01,39.28,1416.1,183.51,6488.2
2021.06,Argentina,22,169.84,42.6,2471.5,183.25,4095.17
2021.06,Malaysia,23,169.71,37.21,935.79,188.99,7772.73
2021.06,United Arab Emirates,24,168.78,36.23,753.33,248.4,7981.74
2021.06,Panama,25,168.17,37.07,908.84,194.1,7572.7
2021.06,Pakistan,26,163.84,38.31,1175.56,197.03,5960.32
2021.06,Azerbaijan,27,163.74,40.01,1616.97,213.24,4748.98
2021.06,Puerto Rico,28,160.03,34.16,445.72,170.83,8407.05
2021.06,China,29,154.61,40.56,1780.37,173.61,3442.37
2021.06,Kuwait,30,152.73,33.22,339.85,180.54,7681.56
2021.06,Venezuela,31,152.02,34.7,515.9,201.67,6464.9
2021.06,United States,32,151.34,32.87,305.04,242.07,7301.07
2021.06,Ireland,33,150.49,38.1,1127.74,174.46,4303.37
2021.06,Belgium,34,149.16,36.82,861.24,193.3,4772.49
2021.06,Israel,35,147.71,35.59,645.94,160.57,5481.93
2021.06,Australia,36,147.71,34.81,530.45,206.41,5701.5
2021.06,Singapore,37,147.6,41.23,1991.79,147.48,2459.25
2021.06,South Korea,38,146.1,40.22,1676.71,152.4,2766.2
2021.06,Hong Kong,39,145.69,42.72,2519.14,150.14,1641.8
2021.06,Ukraine,40,142.87,37.83,1067.16,132.16,3706.2
2021.06,Qatar,41,142.05,30.45,131.04,154.98,7691.89
2021.06,Canada,42,139.81,33.69,390.42,177.04,5337.14
2021.06,Uruguay,43,137.31,37.31,957.96,147.78,3235.89
2021.06,Morocco,44,134.7,36.3,764.37,150.64,3419.85
2021.06,Greece,45,134.06,33.95,421.17,143.57,4569.95
2021.06,Japan,46,134.01,39.96,1601.39,148.4,1752.17
2021.06,Kazakhstan,47,133.74,34.79,527.63,149.76,4064.2
2021.06,Italy,48,132.76,34.04,431.56,160.1,4262.63
2021.06,United Kingdom,49,132.6,34.4,476.8,158.84,4065.52
2021.06,Chile,50,131.8,36.18,743.75,115,3320.59
2021.06,Saudi Arabia,51,131.58,28.39,56.09,163.73,6872.21
2021.06,New Zealand,52,127.25,30.72,145.24,161.39,5151.65
2021.06,Hungary,53,126.99,35.87,692.22,131.47,2845.36
2021.06,Romania,54,125.8,33.97,422.46,132.96,3570.56
2021.06,France,55,125.7,34.79,528.72,130.92,3189
2021.06,Georgia,56,123.22,35.4,617.53,146.73,2586.31
2021.06,Oman,57,121.91,23.02,23.02,280.88,5980.41
2021.06,Luxembourg,58,118.71,31.79,214.34,117.17,3777.07
2021.06,Latvia,59,113.81,30.86,153.28,122.8,3538.59
2021.06,Taiwan,60,113.41,31.41,187.4,128.58,3245.35
2021.06,Portugal,61,110.28,29.33,82.93,119.08,3712.55
2021.06,Poland,62,109.92,31.34,182.77,104.12,3009.75
2021.06,Serbia,63,109.9,30.77,147.78,122.16,3127.84
2021.06,Vietnam,64,109.53,29.59,92.67,117.66,3536.19
2021.06,Belarus,65,109.35,30.25,121.05,98.01,3387.17
2021.06,Spain,66,106.94,29.28,81.45,128.47,3282.98
2021.06,Cyprus,67,105.95,23.07,23.07,145.96,4355.71
2021.06,Germany,68,104.79,31.22,175.08,127.59,2405.51
2021.06,Bulgaria,69,102.79,29.43,86.49,93.3,2960
2021.06,Slovenia,70,101.72,26.93,32.91,142.42,3262.82
2021.06,Sweden,71,101.05,29.77,99.47,137.75,2457.77
2021.06,Croatia,72,100.34,28.07,49.19,101.56,3045.07
2021.06,Slovakia,73,100.02,27.91,46.2,168.42,2738.9
2021.06,Netherlands,74,96.81,27.64,41.61,163.7,2492.6
2021.06,Lithuania,75,94.03,25.81,26.36,81.5,2922.57
2021.06,Norway,76,93.7,26.93,32.95,122.3,2496.81
2021.06,North Macedonia,77,92.6,26.9,32.62,100.18,2497.5
2021.06,Switzerland,78,91.86,28.67,62.99,100.23,2046.53
2021.06,Czech Republic,79,91.69,29.58,92.19,73.49,1929.89
2021.06,Iceland,80,90.17,19.9,19.9,79.67,3235.49
2021.06,Bosnia And Herzegovina,81,89.54,25.89,26.62,68.59,2521.34
2021.06,Finland,82,88.6,28.91,69.71,77.02,1811.54
2021.06,Denmark,83,88.37,28.69,63.56,121.73,1654.14
2021.06,Estonia,84,85.39,24.44,24.44,99.52,2118.77
2021.06,Austria,85,79.85,25.67,26.01,74.23,1637.27
2022.01,Nigeria,1,307.26,61.97,18343.66,433.33,7925.7
2022.01,Costa Rica,2,300.05,60.19,16038.08,331.48,9028.5
2022.01,Sri Lanka,3,273.75,57.1,12507.66,382.23,7268.91
2022.01,Kenya,4,256.16,53.98,9484.41,281.59,7745.23
2022.01,Bangladesh,5,249.65,55.92,11295.85,318.75,4844.45
2022.01,Egypt,6,231.07,48.36,5294.62,284.7,8662.84
2022.01,Peru,7,214.84,48.76,5545.68,259.68,5698.73
2022.01,Iran,8,214.83,47.12,4569.87,236.28,7180.1
2022.01,India,9,204.53,46.52,4244.68,242.29,5974.75
2022.01,Colombia,10,202.36,47.8,4960.29,217.27,4815.51
2022.01,Indonesia,11,196.22,43.46,2810.06,240.91,7093.99
2022.01,Turkey,12,191.8,44.18,3112.86,211.69,5972.87
2022.01,South Africa,13,190.94,39.27,1414.59,243.42,9693.48
2022.01,Jordan,14,190.63,41.25,1996.56,216.98,8094.17
2022.01,Philippines,15,189.47,43.11,2668.48,239.84,6274.95
2022.01,Lebanon,16,184.36,38.53,1228.56,214.42,9241.1
2022.01,Russia,17,181.45,44.5,3257.9,189.4,4369.78
2022.01,Thailand,18,178.04,39.62,1506.12,228.02,7142.19
2022.01,Mexico,19,175.94,39.29,1418.84,239.13,6974.85
2022.01,Brazil,20,174.93,41.28,2007.39,207.28,5542.55
2022.01,Argentina,21,173.02,43.3,2746.82,187.89,4045.27
2022.01,Malaysia,22,169.68,37.22,938.23,189.01,7758.68
2022.01,Panama,23,168.67,37.12,918.84,193.5,7625.59
2022.01,United Arab Emirates,24,168.57,36.19,745.99,247.05,7983.56
2022.01,Ecuador,25,167.65,38.87,1309.71,180.12,6268.27
2022.01,Azerbaijan,26,162.26,39.61,1503.39,208.22,4823.21
2022.01,Pakistan,27,161.35,37.84,1069.95,195.04,5902.4
2022.01,Puerto Rico,28,160.03,34.16,445.72,170.83,8407.05
2022.01,Kuwait,29,153.48,33.34,352.41,180.12,7734.39
2022.01,Israel,30,152.7,36.37,778.18,169.79,5684.4
2022.01,China,31,151.6,40.01,1616.04,170.89,3401.14
2022.01,United States,32,151.28,32.85,303.97,241.76,7300.57
2022.01,Ireland,33,149.78,37.93,1089.71,173.76,4311.04
2022.01,Belgium,34,149.01,36.89,873.59,192.4,4718.26
2022.01,Venezuela,35,148.98,34.1,438.33,199.45,6372.1
2022.01,Australia,36,147.81,34.78,527.17,207.84,5723.63
2022.01,Singapore,37,147.5,41.22,1987.58,146.97,2458.13
2022.01,Hong Kong,38,144.95,42.56,2457.4,149.46,1647.6
2022.01,South Korea,39,144.67,40.02,1619.42,151.14,2715.5
2022.01,Ukraine,40,142.91,37.71,1040.63,132.3,3775.33
2022.01,Qatar,41,140.56,30.15,116.02,153.71,7612.49
2022.01,Canada,42,139.53,33.61,381.95,177.22,5337.6
2022.01,Uruguay,43,137.31,37.31,957.96,147.78,3235.89
2022.01,Japan,44,137.27,40.65,1807.84,153.72,1738.95
2022.01,Morocco,45,134.7,36.3,764.37,150.64,3419.85
2022.01,Kazakhstan,46,133.9,34.73,520.31,148.28,4119.35
2022.01,Greece,47,133.27,33.8,402.98,142.59,4550.28
2022.01,United Kingdom,48,132.64,34.4,475.87,158.31,4075.96
2022.01,Saudi Arabia,49,131.4,28.33,54.56,163.79,6870.59
2022.01,Italy,50,131.38,33.75,397.55,158.17,4239.76
2022.01,France,51,130.5,35.25,594.19,150.96,3432.81
2022.01,Chile,52,130.14,35.82,682.71,114.08,3307.77
2022.01,New Zealand,53,127.4,30.78,148.78,160.12,5149.88
2022.01,Hungary,54,125.33,35.55,640.13,129.91,2817.55
2022.01,Romania,55,124.16,33.56,376.53,131.4,3567.14
2022.01,Luxembourg,56,123.93,32.71,290.6,123.26,3977.2
2022.01,Georgia,57,123.17,35.4,617.53,145.43,2586.31
2022.01,Oman,58,121.14,22.76,22.76,278.69,5915.12
2022.01,Tunisia,59,120.43,32.7,289.83,104.19,3659.14
2022.01,Taiwan,60,115.8,31.71,208.46,129.63,3395.42
2022.01,Latvia,61,115.31,31.21,174.61,124.55,3567.23
2022.01,Poland,62,112.68,31.81,216.1,109.59,3102.58
2022.01,Portugal,63,112.27,29.85,103.07,120.96,3753.4
2022.01,Vietnam,64,111.06,29.83,102.14,119.07,3625.28
2022.01,Serbia,65,110.03,30.85,152.51,121.16,3116.49
2022.01,Belarus,66,108.82,30.15,116.41,96.9,3367.47
2022.01,Spain,67,106.96,29.24,79.87,127.62,3304.96
2022.01,Cyprus,68,105.24,22.93,22.93,141.95,4303.87
2022.01,Germany,69,104.64,31.14,170.27,126.56,2419.99
2022.01,Bulgaria,70,102.55,29.42,86.19,92.35,2942
2022.01,Slovenia,71,100.3,26.48,29.4,140.73,3195.64
2022.01,Slovakia,72,100.3,28.21,52.06,166.98,2698.42
2022.01,Malta,73,99.38,29.1,75.5,112.29,2599.79
2022.01,Sweden,74,99.11,29.43,86.65,134.97,2377.13
2022.01,Croatia,75,96.76,26.89,32.53,98.44,2942.23
2022.01,Netherlands,76,95.69,27.4,38.26,160.76,2442.27
2022.01,Norway,77,93.8,26.91,32.67,122.03,2513.51
2022.01,Lithuania,78,93.52,26.03,27.11,80.26,2843.99
2022.01,Switzerland,79,93.32,28.5,58.72,115.94,2151.77
2022.01,Czech Republic,80,91.32,29.45,87.38,74.54,1926.34
2022.01,North Macedonia,81,90.68,26.3,28.35,97.92,2416.57
2022.01,Bosnia And Herzegovina,82,90.37,25.99,26.95,70.68,2579.32
2022.01,Iceland,83,89.92,19.77,19.77,79.14,3227.03
2022.01,Denmark,84,87.31,28.52,59.24,120.08,1610.1
2022.01,Estonia,85,85.93,24.51,24.51,99.55,2161.93
2022.01,Finland,86,84.67,27.8,44.15,74.8,1728.96
2022.01,Austria,87,80.36,25.55,25.74,73.01,1696.64
2022.06,Nigeria,1,315.25,63.39,20310.3,437.19,7820.2
2022.06,Costa Rica,2,300.05,60.19,16038.08,331.48,9028.5
2022.06,Sri Lanka,3,272.5,56.89,12283.77,377.1,7286.93
2022.06,Bangladesh,4,260.66,57.51,12939.77,329.02,5077.56
2022.06,Kenya,5,244.7,52.13,7935.92,275.93,7546.57
2022.06,Egypt,6,230.67,48.29,5251.39,284.25,8660.2
2022.06,Peru,7,220.44,49.6,6086.1,261.44,5876.84
2022.06,Iran,8,212.8,46.72,4353.25,234.71,7186.67
2022.06,India,9,203.79,46.4,4180.15,240.91,5962.2
2022.06,Colombia,10,203.01,47.9,5015.68,216.63,4840.18
2022.06,Indonesia,11,195.91,43.38,2778.77,239.8,7110.95
2022.06,Turkey,12,190.69,44.01,3042.25,210.52,5931.37
2022.06,Jordan,13,190.52,41.23,1991.57,216.07,8092.78
2022.06,South Africa,14,190.39,39.18,1389.66,242.79,9672.82
2022.06,Philippines,15,188.05,42.88,2578.6,238.16,6234.87
2022.06,Lebanon,16,185.34,38.69,1266.11,214.58,9295.95
2022.06,Russia,17,178.9,44.1,3077.3,187.57,4308.39
2022.06,Mexico,18,175.08,39.15,1382.42,236.93,6947.85
2022.06,Thailand,19,174.95,39.07,1361.63,225.93,7046.82
2022.06,Brazil,20,173.99,41.11,1953.56,205.93,5523.68
2022.06,Argentina,21,173.49,43.39,2783.56,188.82,4044.46
2022.06,Malaysia,22,169.68,37.22,938.23,189.01,7758.68
2022.06,United Arab Emirates,23,168.3,36.1,730.34,248.45,7994.99
2022.06,Panama,24,165.91,36.66,830.42,191.96,7496.34
2022.06,Puerto Rico,25,163.3,34.85,536.01,171.91,8498.41
2022.06,Pakistan,26,163.24,38.22,1153.74,196.98,5932.23
2022.06,Ecuador,27,162.79,37.88,1077.8,175.38,6216.03
2022.06,Azerbaijan,28,161.12,39.64,1513.19,204.39,4662.68
2022.06,Kuwait,29,153.72,33.37,355.48,179.35,7762.04
2022.06,Israel,30,153.34,36.4,782.56,169.75,5766.71
2022.06,United States,31,151.46,32.88,305.94,241.58,7318.49
2022.06,Ireland,32,149.37,37.91,1083.49,173.05,4276.51
2022.06,China,33,148.94,39.51,1477.53,166.93,3371.79
2022.06,Singapore,34,147.22,41.19,1977.78,146.45,2445.56
2022.06,Australia,35,147,34.68,513.42,206.84,5666.85
2022.06,Hong Kong,36,146.91,42.86,2572.98,151.56,1681.71
2022.06,Belgium,37,146.21,36.36,775.28,189.29,4658.44
2022.06,Venezuela,38,144.35,33.14,331.86,195.39,6242.74
2022.06,Ukraine,39,143.77,37.87,1074.99,133.07,3791.76
2022.06,South Korea,40,143.04,39.65,1515.23,149.91,2726.9
2022.06,Qatar,41,139.72,29.96,107.86,152.61,7571.55
2022.06,Canada,42,139.22,33.56,376.55,176.38,5324.28
2022.06,Japan,43,137.27,40.65,1807.84,153.72,1738.95
2022.06,Uruguay,44,137.26,37.31,957.96,146.53,3235.89
2022.06,Morocco,45,135.81,36.88,871.28,150.77,3264.6
2022.06,Saudi Arabia,46,135.14,29.04,73.39,179.71,7079.15
2022.06,Kazakhstan,47,133.9,34.73,520.31,148.28,4119.35
2022.06,United Kingdom,48,132.74,34.43,480.32,157.75,4075.14
2022.06,Greece,49,132.69,33.68,389.67,141.93,4536.24
2022.06,Italy,50,130.9,33.61,381.95,157.36,4250.61
2022.06,Chile,51,129.31,35.79,677.74,112.78,3234.5
2022.06,New Zealand,52,127.37,30.73,145.54,160.42,5171.38
2022.06,France,53,126.69,34.67,511.31,138.63,3321.52
2022.06,Hungary,54,126.27,35.61,650.08,131.19,2884.42
2022.06,Romania,55,123.44,33.38,356.9,130.27,3570.92
2022.06,Georgia,56,122.36,35.59,646.36,142.69,2440.14
2022.06,Oman,57,120.72,22.63,22.63,276.58,5883.03
2022.06,Tunisia,58,119.39,32.51,272.77,101.33,3635.18
2022.06,Luxembourg,59,119.22,31.66,204.78,120.84,3875.87
2022.06,Poland,60,116.82,32.32,256.59,111.71,3353.35
2022.06,Taiwan,61,114.82,31.68,205.89,127.02,3309.15
2022.06,Portugal,62,111.71,29.64,94.63,119.63,3769.74
2022.06,Serbia,63,110.84,31.02,162.79,121.56,3139.76
2022.06,Vietnam,64,110.38,29.68,95.94,118.48,3603.28
2022.06,Latvia,65,109.45,30.25,120.76,119.56,3281.35
2022.06,Belarus,66,107.74,29.86,103.32,95.57,3356.72
2022.06,Spain,67,106.28,29.2,78.58,126.82,3243.47
2022.06,Cyprus,68,106.08,23.14,23.14,143.21,4377.05
2022.06,Germany,69,104.76,31.14,169.9,125.56,2438.73
2022.06,Malta,70,101.55,30.02,110.46,112.27,2542.14
2022.06,Bulgaria,71,100.52,29.01,72.66,90.78,2857.97
2022.06,Slovakia,72,100.1,28.1,49.78,166.36,2709.28
2022.06,Slovenia,73,99.76,26.32,28.44,139.64,3168.79
2022.06,Sweden,74,98.39,29.42,86.2,133.22,2318.08
2022.06,Croatia,75,96.39,26.74,31.23,98.98,2928.59
2022.06,Norway,76,93.47,26.87,32.31,121.37,2489.96
2022.06,Netherlands,77,92.68,26.63,30.37,155.52,2310.74
2022.06,Switzerland,78,92.33,28.37,55.56,114.05,2100.13
2022.06,Bosnia And Herzegovina,79,92.32,26.22,27.93,72.56,2734.85
2022.06,Czech Republic,80,90.69,29.37,84.46,72.32,1903.6
2022.06,Lithuania,81,90.5,25.31,25.35,76.9,2640.42
2022.06,North Macedonia,82,90.02,25.98,26.94,97.21,2399.59
2022.06,Iceland,83,89.87,19.96,19.96,78.17,3203.23
2022.06,Denmark,84,86.73,28.41,56.55,119.36,1589.83
2022.06,Estonia,85,84.39,23.97,23.97,96.82,2086.86
2022.06,Finland,86,83.73,27.58,40.76,73.81,1695.33
2022.06,Austria,87,80,25.38,25.45,72.46,1685.97
2023.01,Nigeria,1,315.2,63.4,20310.3,437.2,7820.2
2023.01,Sri Lanka,2,272.5,56.9,12283.8,377.1,7286.9
2023.01,Bangladesh,3,262.3,57.4,12825.9,328.9,5406.3
2023.01,Kenya,4,242.1,51.6,7525.9,273,7600.8
2023.01,Egypt,5,229.9,48.2,5176.6,282.2,8638.8
2023.01,Peru,6,220.4,49.6,6086.1,261.4,5876.8
2023.01,Iran,7,215.4,47.3,4653.2,235.5,7146.6
2023.01,India,8,203.9,46.4,4177.9,240.7,5987.5
2023.01,Colombia,9,203.6,47.9,5017,216.7,4924.5
2023.01,Indonesia,10,191.7,42.7,2515,236.1,6972.1
2023.01,South Africa,11,189.9,39.1,1366.9,241.9,9652.6
2023.01,Turkey,12,189.8,43.9,2976.8,209.2,5911.3
2023.01,Jordan,13,189.5,41,1924.2,214.6,8090.1
2023.01,Philippines,14,187.9,42.9,2603.9,238.7,6153.7
2023.01,Lebanon,15,185.3,38.7,1266.1,214.6,9295.9
2023.01,Russia,16,177.9,43.9,2985.5,185.7,4318.7
2023.01,Mexico,17,175.4,39.3,1413.8,236.9,6913.1
2023.01,Argentina,18,175,43.7,2928.2,191,4004
2023.01,Thailand,19,174.4,39,1331.3,227.4,7043.1
2023.01,Brazil,20,173.3,41,1922.4,204.8,5495.8
2023.01,Malaysia,21,168.4,37,888.5,188,7726.9
2023.01,United Arab Emirates,22,168,36.1,725.7,248.1,7968.9
2023.01,Pakistan,23,163.1,38.1,1136.2,198.1,5950.5
2023.01,Ecuador,24,161.9,37.8,1063.4,173.9,6122.2
2023.01,Azerbaijan,25,160.6,39.6,1515.1,202.6,4592.4
2023.01,Panama,26,156.3,35.1,578.1,177.8,7012.7
2023.01,Australia,27,154.2,36.1,724.1,214.6,5868.6
2023.01,Israel,28,154.1,36.4,784.8,169.3,5881
2023.01,Kuwait,29,153.7,33.4,355.5,179.4,7762
2023.01,United States,30,152.2,33.1,323.2,241.6,7335.3
2023.01,Ireland,31,149.5,37.9,1083,172.5,4299.8
2023.01,Singapore,32,148.4,41.4,2040,146.6,2476
2023.01,Belgium,33,146.2,36.3,764,187.8,4705.4
2023.01,Hong Kong (China),34,146.1,42.7,2498.7,150.4,1694.5
2023.01,China,35,144.8,38.8,1297.1,163.6,3267.2
2023.01,Venezuela,36,144.3,33.1,331.9,195.4,6242.7
2023.01,South Korea,37,143.7,39.8,1564.1,149.8,2717
2023.01,Ukraine,38,143.5,37.8,1057.4,132.2,3802.8
2023.01,Canada,39,140.1,33.7,393.3,178.7,5361.3
2023.01,Qatar,40,138.3,29.7,95.5,151.4,7499.4
2023.01,Uruguay,41,137.3,37.3,958,146.5,3235.9
2023.01,Morocco,42,137.1,37,904.7,149.9,3333
2023.01,Saudi Arabia,43,136.8,29.4,85,182.3,7175.5
2023.01,United Kingdom,44,133.8,34.6,508.6,160.9,4081.1
2023.01,Japan,45,133.7,40,1613.2,150.7,1702.6
2023.01,Greece,46,133.1,33.7,395.4,144.1,4547
2023.01,Kazakhstan,47,131.8,34.5,486.6,144.3,4004.3
2023.01,New Zealand,48,130.4,31.4,185.6,161.6,5283.1
2023.01,Italy,49,130.1,33.5,368.5,155.6,4223.2
2023.01,France,50,128.8,35,552.6,143.6,3401
2023.01,Chile,51,128.2,35.5,638.1,112.3,3226.7
2023.01,Hungary,52,126,35.6,653.2,131.1,2850.2
2023.01,Romania,53,123.9,33.5,370.4,130.1,3565.6
2023.01,Oman,54,120.7,22.6,22.6,276.6,5883
2023.01,Georgia,55,120.6,35.7,656.9,138,2260.5
2023.01,Taiwan (China),56,116.8,32,227.2,132.5,3390
2023.01,Poland,57,114.4,32.1,235.6,109.7,3196.4
2023.01,Serbia,58,111.7,31.1,169.3,123.6,3187.9
2023.01,Portugal,59,110.9,29.5,88.4,118.3,3732.8
2023.01,Vietnam,60,110,29.6,92.3,117.8,3595.6
2023.01,Luxembourg,61,108.9,29.1,77,117.1,3623.4
2023.01,Belarus,62,108.2,29.9,104.9,95.1,3396.9
2023.01,Latvia,63,107.9,29.7,97.4,118.7,3295.3
2023.01,Cyprus,64,105.2,22.9,22.9,141.5,4300.9
2023.01,Spain,65,105.2,29.1,74,125.1,3171.9
2023.01,Germany,66,105.1,31.2,173.9,124.4,2452.1
2023.01,Slovakia,67,100.9,28.1,49.9,164.1,2800.5
2023.01,Bulgaria,68,99.4,28.9,70.2,89.1,2766.4
2023.01,Slovenia,69,99.2,26.1,27.4,137.6,3156.9
2023.01,Malta,70,98.6,29.2,80.1,109.9,2488.3
2023.01,Sweden,71,98.2,29.4,84.8,132.7,2309.2
2023.01,Croatia,72,96.1,26.5,29.8,98,2936.3
2023.01,Bosnia And Herzegovina,73,95.1,27.1,34.5,102.8,2705.8
2023.01,Switzerland,74,93.3,28.4,56.2,114.5,2182.2
2023.01,Norway,75,92.6,26.7,31.1,119.6,2438.5
2023.01,Czech Republic,76,90.6,29.5,88.5,71.7,1872.7
2023.01,Lithuania,77,89.6,25,25,75.5,2587.8
2023.01,Netherlands,78,89.4,25.5,25.7,149,2170.3
2023.01,North Macedonia,79,89.4,25.7,26,96.5,2379
2023.01,Iceland,80,88.9,20.6,20.6,77.7,3020.9
2023.01,Denmark,81,87.5,28.5,59.3,119.1,1625
2023.01,Estonia,82,84,23.8,23.8,95.2,2076.9
2023.01,Finland,83,82.6,27.2,36,72.8,1665.6
2023.01,Austria,84,79.1,24.8,24.8,79.6,1630.6