Country,Year,Energy,Food,"Total less Food, less Energy",Total Inflation (CPI) Index
Argentina,2018,,32.73381,,34.27723
Argentina,2019,,58.36288,,53.548309999999994
Argentina,2020,,46.96305,,42.01509
Argentina,2021,,49.84582,,48.40938
Argentina,2022,,74.63056,,72.43076
Australia,1990,16.06711,3.119903,7.484865,7.333022
Australia,1991,0.4380601,2.528369,3.471791,3.176675
Australia,1992,2.618369,0.5762925,0.9742283,1.012231
Australia,1993,1.020584,2.433704,1.694869,1.753653
Australia,1994,0.2203486,2.364403,2.024808,1.969635
Australia,1995,3.26599,5.140973,4.635587,4.627767
Australia,1996,1.12442,2.915198,3.353003,2.615385
Australia,1997,1.774115,2.828677,-0.4131604,0.2248875
Australia,1998,-3.79814,3.059577,0.8823764,0.8601346
Australia,1999,1.932777,3.518542,1.044624,1.483129
Australia,2000,16.80462,0.2729906,4.187311,4.457435
Australia,2001,2.465995,6.280433,4.259913,4.407135
Australia,2002,0.9137612,3.750994,3.001119,2.981575
Australia,2003,5.081695,3.705396,2.34946,2.7325959999999996
Australia,2004,6.346609,1.922286,2.027639,2.343255
Australia,2005,9.798734,1.905833,2.142798,2.691832
Australia,2006,9.250135,9.852309,1.969738,3.5552879999999996
Australia,2007,1.58193,1.656439,2.453655,2.327611
Australia,2008,12.51061,4.251823,3.600818,4.350298
Australia,2009,-6.307878,3.352177,2.312488,1.771117
Australia,2010,8.421489,1.139162,2.694695,2.91834
Australia,2011,10.93911,5.734226,2.153005,3.30385
Australia,2012,7.426358,-3.697105,2.130459,1.76278
Australia,2013,6.413658,0.2200269,2.400281,2.449889
Australia,2014,1.190338,2.63969,2.588035,2.487923
Australia,2015,-7.186137,0.5746248,2.462425,1.508367
Australia,2016,-3.173628,0.240722,1.812424,1.276991
Australia,2017,9.450979,0.07114173,1.604483,1.948647
Australia,2018,11.72583,0.6703755,1.269041,1.911401
Australia,2019,7.668816,4.482894,0.6798787,1.610768
Australia,2020,-2.10481,9.320118,-0.004077226,0.8469055
Australia,2021,10.93195,7.909739,1.406068,2.86391
Australia,2022,15.30013,8.1667,5.545571,6.5940970000000005
Austria,1990,4.198555,2.821057,2.893571,3.261872
Austria,1991,0.01551752,4.08399,3.406292,3.3374259999999993
Austria,1992,3.020273,3.705198,4.34241,4.020847
Austria,1993,-0.6777107,2.272727,4.273315,3.631786
Austria,1994,1.420268,1.382153,3.260788,2.953407
Austria,1995,3.712748,-1.722898,2.27886,2.243364
Austria,1996,6.376435,0.1336303,1.514748,1.860974
Austria,1997,2.994851,1.534697,1.104566,1.305983
Austria,1998,-3.271786,1.93084,1.196198,0.9224669
Austria,1999,0.4171392,-0.6324449,0.7313441,0.5689865
Austria,2000,10.69477,0.6457393,1.655172,2.344868
Austria,2001,0.5333645,3.641667,2.61421,2.65
Austria,2002,-2.383262,1.391011,2.15617,1.810359
Austria,2003,0.9485555,1.768438,1.409492,1.355554
Austria,2004,6.401682,1.916933,1.777945,2.061207
Austria,2005,9.762172,2.084429,1.689175,2.299138
Austria,2006,6.242187,1.84136,0.9166667,1.441547
Austria,2007,4.165359,4.188824,1.618497,2.168556
Austria,2008,10.28692,6.297605,1.942142,3.215951
Austria,2009,-9.491294,0.2068405,1.769629,0.5063094
Austria,2010,7.589589,0.4791743,1.409885,1.8135319999999997
Austria,2011,10.93313,4.2696,2.350419,3.286583
Austria,2012,4.881712,3.222196,2.092493,2.485675
Austria,2013,-0.802005,3.462432,2.073531,2.000158
Austria,2014,-2.028441,1.961518,1.976717,1.605806
Austria,2015,-7.295769,0.8257796,1.845618,0.8965653000000001
Austria,2016,-4.433333,0.7333333,1.466789,0.8915924
Austria,2017,2.520056,2.365983,1.971253,2.081269
Austria,2018,5.273454,1.519315,1.812324,1.998382
Austria,2019,0.8968248,1.018946,1.653481,1.530896
Austria,2020,-5.515243,2.331635,1.899783,1.381909
Austria,2021,12.25,0.783268,2.149821,2.766667
Austria,2022,39.24276,10.74824,5.489844,8.54687
Belgium,1990,6.345316,,2.868924,3.4483100000000007
Belgium,1991,2.467174,1.567388,4.199749,3.215311
Belgium,1992,-1.209954,-0.146061,3.553562,2.427956
Belgium,1993,3.484002,-0.6204019,3.494599,2.754426
Belgium,1994,0.7703469,2.016101,2.66061,2.377545
Belgium,1995,-0.6043271,1.280284,1.762235,1.467961
Belgium,1996,5.621116,1.361824,1.881925,2.077025
Belgium,1997,3.726341,2.260362,1.309563,1.62816
Belgium,1998,-4.258694,1.938696,1.762549,0.9492503
Belgium,1999,1.953863,0.006460827,1.314739,1.120848
Belgium,2000,14.42789,0.8626872,1.825637,2.544518
Belgium,2001,0.5900396,4.630305,2.152931,2.469258
Belgium,2002,-3.122416,2.358835,1.969828,1.645214
Belgium,2003,-0.1240471,2.053307,1.645339,1.588964
Belgium,2004,6.54886,1.258395,1.869,2.097283
Belgium,2005,11.50089,1.765368,2.139021,2.781433
Belgium,2006,7.751405,2.556108,0.6068964,1.791208
Belgium,2007,0.1352189,3.906927,1.630501,1.823056
Belgium,2008,20.47375,6.075796,1.936882,4.489444
Belgium,2009,-13.86899,0.8468629,1.940063,-0.05314567
Belgium,2010,9.052065,1.660945,1.398608,2.189299
Belgium,2011,16.88578,2.720884,1.807441,3.5320820000000004
Belgium,2012,6.142694,3.100204,2.23646,2.8396640000000004
Belgium,2013,-3.813783,3.421529,1.351374,1.113096
Belgium,2014,-6.193333,-0.3758333,1.574193,0.3400028
Belgium,2015,-5.838249,1.202018,1.369301,0.5614291
Belgium,2016,0.7330465,2.240755,1.959435,1.973853
Belgium,2017,8.222116,1.260338,1.515356,2.125971
Belgium,2018,7.06089,2.159577,1.312888,2.053165
Belgium,2019,0.8673441,0.7736732,1.686412,1.43682
Belgium,2020,-6.32533,2.881715,1.479317,0.7407917999999999
Belgium,2021,12.33115,-0.3942201,1.612578,2.440248
Belgium,2022,52.27981,8.794951,4.569578,9.597511
Brazil,1990,,2618.241,,2947.733
Brazil,1991,,450.0122,,432.7866000000001
Brazil,1992,,1090.557,,951.962
Brazil,1993,,1949.801,,1927.381
Brazil,1994,,2280.134,,2075.888
Brazil,1995,,58.49442,,66.00703
Brazil,1996,,5.91893,,15.75767
Brazil,1997,,0.715,,6.926713
Brazil,1998,,2.810589,,3.195076
Brazil,1999,,3.41905,,4.858448
Brazil,2000,,5.135868,,7.044141
Brazil,2001,,6.703363,,6.840359
Brazil,2002,,9.656523,,8.450165
Brazil,2003,,20.35696,,14.71492
Brazil,2004,,4.006122,,6.597185
Brazil,2005,,3.078508,,6.869537
Brazil,2006,,0.02009739,,4.183568
Brazil,2007,,6.780739,,3.641273
Brazil,2008,,13.05021,,5.678594
Brazil,2009,,5.803592,,4.888035
Brazil,2010,,6.096094,,5.038727
Brazil,2011,,8.846192,,6.63645
Brazil,2012,,8.129188,,5.403499
Brazil,2013,,11.1559,,6.204311
Brazil,2014,,7.517608,,6.32904
Brazil,2015,,9.79483,,9.029901
Brazil,2016,,12.48641,,8.739143
Brazil,2017,,0.8856893,,3.446373
Brazil,2018,,0.8703139,,3.66485
Brazil,2019,,,,3.7329759999999994
Brazil,2020,,,,3.2117680000000006
Brazil,2021,,,,8.30166
Brazil,2022,,,,9.280107
Canada,1990,9.983756,3.902898,4.458598,4.780477
Canada,1991,4.907976,2.296072,6.229199,5.625864
Canada,1992,0.2815681,-1.427446,2.054381,1.490133
Canada,1993,1.231102,1.817637,1.929931,1.865079
Canada,1994,0.5653936,0.0980873,0.1394825,0.1655629
Canada,1995,1.304763,2.66536,2.148216,2.14876
Canada,1996,2.910995,1.154911,1.512197,1.570531
Canada,1997,2.401302,1.538026,1.607216,1.6212159999999998
Canada,1998,-4.054054,1.570486,1.398026,0.9959425
Canada,1999,5.664872,1.05215,1.479119,1.734843
Canada,2000,16.23052,1.068357,1.680033,2.71944
Canada,2001,3.238047,4.846367,2.090829,2.52512
Canada,2002,-1.97664,2.52905,2.684908,2.258394
Canada,2003,7.882677,1.441667,2.419907,2.758563
Canada,2004,6.758322,1.774419,1.340702,1.857259
Canada,2005,9.665751,2.292356,1.356565,2.213552
Canada,2006,5.165589,2.272548,1.272842,2.002025
Canada,2007,2.327332,2.63097,2.03976,2.138384
Canada,2008,9.81486,3.93174,1.064956,2.370271
Canada,2009,-13.45392,5.475588,1.687692,0.2994668
Canada,2010,6.643876,0.9463722,1.335163,1.776872
Canada,2011,12.25428,4.23913,1.432658,2.9121350000000006
Canada,2012,1.691901,2.352711,1.354939,1.515678
Canada,2013,1.504795,1.088825,0.8284461,0.9382919
Canada,2014,3.528736,2.513227,1.562716,1.906636
Canada,2015,-9.569909,4.104455,2.696418,1.125241
Canada,2016,-2.960691,1.015169,1.923677,1.4287599999999998
Canada,2017,5.291887,-1.010809,1.616289,1.596884
Canada,2018,6.695771,0.8086413,2.083973,2.268226
Canada,2019,-2.204378,3.67703,2.089541,1.949269
Canada,2020,-7.609435,2.400181,1.187,0.7169997
Canada,2021,18.84977,2.195014,2.397251,3.3951930000000003
Canada,2022,22.55191,9.762547,5.08203,6.802801
Switzerland,1990,6.219365,5.520924,5.334718,5.403959
Switzerland,1991,1.403041,4.376844,6.413397,5.859597
Switzerland,1992,-2.794688,0.05760088,5.202446,4.03703
Switzerland,1993,4.742204,-0.1768496,4.673714,3.292622
Switzerland,1994,-1.035757,0.4341124,1.595178,0.8521170000000001
Switzerland,1995,2.824899,0.6701621,1.932518,1.799828
Switzerland,1996,4.031945,-0.4910096,0.830743,0.8116341
Switzerland,1997,3.279427,0.668035,0.3036818,0.5202254
Switzerland,1998,-5.797351,0.8244457,0.252097,0.01793844
Switzerland,1999,3.116031,-0.1373351,0.8025652,0.8064443999999998
Switzerland,2000,17.69306,1.630753,0.379265,1.558529
Switzerland,2001,-1.26213,2.081035,0.9698555,0.9890203
Switzerland,2002,-4.894382,2.30929,0.8502731,0.6427115
Switzerland,2003,1.293987,1.270377,0.501286,0.6382729
Switzerland,2004,4.611957,0.5060229,0.5011573,0.8029087
Switzerland,2005,10.39617,-0.7092789,0.6325608,1.171954
Switzerland,2006,7.117461,-0.04216924,0.6514336,1.059509
Switzerland,2007,1.868016,0.5209898,0.6394969,0.7323505999999999
Switzerland,2008,12.91761,3.102867,1.356526,2.426041
Switzerland,2009,-15.16745,-0.1856739,0.9038469,-0.4804819
Switzerland,2010,9.261754,-1.106911,0.2414845,0.6882387
Switzerland,2011,7.036139,-3.254117,0.1118781,0.2313492
Switzerland,2012,2.392313,-0.9789513,-0.9340948,-0.692552
Switzerland,2013,-1.738221,1.223096,-0.2724114,-0.21732319999999997
Switzerland,2014,-0.9532855,0.9204949,-0.05636696,-0.01320254
Switzerland,2015,-10.18244,-0.7984663,-0.4771696,-1.143909
Switzerland,2016,-3.518276,0.3904558,-0.3108813,-0.43461869999999997
Switzerland,2017,4.446725,0.4150814,0.295168,0.5337878
Switzerland,2018,8.033451,1.262022,0.4092836,0.9363354
Switzerland,2019,-0.4713289,0.1121894,0.454785,0.3628862
Switzerland,2020,-8.188211,0.09248759,-0.3414941,-0.7258749999999999
Switzerland,2021,8.577931,-1.590968,0.3575086,0.5818142
Switzerland,2022,22.40886,1.658954,1.715623,2.835028
Chile,1990,,,,26.03648
Chile,1991,,,,21.78442
Chile,1992,,,,15.4258
Chile,1993,,,,12.727759999999998
Chile,1994,,,,11.44312
Chile,1995,,,,8.232634
Chile,1996,,,,7.359115
Chile,1997,,,,6.133866
Chile,1998,,,,5.110244
Chile,1999,4.568443,-0.1934016,3.806642,3.336883
Chile,2000,21.99483,1.10213,3.119607,3.843273
Chile,2001,14.90957,0.5201123,3.315176,3.569101
Chile,2002,1.839817,2.015088,2.675375,2.489398
Chile,2003,11.89464,3.264571,1.629921,2.810177
Chile,2004,6.624835,-1.924617,1.222117,1.054739
Chile,2005,10.11267,2.872721,2.38151,3.052574
Chile,2006,8.187045,2.597539,2.989218,3.392019
Chile,2007,8.448631,9.5593,2.354947,4.407798
Chile,2008,14.92052,17.17731,5.183509,8.716269
Chile,2009,-12.55903,4.375289,1.159899,0.3530467
Chile,2010,7.072423,2.194381,0.5226712,1.410711
Chile,2011,12.69324,6.695551,1.254429,3.341217
Chile,2012,-0.4689199,7.62505,2.210265,3.007448
Chile,2013,0.3827924,4.431698,1.211102,1.789556
Chile,2014,6.246097,6.97944,3.879887,4.718675
Chile,2015,-4.484205,7.118525,4.672977,4.348773
Chile,2016,1.766,3.818888,4.004087,3.786194
Chile,2017,3.99388,2.010796,2.03017,2.182719
Chile,2018,5.872195,3.053534,1.881551,2.43489
Chile,2019,2.23108,2.568984,2.587865,2.557545
Chile,2020,0.9629865,6.739003,2.286143,3.045491
Chile,2021,9.013948,5.406044,3.82126,4.524569
Chile,2022,20.92005,17.72102,8.951247,11.64387
China,1990,,,,3.1
China,1991,,,,3.4
China,1992,,,,6.400000000000001
China,1993,,,,14.699999999999998
China,1994,,31.8,,24.100000000000005
China,1995,,22.9,,17.1
China,1996,,7.6,,8.3
China,1997,,-0.1,,2.7999999999999994
China,1998,,-3.2,,-0.8000000000000002
China,1999,,-4.2,,-1.3999999999999997
China,2000,,-2.6,,0.4000000000000001
China,2001,,0.0,,0.6999999999999998
China,2002,,-0.6,,-0.8000000000000002
China,2003,,3.4,,1.2
China,2004,,9.9,,3.9
China,2005,,2.9,,1.8
China,2006,,2.3,,1.5
China,2007,,12.3,,4.8
China,2008,,14.3,,5.900000000000001
China,2009,,0.7,,-0.6999999999999998
China,2010,,7.2,,3.2999999999999994
China,2011,,11.8,,5.400000000000001
China,2012,,4.8,,2.6
China,2013,,4.7,,2.6
China,2014,,3.1,,2.0
China,2015,,2.3,,1.3999999999999997
China,2016,,3.76,,2.0
China,2017,,-0.6,,1.6000000000000003
China,2018,,1.9,,2.1
China,2019,,7.3,,2.9
China,2020,,,,2.5
China,2021,,,,0.9
Colombia,1990,,,,29.152020000000004
Colombia,1991,,,,30.38782
Colombia,1992,,,,27.010630000000003
Colombia,1993,,,,22.44248
Colombia,1994,,,,22.846240000000005
Colombia,1995,,,,20.8918
Colombia,1996,30.72036,15.91129,22.10196,20.79756
Colombia,1997,22.61759,15.75638,19.52563,18.47003
Colombia,1998,17.69774,22.54004,17.11401,18.67698
Colombia,1999,19.4202,6.241677,13.58155,10.873690000000002
Colombia,2000,26.95307,9.556467,8.353425,9.225347
Colombia,2001,17.57059,9.845712,6.904094,7.965562000000001
Colombia,2002,5.761364,9.765206,5.295711,6.351508
Colombia,2003,17.50443,8.062789,6.245718,7.1297880000000005
Colombia,2004,11.90001,6.35733,5.382778,5.904022
Colombia,2005,8.554147,6.368901,4.369545,5.051016
Colombia,2006,6.380455,5.581736,3.710859,4.293426
Colombia,2007,6.279091,8.418311,4.477004,5.544385000000001
Colombia,2008,11.91441,12.39672,4.673668,6.996882
Colombia,2009,4.296932,3.575645,4.226868,4.202518
Colombia,2010,5.600132,0.2071823,2.530184,2.272003
Colombia,2011,8.05507,4.566024,2.681056,3.415032
Colombia,2012,4.518288,3.422482,2.970159,3.1693030000000006
Colombia,2013,-0.2786555,0.413845,2.676737,2.016993
Colombia,2014,3.481487,2.967556,2.826088,2.898838
Colombia,2015,2.428957,8.633468,4.277129,4.989829
Colombia,2016,6.95969,13.10907,6.030941,7.513461
Colombia,2017,5.27201,0.6883631,5.284428,4.314313
Colombia,2018,6.45345,0.8301121,3.606495,3.24057
Colombia,2019,5.696792,4.882672,3.091256,3.5230200000000003
Colombia,2020,-1.130773,5.551534,2.247486,2.52662
Colombia,2021,5.126013,9.725744,2.0732,3.495073
Colombia,2022,15.0522,24.96117,6.480474,10.17724
Costa Rica,1990,,,,19.03975
Costa Rica,1991,,,,28.70929
Costa Rica,1992,,,,21.791170000000005
Costa Rica,1993,,,,9.778601
Costa Rica,1994,,,,13.53447
Costa Rica,1995,,,,23.1865
Costa Rica,1996,13.67484,18.57359,17.27052,17.51145
Costa Rica,1997,4.500623,14.41558,13.4373,13.248039999999998
Costa Rica,1998,-3.591556,14.47312,11.40078,11.6593
Costa Rica,1999,11.20265,8.913732,10.63792,10.04528
Costa Rica,2000,29.08485,8.584174,10.91158,10.96155
Costa Rica,2001,22.21914,10.60755,10.57921,11.25562
Costa Rica,2002,6.937143,10.16472,8.809324,9.167521
Costa Rica,2003,10.38195,8.757994,9.766738,9.447581
Costa Rica,2004,23.94619,14.89426,9.541329,12.31481
Costa Rica,2005,21.13792,17.79689,10.4071,13.7983
Costa Rica,2006,19.41839,11.59495,10.8147,11.4706
Costa Rica,2007,9.9157,15.10366,7.940282,9.357244
Costa Rica,2008,19.38027,23.89148,9.69949,13.424460000000002
Costa Rica,2009,-1.696747,8.166097,9.102328,7.842702
Costa Rica,2010,10.11655,4.636786,5.412601,5.662757
Costa Rica,2011,6.511254,5.599251,4.433524,4.877998
Costa Rica,2012,4.390932,3.534387,4.813613,4.495453
Costa Rica,2013,10.34971,3.826473,4.97107,5.231336
Costa Rica,2014,1.939288,4.271989,4.96596,4.519201
Costa Rica,2015,-15.66323,3.183504,2.313757,0.8019820000000001
Costa Rica,2016,-4.343105,-0.8129278,0.5610638,-0.01747885
Costa Rica,2017,3.275831,1.684251,1.478712,1.625907
Costa Rica,2018,8.490423,1.631967,1.892242,2.221115
Costa Rica,2019,-1.011775,0.7974513,2.742134,2.096046
Costa Rica,2020,-5.552978,0.4831476,1.310271,0.7249115
Costa Rica,2021,7.06693,2.241312,0.8840184,1.726478
Czechia,1992,,,,11.0865
Czechia,1993,,,,20.81303
Czechia,1994,,,,10.03942
Czechia,1995,,11.58522,,8.990531
Czechia,1996,7.221207,7.973337,7.990044,8.758775
Czechia,1997,12.16965,4.392734,7.571742,8.596157
Czechia,1998,16.35949,4.423974,7.863724,10.698370000000002
Czechia,1999,6.368387,-5.532564,2.522845,2.135448
Czechia,2000,16.45686,0.9914687,1.588839,3.775388
Czechia,2001,0.1581861,5.068493,-2.050353,4.662675
Czechia,2002,0.2895499,-1.944807,1.888813,1.9029809999999998
Czechia,2003,-0.3412074,-2.182826,0.03822265,0.1187392
Czechia,2004,3.884646,3.409606,1.528322,2.7601080000000002
Czechia,2005,6.528077,-0.2519444,0.8279236,1.857098
Czechia,2006,9.067111,0.8565781,0.7464775,2.533993
Czechia,2007,3.687541,4.736498,2.371029,2.8531239999999998
Czechia,2008,10.19571,8.108951,3.691306,6.358664
Czechia,2009,1.508641,-3.971536,0.7329203,1.019377
Czechia,2010,4.562129,1.472061,0.285838,1.472727
Czechia,2011,7.142857,4.628442,0.07773364,1.917219
Czechia,2012,7.162049,6.91379,0.9752309,3.287623
Czechia,2013,0.6894931,4.913983,0.6239316,1.4382980000000003
Czechia,2014,-3.672866,2.018163,0.6710269,0.34398860000000003
Czechia,2015,-3.04548,-1.104517,1.257172,0.3093646
Czechia,2016,-2.557907,-0.9334889,1.616532,0.6835042000000001
Czechia,2017,1.000427,5.182568,1.99262,2.450534
Czechia,2018,3.140874,1.31179,2.355684,2.149495
Czechia,2019,5.056226,2.818569,2.521405,2.847876
Czechia,2020,-1.359481,4.538125,3.631627,3.1612950000000004
Czechia,2021,1.394059,0.8006464,4.990389,3.839845
Czechia,2022,30.92727,16.6946,12.19632,15.10017
Germany,1990,4.247595,2.996123,2.525961,2.69647
Germany,1991,9.715339,2.721197,3.855886,4.047034
Germany,1992,4.550464,2.088119,5.63017,5.05698
Germany,1993,1.149746,0.501125,5.488068,4.474576
Germany,1994,3.677878,1.628167,2.743748,2.693056
Germany,1995,-0.8519642,1.001302,2.119275,1.706161
Germany,1996,0.9336711,0.63448,1.642241,1.449726
Germany,1997,2.812914,1.379174,1.933198,1.939369
Germany,1998,-3.179561,1.039743,1.354026,0.9111845
Germany,1999,4.084311,-1.288709,0.4798443,0.5854336
Germany,2000,13.87265,-0.6917381,0.4989842,1.4402680000000003
Germany,2001,5.658983,4.454037,1.28174,1.9838569999999998
Germany,2002,0.5191926,0.8453085,1.569443,1.420807
Germany,2003,3.965037,-0.1490174,0.8899286,1.034223
Germany,2004,4.073002,-0.3357896,1.683157,1.665736
Germany,2005,9.616916,0.05615349,0.7235062,1.546911
Germany,2006,8.451903,2.029745,0.6788928,1.5774289999999997
Germany,2007,4.030253,3.79538,1.897852,2.298341
Germany,2008,9.513438,6.076665,1.360562,2.628383
Germany,2009,-4.95618,-1.307244,1.190384,0.3127377
Germany,2010,4.32224,1.248629,0.6194832,1.103809
Germany,2011,10.09418,2.758104,0.9038321,2.075173
Germany,2012,5.760645,3.405774,1.317692,2.008491
Germany,2013,1.339677,3.858218,1.225309,1.504722
Germany,2014,-2.13534,1.034431,1.30847,0.9067971
Germany,2015,-7.273118,0.5961033,1.557151,0.514421
Germany,2016,-5.300605,0.8083333,1.202826,0.4917486
Germany,2017,2.629541,2.761015,1.214309,1.5094970000000003
Germany,2018,4.587323,2.284611,1.294732,1.732168
Germany,2019,1.395794,1.203303,1.477561,1.445667
Germany,2020,-4.246979,2.140428,0.287277,0.1448705
Germany,2021,10.77656,3.091667,2.334659,3.0666670000000003
Germany,2022,30.17005,12.56164,3.92777,6.872574
Denmark,1990,0.257652,0.2538071,3.376777,2.6416
Denmark,1991,0.2652418,0.6582279,2.955041,2.395153
Denmark,1992,-1.633882,1.725352,2.545177,2.096042
Denmark,1993,-0.86494,-0.2966919,1.757859,1.257862
Denmark,1994,0.04908274,2.931111,2.002736,1.992014
Denmark,1995,1.820788,3.059651,1.925992,2.083605
Denmark,1996,5.0685,1.664407,2.062964,2.1263
Denmark,1997,3.051948,3.490458,1.81149,2.182167
Denmark,1998,1.043709,2.070743,1.905541,1.845651
Denmark,1999,7.179671,0.6660862,2.35564,2.497795
Denmark,2000,11.93924,2.540664,1.987509,2.9032770000000006
Denmark,2001,1.507851,3.855773,2.146238,2.337875
Denmark,2002,2.150298,2.183121,2.497712,2.424437
Denmark,2003,0.8611216,1.42432,2.346115,2.075078
Denmark,2004,2.619974,-1.016558,1.359874,1.154357
Denmark,2005,7.621492,0.6458443,1.322362,1.8178150000000002
Denmark,2006,5.347847,2.724595,1.37144,1.924221
Denmark,2007,0.08281688,4.464926,1.428321,1.6932660000000002
Denmark,2008,7.673756,7.567885,2.247544,3.416268
Denmark,2009,-3.882281,-0.09113278,2.161665,1.30471
Denmark,2010,9.125011,0.3739852,1.834524,2.310924
Denmark,2011,8.824628,3.962196,1.883594,2.758682
Denmark,2012,3.259871,4.291958,2.022798,2.397915
Denmark,2013,-0.5391701,0.4274579,1.036076,0.7890718
Denmark,2014,-0.2165177,-0.8679686,0.8649494,0.5640205
Denmark,2015,-6.766919,1.035528,1.233189,0.45203409999999994
Denmark,2016,-3.335107,0.09999166,0.7044435,0.25
Denmark,2017,1.418675,2.805294,0.8870733,1.147132
Denmark,2018,3.034976,0.04048583,0.6949185,0.8136095
Denmark,2019,-0.2649968,1.392149,0.7684051,0.7581316
Denmark,2020,-5.453842,0.6386206,0.9559481,0.420712
Denmark,2021,11.53909,0.5790434,1.199768,1.853045
Denmark,2022,41.6256,11.5142,4.025807,7.696566999999999
Spain,1990,8.193929,6.4993,6.670208,6.721821000000001
Spain,1991,7.607425,3.495453,6.963696,5.934214
Spain,1992,6.735415,3.67557,6.918457,5.924530999999999
Spain,1993,7.528199,4.140619,5.858052,4.569072
Spain,1994,3.631542,5.396259,4.413924,4.718413
Spain,1995,3.45016,4.872765,4.521592,4.673804
Spain,1996,3.681878,3.377586,3.468963,3.558843
Spain,1997,2.405264,-0.6860679,2.597411,1.971078
Spain,1998,-3.816931,1.111864,2.550257,1.8343300000000002
Spain,1999,3.230664,1.316136,2.457615,2.310345
Spain,2000,13.34139,2.056777,2.936091,3.433517
Spain,2001,-0.9742777,5.90326,3.51124,3.589833
Spain,2002,-0.7989359,4.960772,2.836585,3.065657
Spain,2003,1.358493,4.098377,2.901211,3.038888
Spain,2004,4.823878,3.866757,2.429891,3.039249
Spain,2005,9.616388,3.158216,2.481994,3.368814
Spain,2006,7.983823,4.112564,2.75012,3.515576
Spain,2007,1.684927,3.692075,2.447807,2.7867979999999997
Spain,2008,11.94962,5.879034,2.335474,4.075343
Spain,2009,-9.036183,-1.051279,0.7962966,-0.2878131
Spain,2010,12.54054,-0.8358271,0.5707381,1.7998649999999998
Spain,2011,15.738,2.052426,1.299747,3.196102
Spain,2012,8.855888,2.327047,1.24777,2.446128
Spain,2013,0.0366841,2.786501,1.080211,1.408581
Spain,2014,-0.8047075,-0.3487261,-0.046196,-0.1511148
Spain,2015,-9.014292,1.173437,0.5160497,-0.5003657
Spain,2016,-8.625614,1.400584,0.8428804,-0.20259799999999997
Spain,2017,8.046724,1.229785,1.129472,1.9560760000000001
Spain,2018,6.119974,1.647271,0.9260341,1.674981
Spain,2019,-1.237751,1.034276,0.9561687,0.699519
Spain,2020,-9.611794,2.354986,0.5682508,-0.322753
Spain,2021,21.23588,1.846566,0.570739,3.093135
Spain,2022,27.91892,11.63969,3.69075,8.390576
Estonia,1998,10.63485,5.171635,10.05585,8.744751
Estonia,1999,10.70598,-3.789323,5.823324,3.296111
Estonia,2000,7.983193,2.402774,3.886494,4.018489
Estonia,2001,7.675411,8.280923,4.086854,5.74828
Estonia,2002,6.603719,3.015861,2.916556,3.571913
Estonia,2003,2.389284,-1.720399,2.40785,1.3349909999999998
Estonia,2004,8.191381,4.19241,1.216591,3.048111
Estonia,2005,13.51858,3.543696,1.874572,4.079714
Estonia,2006,8.156522,5.044996,3.313364,4.437621
Estonia,2007,7.842901,9.339304,5.431952,6.601326
Estonia,2008,23.21169,14.1865,6.45976,10.36236
Estonia,2009,-2.498941,-4.023496,1.866203,-0.07840831
Estonia,2010,12.31538,3.038509,0.7504011,2.972045
Estonia,2011,8.194049,9.682507,2.296076,4.981901
Estonia,2012,10.56099,3.833988,2.204369,3.9334000000000002
Estonia,2013,5.711448,4.144743,1.410042,2.780567
Estonia,2014,-4.009001,0.01772735,0.9980137,-0.10617510000000001
Estonia,2015,-7.026424,-0.5392591,1.421308,-0.492326
Estonia,2016,-3.972602,0.03875917,1.332337,0.1486849
Estonia,2017,5.593086,5.718103,2.123687,3.4172360000000004
Estonia,2018,9.314116,3.016134,2.303473,3.436327
Estonia,2019,1.905961,3.030055,2.122051,2.277259
Estonia,2020,-7.190845,2.139228,0.1487379,-0.4445311
Estonia,2021,18.43826,1.837964,2.78251,4.653167
Estonia,2022,63.52201,19.91215,9.726146,19.39826
Finland,1990,9.577149,3.681118,6.519116,6.149561000000001
Finland,1991,2.815974,2.862667,4.76941,4.310215
Finland,1992,3.572905,-0.07777814,3.583843,2.919323
Finland,1993,11.13076,-0.6356825,2.196546,2.190654
Finland,1994,-2.090082,0.1917616,1.536143,1.088558
Finland,1995,0.6395133,-7.913938,2.901047,0.7912361999999998
Finland,1996,10.23594,-1.439251,0.2833569,0.6291981
Finland,1997,1.744902,0.4253124,1.088673,1.192557
Finland,1998,-1.284747,1.94411,1.59487,1.399471
Finland,1999,3.772676,-0.02890699,1.229972,1.162237
Finland,2000,12.55305,1.066889,2.559026,3.0420959999999995
Finland,2001,-1.771829,4.429388,2.621095,2.578441
Finland,2002,-0.9052883,2.879282,1.543859,1.5712210000000002
Finland,2003,4.815233,0.5996106,0.614233,0.8774384999999999
Finland,2004,3.786963,0.776467,-0.2122383,0.18712340000000002
Finland,2005,6.793381,0.5655746,0.185903,0.6238712
Finland,2006,5.865538,1.36839,1.27096,1.566667
Finland,2007,1.765766,2.070094,2.64087,2.510666
Finland,2008,13.47567,8.597318,2.54967,4.065952
Finland,2009,-8.290954,2.020337,0.3987428,-1.22e-14
Finland,2010,10.64667,-3.418234,1.189448,1.184135
Finland,2011,14.58455,6.282866,2.041667,3.416809
Finland,2012,4.08757,5.159489,2.270314,2.808332
Finland,2013,-0.5240724,5.33733,0.9821928,1.478288
Finland,2014,-1.735038,0.1507751,1.462913,1.0412
Finland,2015,-5.985292,-1.869436,0.5619226,-0.207932
Finland,2016,-3.713519,-1.145881,0.9633815,0.3566845
Finland,2017,5.68471,-0.9146855,0.6586876,0.754015
Finland,2018,4.520662,1.93134,0.681438,1.083821
Finland,2019,2.988419,1.211969,0.829132,1.024094
Finland,2020,-4.895009,1.66011,0.504051,0.2905546
Finland,2021,9.620338,0.5694816,1.725593,2.194574
Finland,2022,30.70232,10.50721,4.146388,7.123507
France,1990,4.639196,3.143228,3.074471,3.194282
France,1991,2.221316,2.792266,3.407498,3.213407
France,1992,-1.124013,0.3740678,3.162793,2.36376
France,1993,2.034362,-0.1469534,2.637858,2.104463
France,1994,1.580021,0.8006028,1.856886,1.655515
France,1995,2.058704,1.21239,1.905299,1.796481
France,1996,3.956832,1.120548,2.049877,1.982884
France,1997,2.090104,1.788302,0.9525385,1.203943
France,1998,-2.765598,1.699704,0.7898768,0.6511269
France,1999,0.4474346,0.4310535,0.5776343,0.5371416
France,2000,12.06095,2.200902,0.5071792,1.67596
France,2001,-1.521181,5.516412,1.18479,1.634781
France,2002,-1.482728,2.729031,2.120125,1.923412
France,2003,2.323662,2.27901,2.043296,2.098472
France,2004,4.706004,0.4863352,2.234885,2.14209
France,2005,9.79873,0.1571493,1.255149,1.745869
France,2006,6.417635,1.67395,1.163713,1.6751250000000002
France,2007,1.855652,1.451361,1.469273,1.487998
France,2008,10.79266,5.064484,1.544703,2.8128620000000004
France,2009,-11.29438,0.07816317,1.319244,0.08762048
France,2010,9.685724,0.7845713,0.9021641,1.531123
France,2011,12.08475,1.986668,1.099049,2.111598
France,2012,5.198433,2.88914,1.396953,1.9541949999999997
France,2013,0.8685482,1.149724,0.8143961,0.8637155
France,2014,-0.8279275,-0.8388023,0.9250727,0.5077588
France,2015,-4.491274,0.4032865,0.483614,0.03751438
France,2016,-2.561003,0.5541667,0.4158603,0.1833349
France,2017,5.990505,1.087308,0.5213681,1.032283
France,2018,9.41126,1.967584,1.05519,1.850815
France,2019,1.797267,2.449006,0.7847481,1.108255
France,2020,-5.957622,2.021613,0.8851095,0.47649880000000006
France,2021,10.45525,0.6146201,0.9562704,1.6423309999999998
France,2022,23.57218,7.277634,2.779273,5.222367
United Kingdom,1990,9.711146,8.1,9.701984,8.0
United Kingdom,1991,7.707182,5.2,5.786047,7.5
United Kingdom,1992,2.508366,2.2,4.114183,4.6
United Kingdom,1993,2.947882,1.7,1.392592,2.6
United Kingdom,1994,4.479784,0.9,2.514458,2.2
United Kingdom,1995,3.570053,3.6,3.330251,2.7000000000000006
United Kingdom,1996,2.651205,3.1,2.146286,2.9
United Kingdom,1997,3.165523,-0.2,1.876615,2.2
United Kingdom,1998,0.3696858,1.0,1.444959,1.8
United Kingdom,1999,4.383057,0.3,0.7393715,1.7
United Kingdom,2000,7.004234,-0.5,0.07555316,1.2
United Kingdom,2001,-2.605111,3.8,1.067731,1.6000000000000003
United Kingdom,2002,-0.7956662,0.8,1.483299,1.5
United Kingdom,2003,2.593857,1.3,1.28286,1.3999999999999997
United Kingdom,2004,6.287425,0.8,1.069352,1.3999999999999997
United Kingdom,2005,11.16049,1.5,1.440265,2.1
United Kingdom,2006,14.67116,2.4,1.7,2.5
United Kingdom,2007,5.588235,4.5,1.9,2.4
United Kingdom,2008,17.13092,9.2,1.9,3.5
United Kingdom,2009,0.2378121,5.5,1.6,2.0
United Kingdom,2010,5.812574,3.4,2.0,2.5
United Kingdom,2011,11.88341,5.5,2.8,3.7999999999999994
United Kingdom,2012,5.01002,3.2,2.1,2.6
United Kingdom,2013,3.339695,3.7,1.9,2.3
United Kingdom,2014,0.0923361,-0.2,1.6,1.5
United Kingdom,2015,-7.749077,-2.6,1.3,0.4000000000000001
United Kingdom,2016,-2.5,-2.4,1.6,1.0
United Kingdom,2017,6.051282,2.3,2.3,2.6
United Kingdom,2018,6.866538,2.1,1.9,2.3
United Kingdom,2019,2.081448,1.4,1.7,1.7
United Kingdom,2020,-6.560284,0.7,1.5,1.0
United Kingdom,2021,9.108159,0.3,2.3,2.5
United Kingdom,2022,47.30435,10.9,5.3,7.900000000000001
Greece,1990,40.65689,20.01917,18.48575,20.43349
Greece,1991,25.36264,17.76452,18.19948,19.45585
Greece,1992,18.46797,11.78911,16.79365,15.877069999999998
Greece,1993,12.50427,9.895208,16.00789,14.41127
Greece,1994,3.582679,13.25232,11.05683,10.87408
Greece,1995,4.362228,8.482485,9.626585,8.934514
Greece,1996,8.203518,7.006162,8.552217,8.194549
Greece,1997,-3.59048,4.138753,7.30231,5.536003
Greece,1998,-3.274575,4.392682,5.977269,4.766226
Greece,1999,-3.547293,2.394328,3.607164,2.636638
Greece,2000,17.18127,1.889842,2.161935,3.151177
Greece,2001,-1.433912,5.126946,3.347875,3.373966
Greece,2002,-0.2974185,5.326265,3.419708,3.629363
Greece,2003,3.69433,4.975938,3.145416,3.530651
Greece,2004,6.121009,0.5146211,3.178238,2.8988479999999996
Greece,2005,14.20847,0.6149968,3.155398,3.545073
Greece,2006,9.009915,3.741987,2.449842,3.1959460000000006
Greece,2007,2.103877,3.240945,2.887095,2.895001
Greece,2008,13.22618,5.364443,2.909467,4.152796
Greece,2009,-11.36273,1.906247,2.231292,1.210074
Greece,2010,28.79691,0.0622359,3.391464,4.712982
Greece,2011,16.51815,3.114145,1.876895,3.32987
Greece,2012,12.84765,1.50546,0.204653,1.50152
Greece,2013,6.556058,0.004053829,-2.021566,-0.9212719000000001
Greece,2014,-1.784672,-1.682019,-1.246605,-1.312242
Greece,2015,-9.974874,1.801906,-1.071542,-1.735902
Greece,2016,-5.229359,-0.2210454,-0.2508495,-0.8256576
Greece,2017,7.36636,0.3180962,0.3410174,1.121259
Greece,2018,3.21657,0.3985713,0.1724595,0.6256205
Greece,2019,-0.4804807,-0.108345,0.5333833,0.2529927
Greece,2020,-8.250781,1.351419,-0.6744353,-1.247972
Greece,2021,12.30831,1.361123,-0.6244386,1.223826
Greece,2022,38.38018,11.78599,3.33849,9.645261
Hungary,1990,,34.89601,,28.36959
Hungary,1991,70.7714,20.77673,35.78678,34.81754
Hungary,1992,22.77045,20.54927,24.88486,23.65572
Hungary,1993,17.07276,29.30738,20.99609,22.46424
Hungary,1994,11.34406,23.55024,18.31785,18.86808
Hungary,1995,33.9129,30.80616,26.56152,28.30546
Hungary,1996,28.38893,17.27293,24.85485,23.46903
Hungary,1997,22.25754,17.48026,18.39753,18.30508
Hungary,1998,13.67129,14.17551,14.40462,14.15379
Hungary,1999,12.97662,2.907989,12.22466,9.997744
Hungary,2000,17.33362,9.186046,8.363056,9.803608
Hungary,2001,4.442864,13.63971,8.625354,9.116809
Hungary,2002,2.544869,4.324383,6.087729,5.265448
Hungary,2003,5.507702,1.447178,5.348324,4.661017
Hungary,2004,10.15141,5.706134,6.413629,6.744347
Hungary,2005,7.354639,1.657991,3.402221,3.561517
Hungary,2006,6.825074,8.173716,2.248236,3.9303259999999995
Hungary,2007,13.82023,11.93899,5.665134,7.958745
Hungary,2008,11.68632,10.39154,3.67653,6.042511999999999
Hungary,2009,2.893582,3.887352,4.58045,4.211712
Hungary,2010,11.46875,2.779105,3.881618,4.855558
Hungary,2011,9.051234,7.234919,1.632069,3.929921
Hungary,2012,8.585055,5.972369,4.789407,5.652145
Hungary,2013,-5.351644,2.636656,3.488372,1.7332
Hungary,2014,-7.24916,-0.7974482,1.928947,-0.2275663
Hungary,2015,-7.464918,0.5512173,1.771378,-0.06164468
Hungary,2016,-3.648229,0.3026496,1.465064,0.39476929999999993
Hungary,2017,4.048249,2.625107,1.810441,2.348243
Hungary,2018,4.521841,4.021391,2.040074,2.850248
Hungary,2019,0.6049822,5.109061,3.415301,3.338586
Hungary,2020,-2.812168,7.250494,3.308253,3.326744
Hungary,2021,11.24052,3.448765,4.547729,5.110965
Hungary,2022,15.40517,27.75872,10.23664,14.60814
Indonesia,1990,,,,7.819196000000001
Indonesia,1991,,,,9.419066
Indonesia,1992,,,,7.523511
Indonesia,1993,,,,9.671896
Indonesia,1994,,,,8.532005
Indonesia,1995,,,,9.420318
Indonesia,1996,,,,7.97328
Indonesia,1997,,,,6.226142
Indonesia,1998,,,,58.45105
Indonesia,1999,,,,20.47783
Indonesia,2000,,,,3.688618
Indonesia,2001,,,,11.50012
Indonesia,2002,,,,11.90012
Indonesia,2003,,,,6.757316
Indonesia,2004,,,,6.0640600000000004
Indonesia,2005,,,,10.4532
Indonesia,2006,,,,13.108669999999998
Indonesia,2007,,,,6.406562
Indonesia,2008,,,,10.22667
Indonesia,2009,,,,4.386416
Indonesia,2010,,,,5.134203
Indonesia,2011,,,,5.356048
Indonesia,2012,,,,4.279512
Indonesia,2013,,,,6.412499999999999
Indonesia,2014,,,,6.394926000000001
Indonesia,2015,,,,6.363121
Indonesia,2016,,,,3.525805
Indonesia,2017,,,,3.808798
Indonesia,2018,,,,3.1983459999999995
Indonesia,2019,,,,3.030587
Indonesia,2020,,,,1.920968
Indonesia,2021,,,,1.560136
Indonesia,2022,,,,4.209456
India,1990,,,,8.971233
India,1991,,,,13.87025
India,1992,,,,11.787820000000002
India,1993,,,,6.32689
India,1994,,,,10.24793
India,1995,,,,10.22489
India,1996,,,,8.977149
India,1997,,,,7.164254
India,1998,,,,13.23084
India,1999,,,,4.669821
India,2000,,,,4.009434
India,2001,,,,3.779289
India,2002,,,,4.29716
India,2003,,,,3.805866
India,2004,,,,3.7672380000000003
India,2005,,,,4.246353
India,2006,,,,5.796516
India,2007,,,,6.372881
India,2008,,,,8.349267
India,2009,,,,10.88235
India,2010,,,,11.98939
India,2011,,,,8.858361
India,2012,,,,9.312446
India,2013,,,,10.90764
India,2014,,6.863105,,6.353195
India,2015,,4.957712,,5.872426999999999
India,2016,,5.267295,,4.941027
India,2017,,1.344287,,2.490887
India,2018,,1.252763,,4.8607
India,2019,,,,7.659695
India,2020,,,,5.561349
India,2021,,,,4.890086
India,2022,,,,5.90043
Ireland,1990,2.639296,1.361519,3.836946,3.3173289999999995
Ireland,1991,1.485714,0.77766,3.901906,3.210815
Ireland,1992,-1.576577,1.087338,3.829977,3.069996
Ireland,1993,0.1716247,-0.3122831,1.947885,1.4694200000000002
Ireland,1994,0.7424329,3.341455,2.179941,2.309198
Ireland,1995,0.5668934,2.761873,2.590812,2.524866
Ireland,1996,3.776776,1.704359,1.644879,1.753731
Ireland,1997,3.154387,1.506525,1.431378,1.5256049999999999
Ireland,1998,-0.6187917,4.065365,2.236873,2.415518
Ireland,1999,1.867934,3.054385,1.297358,1.631924
Ireland,2000,13.6561,3.112515,5.674074,5.590717000000001
Ireland,2001,-2.646476,6.532709,4.987663,4.872905
Ireland,2002,3.474342,3.450901,6.596142,4.614733
Ireland,2003,4.046081,1.430791,3.810656,3.49049
Ireland,2004,8.412098,-0.2660003,2.141196,2.199629
Ireland,2005,12.66658,-0.6950618,2.165496,2.429692
Ireland,2006,8.125138,1.391715,4.037079,3.93164
Ireland,2007,4.6621,2.801413,5.217397,4.897116
Ireland,2008,8.801407,6.535489,3.244488,4.060305
Ireland,2009,-7.882923,-3.466725,-4.303612,-4.478103
Ireland,2010,9.590643,-4.555463,-1.395236,-0.9220958
Ireland,2011,11.97972,1.153448,1.837082,2.557189
Ireland,2012,9.347947,0.5662158,0.868212,1.6962090000000003
Ireland,2013,-0.1380012,1.055677,0.506761,0.5087149
Ireland,2014,-1.454651,-2.244061,0.7576957,0.18254230000000002
Ireland,2015,-8.170344,-2.137259,1.012227,-0.2898791
Ireland,2016,-6.180678,-1.334628,0.9026991,0.008306338
Ireland,2017,3.906451,-2.074111,0.3213623,0.3405316
Ireland,2018,7.131668,-2.025952,0.1742605,0.48837020000000003
Ireland,2019,1.085116,-0.6664958,1.135042,0.9390445
Ireland,2020,-5.009517,-1.410753,0.2301742,-0.33458460000000007
Ireland,2021,12.28661,-0.253032,1.803567,2.358143
Ireland,2022,41.22056,6.90168,4.698297,7.807375
Iceland,1990,,12.82346,,15.51072
Iceland,1991,,2.569016,,6.80878
Iceland,1992,,1.344977,,3.9477120000000006
Iceland,1993,11.89576,2.332281,3.676611,4.04285
Iceland,1994,0.4102845,-2.226861,2.533333,1.552657
Iceland,1995,0.5629711,2.846975,1.491114,1.651232
Iceland,1996,4.388262,3.16609,1.879218,2.260421
Iceland,1997,4.601678,3.295321,1.123501,1.815431
Iceland,1998,-2.249235,2.751847,1.923555,1.659237
Iceland,1999,2.893156,3.270659,3.262019,3.231831
Iceland,2000,11.88029,4.123317,4.726643,5.136475
Iceland,2001,4.067265,6.899285,6.549704,6.405086
Iceland,2002,-2.107184,4.212616,6.169003,5.197023
Iceland,2003,1.984305,-2.638,3.026523,2.055662
Iceland,2004,7.524671,1.070243,3.209795,3.1581950000000005
Iceland,2005,6.124194,-2.586958,5.052842,3.987048
Iceland,2006,7.956282,7.980736,6.291111,6.687074
Iceland,2007,1.684676,-1.083148,6.553352,5.051564
Iceland,2008,21.6826,15.96804,11.40374,12.6944
Iceland,2009,8.149107,17.53156,11.39418,12.003120000000001
Iceland,2010,15.47899,4.235382,4.684973,5.396732
Iceland,2011,17.06351,3.825046,2.613838,4.001026
Iceland,2012,8.744698,6.089643,4.587476,5.1859
Iceland,2013,0.09186638,5.092101,4.097796,3.872275
Iceland,2014,-1.343028,0.5050198,2.73352,2.044619
Iceland,2015,-5.522176,2.839568,2.094059,1.633058
Iceland,2016,-2.876054,1.320784,2.162393,1.69693
Iceland,2017,2.527174,-2.419804,2.426254,1.760413
Iceland,2018,5.159969,2.487947,2.526667,2.682915
Iceland,2019,2.755354,3.799316,2.932516,3.013977
Iceland,2020,-1.991862,4.910431,2.887117,2.8479189999999996
Iceland,2021,7.378532,3.512412,4.377288,4.444243
Iceland,2022,17.42556,7.233001,7.794296,8.308754
Israel,1990,26.90928,8.476778,19.22559,17.1859
Israel,1991,17.24556,13.98204,20.38972,19.13526
Israel,1992,9.025146,13.39637,11.54117,12.01569
Israel,1993,5.49763,5.698401,12.49211,10.92382
Israel,1994,9.104523,11.30835,12.9183,12.275510000000002
Israel,1995,11.06231,6.89112,10.62914,9.931447
Israel,1996,19.17944,9.338737,11.13439,11.416689999999997
Israel,1997,12.77478,9.080189,8.941557,8.969575
Israel,1998,2.574476,5.899614,5.475896,5.4919
Israel,1999,9.196845,6.57722,4.558772,5.181024
Israel,2000,9.456575,2.2578,0.4147052,1.032641
Israel,2001,-1.679916,2.315001,1.08271,1.151316
Israel,2002,10.80092,2.772691,6.051237,5.772358
Israel,2003,9.885722,2.786969,-0.2603082,0.7027560999999999
Israel,2004,6.640772,-0.6438034,-0.9708738,-0.3816378
Israel,2005,9.834332,1.669782,0.07379296,1.313485
Israel,2006,4.332478,5.086408,1.31676,2.063526
Israel,2007,0.7997539,4.140425,-0.1455604,0.455171
Israel,2008,11.09755,12.21861,2.426072,4.55216
Israel,2009,-5.301227,1.077844,4.625394,3.356178
Israel,2010,3.964034,2.438784,2.53595,2.6913700000000005
Israel,2011,8.60225,3.383132,3.032313,3.484949
Israel,2012,8.545984,0.5127727,1.342776,1.679207
Israel,2013,1.798675,5.203599,0.9347491,1.5702550000000002
Israel,2014,-0.2789833,-1.357785,0.8541629,0.4797868
Israel,2015,-12.33292,0.02681444,0.4190069,-0.601291
Israel,2016,-6.276039,-1.242069,0.03551136,-0.5515524
Israel,2017,3.263028,0.02714441,-0.008874689,0.259415
Israel,2018,3.068327,0.9317051,0.6035324,0.7940757
Israel,2019,-0.4354394,2.079226,0.7146008,0.8497831000000001
Israel,2020,-7.898965,-0.01755926,-0.1489138,-0.6144124
Israel,2021,5.436574,0.9922726,1.263269,1.5102009999999997
Israel,2022,10.29412,4.347448,3.950446,4.393597
Italy,1990,11.72834,6.00795,6.181182,6.456608
Italy,1991,11.10833,6.39078,5.835902,6.25
Italy,1992,1.61254,4.958095,5.649635,5.270588
Italy,1993,4.288456,2.022388,5.316476,4.626732
Italy,1994,4.005945,3.584229,4.170759,4.051841
Italy,1995,4.74311,6.150696,5.049182,5.235423
Italy,1996,3.076348,3.95,4.194029,4.00698
Italy,1997,1.923092,-0.1443001,2.603644,2.043106
Italy,1998,-1.32101,1.035645,2.482182,1.955088
Italy,1999,1.026341,0.9058403,1.89063,1.663458
Italy,2000,11.62997,1.559178,1.983422,2.537687
Italy,2001,1.57669,4.109483,2.61927,2.785166
Italy,2002,-2.648151,3.641916,2.667614,2.46532
Italy,2003,3.157814,3.161828,2.536171,2.672559
Italy,2004,2.382958,2.166342,2.207934,2.206736
Italy,2005,8.706304,-0.04772619,1.889365,1.985294
Italy,2006,8.11968,1.739427,1.681551,2.090843
Italy,2007,1.530273,2.86289,1.616669,1.829738
Italy,2008,10.13003,5.403468,2.188951,3.347834
Italy,2009,-8.898665,1.830437,1.572092,0.7747682
Italy,2010,4.196601,0.1639643,1.573095,1.5255160000000003
Italy,2011,11.23407,2.478932,1.996946,2.780633
Italy,2012,13.94029,2.529895,1.910476,3.041363
Italy,2013,-0.2258383,2.364329,1.157523,1.219992
Italy,2014,-2.9838,0.116261,0.6514667,0.2410575
Italy,2015,-6.782806,1.091585,0.6367812,0.03878675
Italy,2016,-5.472358,0.1929851,0.4979809,-0.09402139999999999
Italy,2017,4.518063,1.879418,0.7119514,1.226533
Italy,2018,5.600744,1.22439,0.5977152,1.137488
Italy,2019,0.5160406,0.7660673,0.5725608,0.6112469
Italy,2020,-8.372672,1.400448,0.4921978,-0.1377076
Italy,2021,14.08469,0.5761187,0.7966448,1.8737830000000002
Italy,2022,50.84793,9.141557,2.932897,8.20129
Japan,1990,3.425008,4.644328,2.587044,3.1
Japan,1991,2.352709,5.587314,2.687692,3.2833330000000003
Japan,1992,-1.014101,-0.04612847,2.462305,1.7416670000000003
Japan,1993,0.09757049,0.87383,1.428067,1.258333
Japan,1994,-1.793547,0.7073152,0.909196,0.6833333
Japan,1995,-1.915633,-1.674646,0.5303969,-0.08333333999999999
Japan,1996,-2.489375,-0.07945155,0.4187718,0.1333333
Japan,1997,2.843503,1.608358,1.608796,1.7083330000000003
Japan,1998,-4.238143,1.802633,0.725813,0.6583334
Japan,1999,-1.675448,-0.8365077,-0.1088241,-0.3416667
Japan,2000,3.065052,-2.420516,-0.5834466,-0.6583334
Japan,2001,0.4887179,-0.6409787,-0.8197222,-0.7333333
Japan,2002,-2.369619,-1.124778,-0.716541,-0.9083334
Japan,2003,0.06359301,-0.1626368,-0.3224238,-0.25
Japan,2004,1.535854,1.103384,-0.4559619,-0.008333334
Japan,2005,3.640726,-1.311512,-0.3788676,-0.2833333
Japan,2006,5.827881,0.572607,-0.3528478,0.2416667
Japan,2007,1.635914,0.3351854,-0.2066981,0.058333329999999996
Japan,2008,9.049223,2.952799,0.2164024,1.3833329999999997
Japan,2009,-11.07011,0.07285325,-0.7040483,-1.341667
Japan,2010,2.644022,-0.2822122,-1.182131,-0.6999999999999998
Japan,2011,5.856915,-0.5579196,-0.8631741,-0.275
Japan,2012,3.74778,0.1236212,-0.4827586,-0.041666669999999996
Japan,2013,5.78668,-0.1994491,-0.1645877,0.3499999999999999
Japan,2014,6.546367,4.225352,1.89154,2.733333
Japan,2015,-7.184628,3.570124,1.081495,0.8000000000000002
Japan,2016,-10.22011,2.01005,0.379107,-0.1333333
Japan,2017,5.331754,0.6481721,-0.02517835,0.4749999999999999
Japan,2018,6.965476,1.605702,0.2014775,0.9916667
Japan,2019,1.342825,0.2281754,0.4440348,0.4749999999999999
Japan,2020,-4.222541,1.197302,0.1084327,-0.01666667
Japan,2021,3.958663,-0.04999167,-0.7332112,-0.25
Japan,2022,17.05147,4.901634,0.3189525,2.508333
South Korea,1990,6.022715,9.850812,10.20921,8.573277
South Korea,1991,13.30248,10.99069,8.894286,9.33279
South Korea,1992,10.50235,5.271064,6.382093,6.213282
South Korea,1993,5.831605,3.02351,5.287504,4.800997
South Korea,1994,-0.05004526,10.19632,5.604763,6.26586
South Korea,1995,1.789302,3.0285,5.298928,4.480741
South Korea,1996,10.18436,3.016269,5.024467,4.924543
South Korea,1997,17.02587,3.980161,3.482769,4.438932
South Korea,1998,29.02706,10.0975,4.783642,7.51358
South Korea,1999,0.3903701,4.54352,-0.2109031,0.8129572
South Korea,2000,9.555849,0.8358408,1.82452,2.259166
South Korea,2001,7.024829,5.099273,3.507935,4.066576
South Korea,2002,-3.192629,4.812296,3.084139,2.762262
South Korea,2003,3.699665,4.650421,3.248891,3.5148740000000003
South Korea,2004,5.35217,8.073401,2.390606,3.5906630000000006
South Korea,2005,5.67603,3.105291,2.31877,2.7537919999999994
South Korea,2006,7.041901,0.5252814,1.991338,2.24234
South Korea,2007,2.810309,2.503675,2.53333,2.534574
South Korea,2008,12.94863,4.950377,3.578052,4.673897
South Korea,2009,-5.235724,7.576131,2.954428,2.756496
South Korea,2010,6.469499,6.411985,1.844808,2.9392860000000005
South Korea,2011,9.860043,8.14172,2.558549,4.025965
South Korea,2012,4.317402,3.960913,1.568548,2.187071
South Korea,2013,0.2889576,0.8577079,1.516924,1.301347
South Korea,2014,-0.4091173,0.292381,1.670894,1.274774
South Korea,2015,-14.10364,1.649398,2.42542,0.7063318
South Korea,2016,-9.360777,2.307542,1.875082,0.9716858
South Korea,2017,3.43027,3.398463,1.535957,1.944332
South Korea,2018,2.299623,2.773523,1.167376,1.475839
South Korea,2019,-2.597193,0.04753609,0.7365553,0.3830003
South Korea,2020,-4.822825,4.425282,0.3558421,0.537288
South Korea,2021,7.569937,5.885833,1.372489,2.498333
South Korea,2022,19.00918,5.915963,3.602196,5.087888
Lithuania,1992,,,,1020.621
Lithuania,1993,,,,410.4519
Lithuania,1994,,59.59431,,72.25468
Lithuania,1995,,40.22623,,39.64763
Lithuania,1996,22.00808,27.74179,20.25583,24.62519
Lithuania,1997,15.94707,6.066365,10.8096,8.881048
Lithuania,1998,13.4286,-0.148701,8.465707,5.067554
Lithuania,1999,8.482391,-3.953001,3.199358,0.7275506000000002
Lithuania,2000,17.93847,-2.443659,-1.02961,0.9816154999999999
Lithuania,2001,0.02549587,3.542899,0.08388211,1.36712
Lithuania,2002,1.688309,-0.7074813,0.4925124,0.2815066
Lithuania,2003,1.077709,-3.696769,-0.08103536,-1.134309
Lithuania,2004,2.726609,2.221871,0.1666837,1.164103
Lithuania,2005,7.229583,3.919611,0.9143168,2.658485
Lithuania,2006,7.589939,6.092532,1.72397,3.73912
Lithuania,2007,6.836019,11.25789,3.092095,5.737174
Lithuania,2008,18.01467,15.92855,7.203485,10.92589
Lithuania,2009,8.720504,1.641284,4.728813,4.453044
Lithuania,2010,10.33004,-0.4537316,-0.2364654,1.319214
Lithuania,2011,12.0377,8.253887,0.1956224,4.130276
Lithuania,2012,6.659549,3.04782,2.065187,3.089983
Lithuania,2013,-1.226073,1.665995,1.462457,1.047479
Lithuania,2014,-3.865776,0.7681569,0.9758406,0.103758
Lithuania,2015,-11.74955,-0.8614315,1.958123,-0.8840974
Lithuania,2016,-6.539125,1.233342,2.452658,0.9055250999999999
Lithuania,2017,3.992812,3.561063,3.720271,3.722889
Lithuania,2018,7.134684,1.443357,2.233412,2.6979279999999997
Lithuania,2019,0.1272165,2.929875,2.6054,2.334509
Lithuania,2020,-9.856718,2.261181,3.055183,1.199894
Lithuania,2021,14.33189,2.766429,3.50191,4.683544
Lithuania,2022,56.15351,26.34362,10.31553,19.70505
Luxembourg,1990,4.947463,3.227892,3.122243,3.253765
Luxembourg,1991,-0.1546779,3.095782,3.391084,3.118359
Luxembourg,1992,-5.255375,0.7379746,4.281687,3.154169
Luxembourg,1993,4.585943,-0.2896574,4.231898,3.588104
Luxembourg,1994,-2.762224,1.776791,2.626404,2.19476
Luxembourg,1995,-1.409027,2.439313,1.991761,1.867698
Luxembourg,1996,5.792076,0.8462541,0.9385236,1.183861
Luxembourg,1997,3.671461,1.050816,1.263482,1.3675109999999997
Luxembourg,1998,-5.127071,2.673528,1.089688,0.9585662
Luxembourg,1999,2.677893,1.20959,0.8823159,1.025194
Luxembourg,2000,19.81487,2.041092,2.219655,3.150768
Luxembourg,2001,-1.531591,4.77046,2.722034,2.663822
Luxembourg,2002,-4.194628,3.904481,1.88627,2.074089
Luxembourg,2003,2.501308,1.931746,1.932695,2.04984
Luxembourg,2004,8.997285,1.829956,1.928468,2.225681
Luxembourg,2005,15.32669,1.636831,1.81621,2.487693
Luxembourg,2006,9.563413,2.371201,2.06,2.666315
Luxembourg,2007,2.396653,3.361577,2.119668,2.312459
Luxembourg,2008,13.4662,5.367156,1.991717,3.40188
Luxembourg,2009,-14.86825,1.427912,2.016322,0.368042
Luxembourg,2010,10.18432,0.8682732,1.577641,2.273679
Luxembourg,2011,12.88952,2.559381,2.387581,3.410683
Luxembourg,2012,7.229407,2.567325,2.09103,2.662842
Luxembourg,2013,-2.619775,3.64607,2.075704,1.73404
Luxembourg,2014,-4.620914,0.5589989,1.30674,0.628544
Luxembourg,2015,-9.326459,0.7674997,1.606256,0.4747432
Luxembourg,2016,-8.520691,1.529141,0.9516587,0.2908333
Luxembourg,2017,4.278674,2.816057,1.366979,1.7307999999999997
Luxembourg,2018,8.366092,2.211259,0.8827434,1.528195
Luxembourg,2019,1.614658,1.401928,1.798471,1.743321
Luxembourg,2020,-7.829185,2.726579,1.290133,0.8199573
Luxembourg,2021,18.82429,0.8959835,1.567271,2.52692
Luxembourg,2022,30.81358,7.015784,4.01264,6.336008
Latvia,1992,,773.9868,,951.6962
Latvia,1993,,90.50469,,108.9896
Latvia,1994,,33.26257,,35.92471
Latvia,1995,,16.14383,,24.97593
Latvia,1996,26.50169,12.40948,21.12802,17.61046
Latvia,1997,14.91923,2.53945,12.77488,8.447392
Latvia,1998,3.477037,1.327918,8.281073,4.644212
Latvia,1999,3.110763,-1.086616,4.986261,2.364815
Latvia,2000,6.199768,0.6505841,2.934083,2.654253
Latvia,2001,1.161543,4.829755,1.375992,2.487044
Latvia,2002,-0.00186095,3.43705,1.509768,1.938879
Latvia,2003,3.952731,2.594747,2.929813,2.942643
Latvia,2004,10.36359,7.403585,4.740892,6.192384
Latvia,2005,12.15166,9.187933,4.407856,6.748452
Latvia,2006,12.64494,8.154487,4.483623,6.536199
Latvia,2007,10.31641,13.49383,8.676438,10.09298
Latvia,2008,27.42789,18.26262,12.01107,15.402319999999998
Latvia,2009,4.041453,-0.05753126,4.76409,3.534107
Latvia,2010,5.355403,-0.2896264,-3.095773,-1.084636
Latvia,2011,13.47922,8.449147,0.2476122,4.370736
Latvia,2012,8.729813,2.313369,0.4255924,2.257789
Latvia,2013,-2.379014,1.309265,0.06602337,-0.02945478
Latvia,2014,-1.994237,-0.2707196,1.70296,0.6204923
Latvia,2015,-2.741531,-1.262942,1.513934,0.1742414
Latvia,2016,-6.944733,1.069591,1.609685,0.1406308
Latvia,2017,4.08605,5.590045,1.658767,2.9303690000000002
Latvia,2018,7.158182,0.5769475,2.182573,2.53446
Latvia,2019,3.074521,2.914095,2.711959,2.811403
Latvia,2020,-7.128325,2.395751,1.219808,0.2190611
Latvia,2021,10.49641,2.237273,1.876697,3.275814
Latvia,2022,48.91247,21.64045,7.142162,17.31029
Mexico,1990,22.24721,25.94124,27.18126,26.65167
Mexico,1991,28.63647,19.31133,23.62575,22.662359999999996
Mexico,1992,29.92748,10.65576,16.48699,15.5079
Mexico,1993,11.68805,5.486386,11.13616,9.75146
Mexico,1994,11.08052,4.65494,7.476933,6.965813
Mexico,1995,43.43292,39.62875,32.92489,34.99926
Mexico,1996,35.10296,42.25133,31.62266,34.37838
Mexico,1997,23.2143,19.11306,20.99635,20.62563
Mexico,1998,15.4367,16.0247,15.93008,15.92839
Mexico,1999,18.94106,15.65736,16.74914,16.58562
Mexico,2000,16.79331,5.417217,10.41193,9.49156
Mexico,2001,8.558722,5.063315,6.64255,6.367737000000001
Mexico,2002,7.159244,3.752854,3.496446,5.030733
Mexico,2003,8.76207,5.5347,3.958299,4.546898
Mexico,2004,7.526831,7.21681,3.866963,4.688407
Mexico,2005,6.043523,5.366172,3.476633,3.988061
Mexico,2006,7.262056,3.657277,3.265437,3.629463
Mexico,2007,3.852577,6.620907,3.360439,3.9668499999999995
Mexico,2008,6.071911,8.149836,4.301033,5.124982
Mexico,2009,2.502602,8.818496,4.712232,5.297357
Mexico,2010,5.409369,3.306365,4.248749,4.156728
Mexico,2011,5.516433,4.359802,2.998729,3.40738
Mexico,2012,7.318355,8.122442,2.631736,4.111508
Mexico,2013,7.525334,5.172226,2.88949,3.80639
Mexico,2014,8.36129,4.740626,3.238194,4.018617
Mexico,2015,2.46255,3.989153,2.396464,2.720641
Mexico,2016,-0.184318,4.469661,2.766401,2.8217079999999997
Mexico,2017,15.75848,6.966013,4.452861,6.041456
Mexico,2018,13.01203,4.795746,3.706134,4.899351
Mexico,2019,2.433758,4.388219,3.529981,3.635961
Mexico,2020,-3.634439,6.621487,3.200822,3.396834
Mexico,2021,13.70615,7.23108,3.854903,5.689209000000001
Mexico,2022,5.255033,13.26198,5.998022,7.896276
Netherlands,1990,9.131495,2.209381,2.104579,2.454089
Netherlands,1991,8.099113,3.4,2.793696,3.158203
Netherlands,1992,-0.4763371,1.77305,3.716632,3.183581
Netherlands,1993,-4.333563,-0.3088375,3.608108,2.584182
Netherlands,1994,3.68438,1.874653,2.927201,2.801527
Netherlands,1995,0.6348884,0.3820663,2.293737,1.92322
Netherlands,1996,-1.168296,-0.1220909,3.773056,1.949368
Netherlands,1997,8.186134,1.634919,1.689404,2.109246
Netherlands,1998,-0.1290697,2.341387,2.0604,1.959136
Netherlands,1999,2.710736,1.31126,2.235505,2.157179
Netherlands,2000,15.49072,0.08363739,1.558887,2.360522
Netherlands,2001,6.728949,7.040562,3.549433,4.155841
Netherlands,2002,2.301901,3.281904,3.375993,3.287531
Netherlands,2003,4.450321,1.109284,2.014584,2.091998
Netherlands,2004,5.537245,-3.466096,1.534633,1.263647
Netherlands,2005,11.79353,-1.289461,1.188854,1.68813
Netherlands,2006,7.525151,1.640727,0.3577217,1.101501
Netherlands,2007,3.66539,1.03242,1.483435,1.613859
Netherlands,2008,4.531876,5.629835,1.841722,2.486502
Netherlands,2009,-3.862859,1.080421,1.76143,1.189777
Netherlands,2010,0.1183646,-0.08497316,1.589399,1.275306
Netherlands,2011,7.813656,2.214762,1.76072,2.34107
Netherlands,2012,6.910869,2.020512,2.002047,2.455548
Netherlands,2013,0.7258065,2.414882,2.737481,2.506899
Netherlands,2014,-1.474578,-0.05951433,1.421008,0.9760351000000002
Netherlands,2015,-5.327022,0.6483377,1.26856,0.6002482
Netherlands,2016,-5.546759,0.9499921,0.8100381,0.3166667
Netherlands,2017,3.614724,2.664664,0.9867315,1.3814590000000002
Netherlands,2018,8.175308,0.7895858,1.292799,1.703498
Netherlands,2019,7.723552,4.049429,2.005146,2.633699
Netherlands,2020,-9.071114,1.889179,2.125606,1.27246
Netherlands,2021,17.2592,-0.2069365,1.917532,2.67572
Netherlands,2022,70.57054,10.74305,4.249225,10.00121
Norway,1990,9.361222,3.413015,3.924578,4.131033
Norway,1991,8.06738,1.836394,3.494414,3.438196
Norway,1992,1.719722,1.626734,2.587876,2.328085
Norway,1993,3.995419,-0.9554535,2.909769,2.288269
Norway,1994,0.0457578,1.403157,1.546363,1.375675
Norway,1995,5.797876,1.569064,2.403906,2.460368
Norway,1996,-0.7461316,1.556988,2.593819,1.262532
Norway,1997,5.744996,3.365673,2.025065,2.566923
Norway,1998,-3.522499,4.797219,2.463948,2.252413
Norway,1999,2.58948,2.85272,2.227667,2.365967
Norway,2000,11.24628,1.902817,2.387791,3.085506
Norway,2001,9.04464,-1.909484,3.157552,3.004197
Norway,2002,-1.478877,-1.710045,1.963081,1.286725
Norway,2003,17.45352,3.35923,0.9815928,2.487826
Norway,2004,-1.13706,1.81029,0.4044663,0.45449849999999997
Norway,2005,2.715538,1.601331,1.400829,1.532134
Norway,2006,17.57478,1.391874,1.000558,2.32935
Norway,2007,-9.09394,2.705158,1.412969,0.7125891000000001
Norway,2008,17.3886,4.206388,2.474098,3.753931
Norway,2009,-2.968727,4.178063,2.415779,2.197386
Norway,2010,14.64502,0.2082202,1.587101,2.418906
Norway,2011,1.125598,-0.0903424,1.174765,1.284952
Norway,2012,-9.361391,1.211683,1.393234,0.6968641
Norway,2013,9.297017,1.05423,1.673826,2.120486
Norway,2014,-3.122699,3.094333,2.29952,2.041703
Norway,2015,-4.601018,2.889975,2.66289,2.171137
Norway,2016,9.157546,2.575429,3.263332,3.5499999999999994
Norway,2017,7.745854,0.008125457,1.69668,1.875101
Norway,2018,16.90601,2.526812,1.755146,2.7648309999999996
Norway,2019,1.288525,1.061891,2.34082,2.16773
Norway,2020,-20.27003,3.261978,2.665058,1.286585
Norway,2021,44.51904,-2.027489,1.659752,3.483881
Norway,2022,26.3788,6.495117,3.612885,5.7641230000000006
New Zealand,1990,5.369004,7.393204,5.897911,6.098439
New Zealand,1991,3.916739,0.3179494,2.961046,2.602399
New Zealand,1992,2.393454,-0.1362485,1.146132,1.014557
New Zealand,1993,1.827809,1.215898,1.268684,1.28821
New Zealand,1994,-0.1203414,-0.6680504,2.303313,1.745376
New Zealand,1995,2.158287,1.131385,4.318731,3.754941
New Zealand,1996,2.752379,1.328048,2.424182,2.285714
New Zealand,1997,2.221582,2.219024,0.9497558,1.187151
New Zealand,1998,-1.706954,3.546664,1.046262,1.26524
New Zealand,1999,1.171378,0.913514,-0.3711928,-0.1142663
New Zealand,2000,10.30583,1.086421,3.721469,2.615233
New Zealand,2001,-0.1040469,6.66855,2.080408,2.625821
New Zealand,2002,1.665519,2.913907,2.674622,2.6770909999999994
New Zealand,2003,3.992091,-0.4375804,1.965315,1.753576
New Zealand,2004,10.28474,0.3619442,1.972033,2.290249
New Zealand,2005,10.66023,1.236476,2.720511,3.0370210000000006
New Zealand,2006,12.48202,2.977099,2.682173,3.365404
New Zealand,2007,2.936657,3.978256,1.806059,2.376143
New Zealand,2008,13.9782,8.436312,1.88127,3.9589440000000002
New Zealand,2009,-6.169039,6.048652,2.524679,2.115656
New Zealand,2010,7.556321,0.9506096,1.838055,2.302026
New Zealand,2011,12.22099,5.199591,2.679912,4.027903
New Zealand,2012,2.482827,-0.7199844,1.214476,1.059918
New Zealand,2013,1.612368,0.4312034,1.208257,1.134418
New Zealand,2014,1.025774,0.3122561,1.443509,1.227513
New Zealand,2015,-5.004045,-0.05836576,1.106843,0.2927033
New Zealand,2016,-2.707551,-0.6034651,1.346451,0.6462373
New Zealand,2017,4.766385,2.174089,1.391293,1.8507869999999997
New Zealand,2018,7.467355,-0.2402718,1.178968,1.598298
New Zealand,2019,0.9716758,1.079859,1.800121,1.619632
New Zealand,2020,-4.189106,3.180124,2.223668,1.714562
New Zealand,2021,8.547225,1.757765,3.711674,3.9411210000000003
New Zealand,2022,13.43738,8.660672,5.993085,7.172225
Poland,1990,,,,812.15
Poland,1991,,,,71.56667
Poland,1992,,,,42.85
Poland,1993,,,,35.475
Poland,1994,,,,32.19167
Poland,1995,,,,28.125
Poland,1996,19.09236,17.73213,21.46159,19.90833
Poland,1997,17.31026,12.47863,16.16193,14.949999999999998
Poland,1998,15.13568,7.071705,13.84688,11.86667
Poland,1999,8.785114,1.516667,10.08005,7.258333
Poland,2000,13.85894,10.05833,9.22942,10.09167
Poland,2001,6.446907,4.991667,5.637408,5.474999999999999
Poland,2002,4.333308,-0.6583334,2.914409,1.941667
Poland,2003,4.542506,-0.9416667,0.7140132,0.8416666
Poland,2004,5.047301,6.325,1.814153,3.491667
Poland,2005,5.817928,2.166667,1.30114,2.133333
Poland,2006,5.375,0.625,0.05833333,1.033333
Poland,2007,3.766667,4.833333,1.058333,2.491667
Poland,2008,8.4,6.116667,2.35,4.216667
Poland,2009,5.541667,4.058333,2.683333,3.4500000000000006
Poland,2010,6.191667,2.725,1.6,2.583333
Poland,2011,9.091666,5.441667,2.4,4.266667
Poland,2012,7.925,4.341667,2.175,3.7000000000000006
Poland,2013,-1.525,2.016667,1.175,0.9
Poland,2014,-0.9583333,-0.8916667,0.6416667,-0.025000000000000005
Poland,2015,-4.133333,-1.641667,0.325,-0.9333333
Poland,2016,-3.825,0.85,-0.2416667,-0.5833333
Poland,2017,3.241667,4.25,0.725,1.9750000000000003
Poland,2018,3.583333,2.641667,0.725,1.6666669999999997
Poland,2019,-0.3833333,4.941667,1.95,2.308333
Poland,2020,-0.5916666,4.766667,3.883333,3.4
Poland,2021,12.14167,3.183333,4.1,5.1
Poland,2022,29.80833,15.36667,9.066667,14.300000000000002
Portugal,1990,14.1499,14.04899,13.28723,13.63057
Portugal,1991,11.78779,7.827658,14.68438,11.84948
Portugal,1992,4.147695,6.034551,12.41221,9.55926
Portugal,1993,5.494802,0.9216607,10.5557,6.78378
Portugal,1994,3.04835,3.687425,6.609569,5.42044
Portugal,1995,1.158749,2.716444,5.309661,4.222816
Portugal,1996,2.24966,2.032966,3.693491,3.068977
Portugal,1997,4.538263,0.1553968,5.317003,2.336863
Portugal,1998,0.6224476,3.738952,2.332813,2.572752
Portugal,1999,-1.922271,2.170866,2.796002,2.340095
Portugal,2000,6.028116,2.115101,2.843014,2.85303
Portugal,2001,5.090532,6.467128,3.543171,4.369903
Portugal,2002,1.192319,1.526019,4.761362,3.6003470000000006
Portugal,2003,4.906054,2.311441,3.360659,3.2189910000000004
Portugal,2004,5.354385,1.120331,2.514371,2.365362
Portugal,2005,9.881003,-0.5667142,2.683104,2.277164
Portugal,2006,8.029418,2.690624,2.917926,3.107666
Portugal,2007,3.524948,2.449201,2.353314,2.453965
Portugal,2008,6.505333,3.715796,1.988089,2.588506
Portugal,2009,-7.800646,-3.442446,1.124839,-0.83553
Portugal,2010,9.46567,-0.2437629,0.991598,1.402573
Portugal,2011,12.71838,2.09676,2.829323,3.653011
Portugal,2012,9.591326,3.201035,1.451571,2.773339
Portugal,2013,-0.6623322,1.938998,0.1891651,0.2744167
Portugal,2014,-1.381984,-1.341978,0.07402602,-0.2781534
Portugal,2015,-3.610388,1.014125,0.6640791,0.48793859999999994
Portugal,2016,-1.834024,0.4900368,0.7381353,0.6073971
Portugal,2017,3.518661,1.531673,1.088435,1.368614
Portugal,2018,4.682087,0.7379626,0.6680828,0.9937157
Portugal,2019,-1.76969,0.3150017,0.4888774,0.33817840000000005
Portugal,2020,-5.032021,2.087344,-0.03927258,-0.01243833
Portugal,2021,7.276162,0.7357428,0.7520847,1.265657
Portugal,2022,23.6833,12.99107,5.616037,7.832691
Russia,1993,,,,874.2458
Russia,1994,,,,307.7226
Russia,1995,,,,197.4143
Russia,1996,,,,47.752010000000006
Russia,1997,,,,14.76132
Russia,1998,,,,27.685690000000005
Russia,1999,,,,85.74649
Russia,2000,,,,20.79877
Russia,2001,,,,21.477009999999996
Russia,2002,,,,15.78873
Russia,2003,,,,13.663289999999998
Russia,2004,,,,10.88861
Russia,2005,,13.39099,,12.68531
Russia,2006,,9.194246,,9.668655
Russia,2007,,8.795462,,9.007296
Russia,2008,,21.119,,14.11077
Russia,2009,,11.61499,,11.647330000000002
Russia,2010,,6.586539,,6.849391999999999
Russia,2011,,10.86046,,8.440471
Russia,2012,5.736667,3.286241,5.863333,5.074733
Russia,2013,10.22917,6.152152,6.5775,6.753716999999999
Russia,2014,8.033334,9.962452,6.794167,7.823415999999999
Russia,2015,6.699167,20.9856,14.15,15.5344
Russia,2016,5.963333,5.764262,7.863333,7.0424359999999995
Russia,2017,5.125,2.700896,3.975,3.683334
Russia,2018,6.585834,1.616422,2.971667,2.8783049999999997
Russia,2019,4.665833,5.672521,3.82,4.470367
Russia,2020,2.46,4.325421,3.010833,3.38166
Russia,2021,5.109167,9.604795,5.456666,6.694456
Saudi Arabia,1996,,,,1.22207
Saudi Arabia,1997,,,,0.05715102
Saudi Arabia,1998,,,,-0.3712695
Saudi Arabia,1999,,,,-1.333755
Saudi Arabia,2000,,,,-1.125
Saudi Arabia,2001,,,,-1.120944
Saudi Arabia,2002,,,,0.24718720000000002
Saudi Arabia,2003,,,,0.6121929
Saudi Arabia,2004,,,,0.5155075
Saudi Arabia,2005,,,,0.4792332000000001
Saudi Arabia,2006,,,,2.20902
Saudi Arabia,2007,,,,4.167827
Saudi Arabia,2008,,,,9.870246
Saudi Arabia,2009,,,,5.057225
Saudi Arabia,2010,,,,5.339416
Saudi Arabia,2011,,,,5.826217
Saudi Arabia,2012,,4.439532,,2.86627
Saudi Arabia,2013,,5.869838,,3.532522
Saudi Arabia,2014,,1.373916,,2.23629
Saudi Arabia,2015,,0.6291506,,1.206073
Saudi Arabia,2016,,-1.309482,,2.06884
Saudi Arabia,2017,,-0.8270862,,-0.8381946
Saudi Arabia,2018,,6.466925,,2.458142
Saudi Arabia,2019,,2.079983,,-2.093333
Saudi Arabia,2020,,9.012465,,3.445458
Saudi Arabia,2021,,5.389517,,3.06329
Saudi Arabia,2022,,3.720494,,2.474074
Slovakia,1991,,51.92009,,
Slovakia,1992,,7.466394,,9.893497
Slovakia,1993,,20.58464,,23.28703
Slovakia,1994,,17.1609,,13.41552
Slovakia,1995,,12.53007,,9.841098
Slovakia,1996,5.082568,4.10502,6.607462,5.775833000000001
Slovakia,1997,4.233994,5.676497,6.679466,6.1419880000000004
Slovakia,1998,3.566827,5.837997,7.586329,6.665648
Slovakia,1999,42.69183,2.724936,9.003027,10.57045
Slovakia,2000,42.48677,5.248105,9.825793,12.03578
Slovakia,2001,12.88881,6.081531,7.007421,7.329631
Slovakia,2002,1.721513,1.453136,4.022262,3.127133
Slovakia,2003,18.63955,3.381873,8.089734,8.554143
Slovakia,2004,13.9248,4.802956,7.104228,7.548500999999999
Slovakia,2005,7.684153,-1.373384,2.88676,2.709085
Slovakia,2006,12.15516,1.422295,3.482324,4.483331
Slovakia,2007,0.8115351,3.986784,2.932179,2.756724
Slovakia,2008,4.204142,7.667867,3.972507,4.59818
Slovakia,2009,-1.258133,-3.232999,3.43864,1.615105
Slovakia,2010,-1.255334,1.606126,1.029089,0.9570181
Slovakia,2011,10.4691,6.056159,2.042142,3.919286
Slovakia,2012,5.68764,4.194705,2.965561,3.6061029999999996
Slovakia,2013,-0.9090776,3.524867,1.439277,1.400474
Slovakia,2014,-2.243712,-0.7987407,0.5533596,-0.07616533
Slovakia,2015,-4.004848,-0.2879812,0.4461298,-0.3252198
Slovakia,2016,-3.545084,-2.782035,0.6135518,-0.5200102
Slovakia,2017,-2.480407,3.971141,1.295944,1.311946
Slovakia,2018,2.960633,3.895271,2.033243,2.514037
Slovakia,2019,4.21691,4.001796,2.025761,2.664561
Slovakia,2020,-0.01452484,2.520237,2.159532,1.936941
Slovakia,2021,0.05602207,1.826604,4.076565,3.149606
Slovakia,2022,18.77599,18.62593,9.672492,12.77415
Slovenia,1990,,,,552.0835
Slovenia,1991,,,,114.8329
Slovenia,1992,,,,209.9338
Slovenia,1993,,,,31.76213
Slovenia,1994,,,,20.99182
Slovenia,1995,,,,13.46372
Slovenia,1996,11.50015,9.637886,,9.864456
Slovenia,1997,15.84158,8.553055,,8.359679
Slovenia,1998,11.35349,8.214849,,7.891166000000001
Slovenia,1999,9.840761,3.740876,,6.155587999999999
Slovenia,2000,25.14017,-13.8461,7.271945,8.911745
Slovenia,2001,12.50427,9.128085,7.303232,8.379666
Slovenia,2002,4.205308,7.512674,8.09603,7.480778
Slovenia,2003,3.469388,4.464705,6.300676,5.544163999999999
Slovenia,2004,6.878142,0.5275978,3.937412,3.592976
Slovenia,2005,11.86918,-1.006018,1.740392,2.451501
Slovenia,2006,8.209816,2.277262,1.414113,2.457924
Slovenia,2007,3.087962,8.023774,2.761613,3.657496
Slovenia,2008,10.6031,10.01712,3.68685,5.647424
Slovenia,2009,-3.487414,0.4886568,1.799425,0.8392622
Slovenia,2010,13.15584,0.7018777,0.224624,1.80117
Slovenia,2011,8.426538,4.386577,-0.01465404,1.802852
Slovenia,2012,8.371892,4.107374,1.15439,2.597414
Slovenia,2013,2.203717,3.59731,1.253718,1.769201
Slovenia,2014,-1.409617,-0.3032588,0.6489789,0.1993438
Slovenia,2015,-6.703363,0.8327171,0.3554314,-0.5255523
Slovenia,2016,-4.634167,0.9191743,0.5500092,-0.05499953999999999
Slovenia,2017,4.114856,2.224571,0.7765751,1.429107
Slovenia,2018,5.708027,2.674561,0.8355607,1.738609
Slovenia,2019,1.195722,1.600227,1.715996,1.630523
Slovenia,2020,-9.661449,3.519409,0.6879686,-0.05485681
Slovenia,2021,11.07685,-0.1982257,1.083035,1.917065
Slovenia,2022,23.14555,12.2492,5.815667,8.833699
Sweden,1990,32.75072,7.200728,8.833699,10.36655
Sweden,1991,7.76703,4.538617,10.74184,9.444628
Sweden,1992,-0.146743,-5.143964,4.254207,2.374367
Sweden,1993,13.34009,0.7048617,4.513829,4.728173
Sweden,1994,0.5251583,1.729578,2.439257,2.158138
Sweden,1995,1.777948,1.429837,2.692443,2.455149
Sweden,1996,6.327933,-6.952962,1.438249,0.533132
Sweden,1997,5.056517,0.3798945,0.2381281,0.6584103
Sweden,1998,-0.01732461,1.132343,-0.5439603,-0.2671327
Sweden,1999,-0.1197416,1.476295,0.345094,0.4621758
Sweden,2000,7.583577,0.004425301,0.3381326,0.8991438
Sweden,2001,6.971029,2.871893,1.840993,2.405958
Sweden,2002,1.561913,3.245892,1.990745,2.158482
Sweden,2003,11.9715,0.3194189,1.094301,1.925655
Sweden,2004,3.042522,-0.4350339,0.1766031,0.3736598
Sweden,2005,5.474891,-0.6858172,0.005167173,0.4531709
Sweden,2006,7.556505,0.7630034,0.7492014,1.360215
Sweden,2007,0.1926078,2.027142,2.557605,2.212169
Sweden,2008,10.66057,6.910451,2.072597,3.437049
Sweden,2009,-1.67261,2.891471,-0.9521449,-0.4944606
Sweden,2010,6.548708,1.448437,0.5114896,1.157988
Sweden,2011,5.168372,1.278574,3.009032,2.9611509999999996
Sweden,2012,0.2193189,1.484436,0.8686122,0.8883775000000002
Sweden,2013,-1.846099,2.208925,-0.2368044,-0.04429297000000001
Sweden,2014,-2.455462,0.3711362,-0.02457442,-0.1796385
Sweden,2015,-4.895354,2.330265,0.02402181,-0.04678474
Sweden,2016,1.284253,1.054343,0.8972504,0.9842692999999999
Sweden,2017,5.778784,2.143203,1.372794,1.794499
Sweden,2018,10.51848,2.374619,1.092646,1.9535349999999998
Sweden,2019,3.11126,2.808117,1.519436,1.7841510000000003
Sweden,2020,-9.699144,2.130478,1.190226,0.4973673
Sweden,2021,16.98293,0.4100209,1.297687,2.163197
Sweden,2022,32.88091,11.31442,5.815393,8.369291
Turkiye,1990,,64.35194,,60.30389
Turkiye,1991,,67.11088,,65.97855
Turkiye,1992,,71.33757,,70.0761
Turkiye,1993,,63.50689,,66.09385
Turkiye,1994,115.3654,111.8735,102.38,105.21499999999999
Turkiye,1995,79.46324,96.8,86.22385,89.11331
Turkiye,1996,105.1087,71.61246,80.7966,80.41214
Turkiye,1997,82.88199,90.91986,83.51692,85.66936
Turkiye,1998,64.1665,84.48227,87.78376,84.64133
Turkiye,1999,74.5984,47.54562,71.50717,64.86748
Turkiye,2000,56.35121,46.63128,57.99585,54.91538
Turkiye,2001,92.19363,49.08218,51.14661,54.40018
Turkiye,2002,45.65527,49.58293,43.15623,44.96412
Turkiye,2003,18.22097,22.65609,21.84685,21.60244
Turkiye,2004,4.700912,6.81411,10.30842,8.598262
Turkiye,2005,14.70722,4.927523,8.503502,8.17916
Turkiye,2006,11.25613,9.6956,9.24282,9.597242
Turkiye,2007,6.274207,12.4168,7.517527,8.756181
Turkiye,2008,22.38745,12.78723,7.080234,10.44413
Turkiye,2009,5.129299,8.020913,5.667104,6.250977
Turkiye,2010,10.53803,10.57828,7.23454,8.566444
Turkiye,2011,9.853599,6.237916,5.928622,6.471879
Turkiye,2012,13.87307,8.412743,8.066599,8.89157
Turkiye,2013,7.485767,9.100129,6.806795,7.49309
Turkiye,2014,2.519825,12.61687,8.613876,8.854572
Turkiye,2015,-1.938833,11.14611,8.070165,7.670854000000001
Turkiye,2016,2.696053,5.787715,9.336447,7.775134
Turkiye,2017,10.46632,12.69911,10.77533,11.144309999999999
Turkiye,2018,19.31126,17.96241,15.26311,16.33246
Turkiye,2019,13.60059,19.53582,13.89549,15.17682
Turkiye,2020,7.802782,13.849,12.38562,12.27896
Turkiye,2021,21.74112,24.27593,17.44253,19.59649
Turkiye,2022,126.6425,85.64528,58.60038,72.30884
United States,1990,8.243505,6.528011,5.026814,5.397956
United States,1991,0.3509918,2.664063,4.909259,4.234964
United States,1992,0.5368472,0.723882,3.65918,3.02882
United States,1993,1.116505,2.363116,3.303728,2.9516569999999995
United States,1994,0.456073,2.873803,2.853075,2.607442
United States,1995,0.5894066,3.238866,2.992227,2.80542
United States,1996,4.648032,3.731092,2.703681,2.9312039999999997
United States,1997,1.256053,2.489739,2.385866,2.33769
United States,1998,-7.749215,1.891764,2.286023,1.5522789999999997
United States,1999,3.6371,1.908358,2.076324,2.188027
United States,2000,16.8751,2.238011,2.434316,3.3768569999999998
United States,2001,3.758443,3.266157,2.67065,2.826171
United States,2002,-5.891073,1.297827,2.319126,1.586032
United States,2003,12.17725,2.149568,1.457075,2.270095
United States,2004,10.91642,3.785943,1.759607,2.677237
United States,2005,16.94831,1.929102,2.169951,3.392747
United States,2006,11.18799,1.760857,2.501348,3.225944
United States,2007,5.519155,4.209027,2.33707,2.852673
United States,2008,13.93344,6.400242,2.297935,3.8391
United States,2009,-18.39721,0.4662382,1.699436,-0.35554630000000004
United States,2010,9.487447,0.3309727,0.9585605,1.6400429999999997
United States,2011,15.35126,4.802269,1.658561,3.1568419999999997
United States,2012,0.8902224,2.463743,2.110004,2.069337
United States,2013,-0.6790125,0.9040795,1.763072,1.4648329999999998
United States,2014,-0.3379915,2.407607,1.749671,1.622223
United States,2015,-16.7041,1.167711,1.828419,0.1186271
United States,2016,-6.584728,-1.325349,2.210902,1.261583
United States,2017,7.916659,-0.2021815,1.84449,2.13011
United States,2018,7.529873,0.4555647,2.139733,2.442583
United States,2019,-2.11295,0.8851313,2.19197,1.81221
United States,2020,-8.520787,3.50503,1.702817,1.233584
United States,2021,21.0082,3.469165,3.572036,4.697859
United States,2022,25.1509,11.43888,6.150387,8.0028
South Africa,1990,,16.00427,,14.32099
South Africa,1991,,19.6367,,15.33477
South Africa,1992,,25.25466,,13.874699999999999
South Africa,1993,,6.797606,,9.717446
South Africa,1994,,13.73563,,8.938547
South Africa,1995,,8.741789,,8.680426
South Africa,1996,,6.052509,,7.354126
South Africa,1997,,9.464344,,8.59777
South Africa,1998,,6.164315,,6.880553
South Africa,1999,,4.892073,,5.181491
South Africa,2000,,7.818117,,5.338953
South Africa,2001,,5.375896,,5.701899999999999
South Africa,2002,,17.39384,,9.49471
South Africa,2003,1.41774,8.164466,5.409384,5.679419
South Africa,2004,8.44298,1.424472,-1.566742,-0.692031
South Africa,2005,10.55094,1.688553,1.681269,2.06285
South Africa,2006,9.278964,5.956535,2.326159,3.2439060000000004
South Africa,2007,8.558517,9.995976,5.208043,6.177805
South Africa,2008,26.78758,15.64184,7.766054,10.07458
South Africa,2009,-2.461501,9.363023,7.448225,7.215314
South Africa,2010,15.38567,1.201602,3.996004,4.08973
South Africa,2011,18.9452,7.091029,3.48696,4.999267
South Africa,2012,14.25149,7.160456,4.641774,5.724658000000001
South Africa,2013,10.61003,5.647363,5.219733,5.784468999999999
South Africa,2014,7.167137,7.997824,5.526362,6.129838
South Africa,2015,-2.344368,4.974811,5.344375,4.540642
South Africa,2016,5.209356,11.64967,5.493208,6.571396
South Africa,2017,6.485185,6.834301,4.586809,5.184247
South Africa,2018,10.34624,3.14826,4.161757,4.517165
South Africa,2019,5.212743,3.549488,4.124458,4.120246
South Africa,2020,-0.09177165,4.388361,3.359348,3.210036
South Africa,2021,14.31061,6.098331,3.119678,4.611672
South Africa,2022,23.59661,9.284925,4.556124,7.039727
